# Blender 4.5.3 LTS
# www.blender.org
mtllib EBox.mtl
o Enclosure_16_x_16_x_8
v -0.195109 -0.001557 -0.196344
v 0.203200 0.002458 -0.195084
v 0.203201 0.139512 -0.195058
v -0.195084 0.002458 -0.203200
v 0.203200 0.002458 0.195084
v -0.195084 0.002458 0.203200
v -0.203199 0.139496 -0.195067
v 0.196345 -0.001557 0.195105
v -0.203200 0.002458 -0.195084
v -0.195225 0.144301 -0.195225
v -0.203201 0.139507 0.195064
v -0.203200 0.002458 0.195084
v -0.195225 0.144302 0.195225
v 0.194962 -0.001567 -0.196311
v 0.195225 0.144302 -0.195225
v 0.195225 0.144301 0.195225
v 0.203199 0.139493 0.195067
v 0.195084 0.002458 0.203200
v 0.195059 0.139512 0.203201
v 0.195069 0.139494 -0.203199
v -0.195059 0.139512 -0.203201
v -0.195069 0.139494 0.203199
v -0.195063 -0.001571 0.196258
v 0.195084 0.002458 -0.203200
v 0.196667 0.002458 -0.203044
v 0.196736 0.001642 -0.202861
v 0.195084 0.001666 -0.203044
v 0.198190 0.002458 -0.202582
v 0.198271 0.001641 -0.202367
v 0.199593 0.002458 -0.201832
v 0.199598 0.001648 -0.201631
v 0.200823 0.002458 -0.200823
v 0.200705 0.001652 -0.200712
v 0.196737 0.000867 -0.202365
v 0.195084 0.000905 -0.202582
v 0.198233 0.000887 -0.201872
v 0.199450 0.000935 -0.201210
v 0.200418 0.000962 -0.200419
v 0.196714 0.000197 -0.201623
v 0.195084 0.000203 -0.201832
v 0.198135 0.000274 -0.201206
v 0.199676 0.000431 -0.200438
v 0.196201 -0.000367 -0.200819
v 0.198025 -0.000431 -0.200008
v 0.199417 0.000024 -0.199946
v 0.203044 0.001666 -0.195084
v 0.202861 0.001632 -0.196716
v 0.203044 0.002458 -0.196667
v 0.202582 0.000905 -0.195084
v 0.202367 0.000864 -0.196718
v 0.201832 0.000203 -0.195084
v 0.201631 0.000201 -0.196704
v 0.200768 -0.000381 -0.196285
v 0.202365 0.001632 -0.198267
v 0.202582 0.002458 -0.198190
v 0.201872 0.000883 -0.198226
v 0.201210 0.000275 -0.198131
v 0.200011 -0.000430 -0.198025
v 0.201623 0.001643 -0.199606
v 0.201832 0.002458 -0.199593
v 0.201206 0.000932 -0.199451
v 0.200695 0.000385 -0.199231
v 0.199701 -0.000210 -0.199134
v 0.196715 -0.001485 -0.196272
v 0.196313 -0.001223 -0.198318
v 0.196285 -0.000842 -0.199681
v 0.198259 -0.001226 -0.196396
v 0.198226 -0.000936 -0.198233
v 0.199635 -0.000866 -0.196239
v 0.196334 -0.001484 0.196655
v 0.198258 -0.001243 0.196261
v 0.199624 -0.000853 0.196360
v 0.200782 -0.000394 0.196147
v 0.196329 -0.001248 0.198201
v 0.198233 -0.000936 0.198226
v 0.200008 -0.000431 0.198025
v 0.196301 -0.000877 0.199580
v 0.198025 -0.000430 0.200011
v 0.199134 -0.000210 0.199701
v 0.199946 0.000024 0.199417
v 0.196217 -0.000410 0.200732
v 0.203044 0.002458 0.196667
v 0.202861 0.001642 0.196736
v 0.203044 0.001666 0.195084
v 0.202582 0.002458 0.198190
v 0.202367 0.001641 0.198271
v 0.201832 0.002458 0.199593
v 0.201631 0.001648 0.199598
v 0.200823 0.002458 0.200823
v 0.200712 0.001652 0.200705
v 0.202365 0.000867 0.196737
v 0.202582 0.000905 0.195084
v 0.201872 0.000887 0.198233
v 0.201210 0.000935 0.199450
v 0.200419 0.000962 0.200418
v 0.201623 0.000197 0.196714
v 0.201832 0.000203 0.195084
v 0.201206 0.000274 0.198135
v 0.200438 0.000431 0.199676
v 0.195084 0.001666 0.203044
v 0.196716 0.001632 0.202861
v 0.196667 0.002458 0.203044
v 0.195084 0.000905 0.202582
v 0.196718 0.000864 0.202367
v 0.195084 0.000204 0.201832
v 0.196704 0.000201 0.201631
v 0.198267 0.001632 0.202365
v 0.198190 0.002458 0.202582
v 0.198226 0.000883 0.201872
v 0.198131 0.000275 0.201210
v 0.199606 0.001643 0.201623
v 0.199593 0.002458 0.201832
v 0.199451 0.000932 0.201206
v 0.199231 0.000385 0.200695
v -0.195084 0.001666 -0.203044
v -0.196716 0.001632 -0.202861
v -0.196667 0.002458 -0.203044
v -0.195084 0.000905 -0.202582
v -0.196718 0.000864 -0.202367
v -0.195084 0.000203 -0.201832
v -0.196704 0.000201 -0.201631
v -0.196217 -0.000410 -0.200732
v -0.198267 0.001632 -0.202365
v -0.198190 0.002458 -0.202582
v -0.198226 0.000883 -0.201872
v -0.198131 0.000275 -0.201210
v -0.198025 -0.000430 -0.200011
v -0.199606 0.001643 -0.201623
v -0.199593 0.002458 -0.201832
v -0.199451 0.000932 -0.201206
v -0.199231 0.000385 -0.200695
v -0.199134 -0.000210 -0.199701
v -0.200712 0.001652 -0.200705
v -0.200823 0.002458 -0.200823
v -0.200419 0.000962 -0.200418
v -0.200438 0.000431 -0.199676
v -0.199946 0.000024 -0.199417
v -0.196725 -0.001484 -0.196263
v -0.198318 -0.001223 -0.196313
v -0.199681 -0.000842 -0.196285
v -0.200819 -0.000367 -0.196201
v -0.196329 -0.001248 -0.198201
v -0.198233 -0.000936 -0.198226
v -0.200008 -0.000431 -0.198025
v -0.196301 -0.000877 -0.199580
v -0.203044 0.002458 -0.196667
v -0.202861 0.001642 -0.196736
v -0.203044 0.001666 -0.195084
v -0.202582 0.002458 -0.198190
v -0.202367 0.001641 -0.198271
v -0.201832 0.002458 -0.199593
v -0.201631 0.001648 -0.199598
v -0.202365 0.000867 -0.196737
v -0.202582 0.000905 -0.195084
v -0.201872 0.000887 -0.198233
v -0.201210 0.000935 -0.199450
v -0.201623 0.000197 -0.196714
v -0.201832 0.000203 -0.195084
v -0.201206 0.000274 -0.198135
v -0.196667 0.002458 0.203044
v -0.196736 0.001642 0.202861
v -0.195084 0.001666 0.203044
v -0.198190 0.002458 0.202582
v -0.198271 0.001641 0.202367
v -0.199593 0.002458 0.201832
v -0.199598 0.001648 0.201631
v -0.200823 0.002458 0.200823
v -0.200705 0.001652 0.200712
v -0.196737 0.000867 0.202365
v -0.195084 0.000905 0.202582
v -0.198233 0.000887 0.201872
v -0.199450 0.000935 0.201210
v -0.200418 0.000962 0.200419
v -0.196714 0.000197 0.201623
v -0.195084 0.000203 0.201832
v -0.198135 0.000274 0.201206
v -0.199676 0.000431 0.200438
v -0.196201 -0.000367 0.200819
v -0.198025 -0.000431 0.200008
v -0.199417 0.000024 0.199946
v -0.203044 0.001666 0.195084
v -0.202861 0.001632 0.196716
v -0.203044 0.002458 0.196667
v -0.202582 0.000905 0.195084
v -0.202367 0.000864 0.196718
v -0.201832 0.000204 0.195084
v -0.201631 0.000201 0.196704
v -0.200731 -0.000410 0.196217
v -0.202365 0.001632 0.198267
v -0.202582 0.002458 0.198190
v -0.201872 0.000883 0.198226
v -0.201210 0.000275 0.198131
v -0.200011 -0.000430 0.198025
v -0.201623 0.001643 0.199606
v -0.201832 0.002458 0.199593
v -0.201206 0.000932 0.199451
v -0.200695 0.000385 0.199231
v -0.199701 -0.000210 0.199134
v -0.196713 -0.001470 0.196399
v -0.196313 -0.001223 0.198318
v -0.196285 -0.000842 0.199681
v -0.198201 -0.001248 0.196329
v -0.198226 -0.000936 0.198233
v -0.199580 -0.000877 0.196301
v -0.195209 0.140330 0.203055
v -0.196719 0.140328 0.202864
v -0.196638 0.139404 0.203038
v -0.195311 0.141195 0.202595
v -0.196739 0.141189 0.202387
v -0.195135 0.142011 0.201883
v -0.196743 0.141949 0.201670
v -0.195154 0.142730 0.200893
v -0.196752 0.142596 0.200768
v -0.198261 0.140279 0.202359
v -0.198150 0.139326 0.202577
v -0.198237 0.141121 0.201884
v -0.198159 0.141821 0.201238
v -0.198077 0.142655 0.200057
v -0.199595 0.140239 0.201612
v -0.199551 0.139268 0.201829
v -0.199457 0.141042 0.201212
v -0.199252 0.141674 0.200716
v -0.199176 0.142376 0.199738
v -0.200699 0.140220 0.200692
v -0.200787 0.139237 0.200820
v -0.200423 0.141001 0.200421
v -0.200458 0.141615 0.199695
v -0.199980 0.142094 0.199448
v -0.196742 0.144115 0.195471
v -0.196845 0.143956 0.196825
v -0.195209 0.144135 0.196792
v -0.198298 0.143813 0.195192
v -0.198362 0.143616 0.196810
v -0.199682 0.143338 0.195173
v -0.199672 0.143153 0.196778
v -0.200893 0.142730 0.195154
v -0.200761 0.142600 0.196752
v -0.196828 0.143614 0.198358
v -0.195192 0.143813 0.198298
v -0.198308 0.143277 0.198300
v -0.200055 0.142656 0.198077
v -0.196787 0.143148 0.199680
v -0.195173 0.143338 0.199682
v -0.203036 0.139385 0.196660
v -0.202863 0.140316 0.196739
v -0.203053 0.140361 0.195131
v -0.202573 0.139321 0.198161
v -0.202361 0.140269 0.198265
v -0.201822 0.139238 0.199569
v -0.201620 0.140234 0.199587
v -0.202385 0.141186 0.196757
v -0.202614 0.141210 0.195116
v -0.201884 0.141117 0.198245
v -0.201215 0.141039 0.199456
v -0.201662 0.141953 0.196753
v -0.201883 0.142011 0.195135
v -0.201235 0.141822 0.198164
v 0.195209 0.140330 -0.203055
v 0.196719 0.140328 -0.202864
v 0.196638 0.139404 -0.203038
v 0.195311 0.141195 -0.202595
v 0.196739 0.141189 -0.202387
v 0.195135 0.142011 -0.201883
v 0.196743 0.141949 -0.201670
v 0.195154 0.142730 -0.200893
v 0.196752 0.142596 -0.200768
v 0.198261 0.140279 -0.202359
v 0.198150 0.139326 -0.202577
v 0.198237 0.141121 -0.201884
v 0.198159 0.141821 -0.201238
v 0.198077 0.142655 -0.200057
v 0.199595 0.140239 -0.201612
v 0.199551 0.139268 -0.201829
v 0.199457 0.141042 -0.201212
v 0.199252 0.141674 -0.200716
v 0.199176 0.142376 -0.199738
v 0.200699 0.140220 -0.200692
v 0.200787 0.139237 -0.200820
v 0.200423 0.141001 -0.200421
v 0.200458 0.141615 -0.199695
v 0.199980 0.142094 -0.199448
v 0.196802 0.144109 -0.195433
v 0.196845 0.143956 -0.196825
v 0.195209 0.144135 -0.196792
v 0.198298 0.143813 -0.195192
v 0.198362 0.143616 -0.196810
v 0.199682 0.143338 -0.195173
v 0.199672 0.143153 -0.196778
v 0.200893 0.142730 -0.195154
v 0.200761 0.142600 -0.196752
v 0.196828 0.143614 -0.198358
v 0.195192 0.143813 -0.198298
v 0.198308 0.143277 -0.198300
v 0.200055 0.142656 -0.198077
v 0.196787 0.143148 -0.199680
v 0.195173 0.143338 -0.199682
v 0.203036 0.139385 -0.196660
v 0.202863 0.140316 -0.196739
v 0.203048 0.140369 -0.195143
v 0.202569 0.139303 -0.198177
v 0.202361 0.140269 -0.198265
v 0.201809 0.139250 -0.199584
v 0.201620 0.140234 -0.199587
v 0.202385 0.141186 -0.196757
v 0.202614 0.141210 -0.195116
v 0.201884 0.141117 -0.198245
v 0.201215 0.141039 -0.199456
v 0.201662 0.141953 -0.196753
v 0.201883 0.142011 -0.195135
v 0.201235 0.141822 -0.198164
v -0.196660 0.139385 -0.203036
v -0.196739 0.140316 -0.202863
v -0.195144 0.140369 -0.203048
v -0.198177 0.139303 -0.202569
v -0.198265 0.140269 -0.202361
v -0.199584 0.139250 -0.201809
v -0.199587 0.140234 -0.201620
v -0.200820 0.139237 -0.200787
v -0.200692 0.140220 -0.200699
v -0.196757 0.141186 -0.202385
v -0.195116 0.141210 -0.202614
v -0.198245 0.141117 -0.201884
v -0.199456 0.141039 -0.201215
v -0.200421 0.141001 -0.200423
v -0.196753 0.141953 -0.201662
v -0.195135 0.142011 -0.201883
v -0.198164 0.141822 -0.201235
v -0.199695 0.141615 -0.200458
v -0.196752 0.142600 -0.200761
v -0.195154 0.142730 -0.200893
v -0.198077 0.142656 -0.200055
v -0.199448 0.142094 -0.199980
v -0.203050 0.140338 -0.195221
v -0.202864 0.140328 -0.196719
v -0.203038 0.139404 -0.196638
v -0.202614 0.141210 -0.195116
v -0.202387 0.141189 -0.196739
v -0.201883 0.142011 -0.195135
v -0.201670 0.141949 -0.196743
v -0.200893 0.142730 -0.195154
v -0.200768 0.142596 -0.196752
v -0.202359 0.140279 -0.198261
v -0.202577 0.139326 -0.198150
v -0.201884 0.141121 -0.198237
v -0.201238 0.141821 -0.198159
v -0.200057 0.142655 -0.198077
v -0.201612 0.140239 -0.199595
v -0.201829 0.139268 -0.199552
v -0.201212 0.141042 -0.199457
v -0.200716 0.141674 -0.199252
v -0.199738 0.142376 -0.199176
v -0.195378 0.144123 -0.196756
v -0.196825 0.143956 -0.196845
v -0.196852 0.144115 -0.195293
v -0.195192 0.143813 -0.198298
v -0.196810 0.143616 -0.198362
v -0.195173 0.143338 -0.199682
v -0.196778 0.143153 -0.199672
v -0.198358 0.143614 -0.196828
v -0.198298 0.143813 -0.195192
v -0.198300 0.143277 -0.198308
v -0.199680 0.143148 -0.196787
v -0.199682 0.143338 -0.195173
v 0.196660 0.139385 0.203036
v 0.196739 0.140316 0.202863
v 0.195144 0.140369 0.203048
v 0.198177 0.139303 0.202569
v 0.198265 0.140269 0.202361
v 0.199584 0.139250 0.201809
v 0.199587 0.140234 0.201620
v 0.200820 0.139237 0.200787
v 0.200692 0.140220 0.200699
v 0.196757 0.141186 0.202385
v 0.195116 0.141210 0.202614
v 0.198245 0.141117 0.201884
v 0.199456 0.141039 0.201215
v 0.200421 0.141001 0.200423
v 0.196753 0.141953 0.201662
v 0.195135 0.142011 0.201883
v 0.198164 0.141822 0.201235
v 0.199695 0.141615 0.200458
v 0.196752 0.142600 0.200761
v 0.195154 0.142730 0.200893
v 0.198077 0.142656 0.200055
v 0.199448 0.142094 0.199980
v 0.203055 0.140330 0.195208
v 0.202864 0.140328 0.196719
v 0.203038 0.139404 0.196638
v 0.202614 0.141210 0.195116
v 0.202387 0.141189 0.196739
v 0.201883 0.142011 0.195135
v 0.201670 0.141949 0.196743
v 0.200893 0.142730 0.195154
v 0.200768 0.142596 0.196752
v 0.202359 0.140279 0.198261
v 0.202577 0.139326 0.198150
v 0.201884 0.141121 0.198237
v 0.201238 0.141821 0.198159
v 0.200057 0.142655 0.198077
v 0.201612 0.140239 0.199595
v 0.201829 0.139268 0.199552
v 0.201212 0.141042 0.199457
v 0.200716 0.141674 0.199252
v 0.199738 0.142376 0.199176
v 0.195378 0.144123 0.196756
v 0.196825 0.143956 0.196845
v 0.196748 0.144128 0.195344
v 0.195192 0.143813 0.198298
v 0.196810 0.143616 0.198362
v 0.195173 0.143338 0.199682
v 0.196778 0.143153 0.199672
v 0.198358 0.143614 0.196828
v 0.198298 0.143813 0.195192
v 0.198300 0.143277 0.198308
v 0.199680 0.143148 0.196787
v 0.199682 0.143338 0.195173
v -0.202593 0.141095 -0.162073
v -0.201856 0.141866 -0.161486
v -0.200864 0.142574 -0.160691
v -0.199655 0.143193 -0.159725
v -0.198276 0.143697 -0.158622
v -0.202593 0.141095 0.162076
v -0.201856 0.141866 0.161485
v -0.200864 0.142574 0.160690
v -0.199655 0.143193 0.159724
v -0.198276 0.143698 0.158620
v 0.198276 0.143697 -0.158620
v 0.199655 0.143193 -0.159723
v 0.200864 0.142574 -0.160690
v 0.201856 0.141866 -0.161485
v 0.202593 0.141095 -0.162076
v 0.199655 0.143193 0.159725
v 0.198276 0.143698 0.158622
v 0.200864 0.142574 0.160690
v 0.201856 0.141866 0.161483
v 0.202593 0.141095 0.162077
v -0.154216 0.143698 0.198276
v -0.155289 0.143193 0.199655
v -0.156227 0.142574 0.200864
v 0.154216 0.143697 -0.198276
v 0.155289 0.143193 -0.199655
v 0.156227 0.142574 -0.200864
v 0.154214 0.143698 0.198276
v 0.155286 0.143193 0.199655
v 0.156226 0.142574 0.200864
v 0.156999 0.141866 0.201856
v 0.157574 0.141095 0.202593
v -0.156998 0.141866 0.201856
v -0.153051 0.144069 0.196780
v -0.154214 0.143697 -0.198276
v -0.155286 0.143193 -0.199655
v -0.156226 0.142574 -0.200864
v -0.156999 0.141866 -0.201856
v -0.157574 0.141095 -0.202593
v 0.156998 0.141866 -0.201856
v 0.153051 0.144069 -0.196780
v -0.203200 0.147307 -0.195033
v -0.203200 0.168169 -0.195033
v 0.203200 0.147307 -0.195033
v 0.203200 0.168169 -0.195033
v -0.195033 0.147307 0.203200
v -0.195033 0.168169 0.203200
v 0.196301 0.172209 0.195058
v 0.195033 0.168169 -0.203200
v 0.195033 0.147307 -0.203200
v -0.189814 0.139722 -0.198998
v -0.195033 0.168169 -0.203200
v -0.195033 0.147307 -0.203200
v -0.196301 0.172209 -0.195058
v 0.195033 0.147307 0.203200
v 0.195033 0.168169 0.203200
v 0.196215 0.172223 -0.195012
v -0.196215 0.172223 0.195012
v -0.203200 0.147307 0.195033
v -0.203200 0.168169 0.195033
v -0.198998 0.139722 0.189814
v 0.203200 0.147307 0.195033
v 0.203200 0.168169 0.195033
v 0.198998 0.139722 -0.189814
v 0.189814 0.139722 0.198998
v -0.189814 0.139722 0.198998
v 0.189814 0.139722 -0.198998
v 0.198998 0.139722 0.189814
v -0.198998 0.139722 -0.189814
v 0.203043 0.168966 0.195033
v 0.202859 0.169000 0.196675
v 0.203043 0.168169 0.196626
v 0.202578 0.169732 0.195033
v 0.202362 0.169772 0.196678
v 0.201824 0.170438 0.195033
v 0.201621 0.170440 0.196663
v 0.200716 0.171055 0.196174
v 0.202360 0.169000 0.198236
v 0.202578 0.168169 0.198158
v 0.201864 0.169753 0.198195
v 0.201197 0.170366 0.198099
v 0.199991 0.171075 0.197992
v 0.201613 0.168989 0.199584
v 0.201824 0.168169 0.199570
v 0.201194 0.169704 0.199428
v 0.200679 0.170255 0.199206
v 0.199680 0.170854 0.199108
v 0.200689 0.168980 0.200696
v 0.200808 0.168169 0.200808
v 0.200400 0.169674 0.200402
v 0.199655 0.170209 0.200421
v 0.199393 0.170618 0.199926
v 0.196220 0.172136 0.196684
v 0.196269 0.171873 0.198287
v 0.196317 0.171500 0.199602
v 0.196103 0.171039 0.200767
v 0.198170 0.171898 0.196286
v 0.198195 0.171584 0.198202
v 0.197992 0.171076 0.199988
v 0.199557 0.171525 0.196258
v 0.196626 0.168169 0.203043
v 0.196696 0.168990 0.202859
v 0.195033 0.168966 0.203043
v 0.198158 0.168169 0.202578
v 0.198240 0.168991 0.202362
v 0.199570 0.168169 0.201824
v 0.199576 0.168984 0.201621
v 0.196696 0.169770 0.202359
v 0.195033 0.169732 0.202578
v 0.198202 0.169750 0.201864
v 0.199427 0.169702 0.201197
v 0.196673 0.170444 0.201613
v 0.195033 0.170438 0.201824
v 0.198103 0.170366 0.201194
v -0.195033 0.168966 0.203043
v -0.196675 0.169000 0.202859
v -0.196626 0.168169 0.203043
v -0.195033 0.169732 0.202578
v -0.196678 0.169772 0.202362
v -0.195033 0.170438 0.201824
v -0.196663 0.170440 0.201621
v -0.196242 0.171026 0.200753
v -0.198236 0.169000 0.202360
v -0.198158 0.168169 0.202578
v -0.198195 0.169753 0.201864
v -0.198099 0.170366 0.201197
v -0.197992 0.171075 0.199991
v -0.199584 0.168989 0.201613
v -0.199570 0.168169 0.201824
v -0.199428 0.169704 0.201194
v -0.199206 0.170255 0.200679
v -0.199108 0.170854 0.199680
v -0.200696 0.168980 0.200689
v -0.200808 0.168169 0.200808
v -0.200402 0.169674 0.200400
v -0.200421 0.170209 0.199655
v -0.199926 0.170618 0.199393
v -0.196357 0.172121 0.196673
v -0.198287 0.171873 0.196270
v -0.199659 0.171490 0.196242
v -0.200804 0.171012 0.196158
v -0.196286 0.171898 0.198170
v -0.198202 0.171584 0.198195
v -0.199988 0.171076 0.197992
v -0.196195 0.171513 0.199612
v -0.203043 0.168169 0.196626
v -0.202859 0.168990 0.196696
v -0.203043 0.168966 0.195033
v -0.202578 0.168169 0.198158
v -0.202362 0.168991 0.198240
v -0.201824 0.168169 0.199570
v -0.201621 0.168984 0.199576
v -0.202359 0.169770 0.196696
v -0.202578 0.169732 0.195033
v -0.201864 0.169750 0.198202
v -0.201197 0.169702 0.199427
v -0.201613 0.170444 0.196673
v -0.201824 0.170438 0.195033
v -0.201194 0.170366 0.198103
v 0.195033 0.168966 -0.203043
v 0.196675 0.169000 -0.202859
v 0.196626 0.168169 -0.203043
v 0.195033 0.169732 -0.202578
v 0.196678 0.169772 -0.202362
v 0.195033 0.170438 -0.201824
v 0.196663 0.170440 -0.201621
v 0.196242 0.171026 -0.200753
v 0.198236 0.169000 -0.202360
v 0.198158 0.168169 -0.202578
v 0.198195 0.169753 -0.201864
v 0.198099 0.170366 -0.201197
v 0.197992 0.171075 -0.199991
v 0.199584 0.168989 -0.201613
v 0.199570 0.168169 -0.201824
v 0.199428 0.169704 -0.201194
v 0.199206 0.170255 -0.200679
v 0.199108 0.170854 -0.199680
v 0.200696 0.168980 -0.200689
v 0.200808 0.168169 -0.200808
v 0.200402 0.169674 -0.200400
v 0.200421 0.170209 -0.199655
v 0.199926 0.170618 -0.199393
v 0.196357 0.172121 -0.196673
v 0.198287 0.171873 -0.196270
v 0.199659 0.171490 -0.196242
v 0.200804 0.171012 -0.196158
v 0.196286 0.171898 -0.198170
v 0.198202 0.171584 -0.198195
v 0.199988 0.171076 -0.197992
v 0.196195 0.171513 -0.199612
v 0.203043 0.168169 -0.196626
v 0.202859 0.168990 -0.196696
v 0.203043 0.168966 -0.195033
v 0.202578 0.168169 -0.198158
v 0.202362 0.168991 -0.198240
v 0.201824 0.168169 -0.199570
v 0.201621 0.168984 -0.199576
v 0.202359 0.169770 -0.196696
v 0.202578 0.169732 -0.195033
v 0.201864 0.169750 -0.198202
v 0.201197 0.169702 -0.199427
v 0.201613 0.170444 -0.196673
v 0.201824 0.170438 -0.195033
v 0.201194 0.170366 -0.198103
v -0.203043 0.168966 -0.195033
v -0.202859 0.169000 -0.196675
v -0.203043 0.168169 -0.196626
v -0.202578 0.169732 -0.195033
v -0.202362 0.169772 -0.196678
v -0.201824 0.170438 -0.195033
v -0.201621 0.170440 -0.196663
v -0.200716 0.171055 -0.196174
v -0.202360 0.169000 -0.198236
v -0.202578 0.168169 -0.198158
v -0.201864 0.169753 -0.198195
v -0.201197 0.170366 -0.198099
v -0.199991 0.171075 -0.197992
v -0.201613 0.168989 -0.199584
v -0.201824 0.168169 -0.199570
v -0.201194 0.169704 -0.199428
v -0.200679 0.170255 -0.199206
v -0.199680 0.170854 -0.199108
v -0.200689 0.168980 -0.200696
v -0.200808 0.168169 -0.200808
v -0.200400 0.169674 -0.200402
v -0.199655 0.170209 -0.200421
v -0.199393 0.170618 -0.199926
v -0.196220 0.172136 -0.196684
v -0.196269 0.171873 -0.198287
v -0.196317 0.171500 -0.199602
v -0.196103 0.171039 -0.200767
v -0.198170 0.171898 -0.196286
v -0.198195 0.171584 -0.198202
v -0.197992 0.171076 -0.199988
v -0.199557 0.171525 -0.196258
v -0.196626 0.168169 -0.203043
v -0.196696 0.168990 -0.202859
v -0.195033 0.168966 -0.203043
v -0.198158 0.168169 -0.202578
v -0.198240 0.168991 -0.202362
v -0.199570 0.168169 -0.201824
v -0.199576 0.168984 -0.201621
v -0.196696 0.169770 -0.202359
v -0.195033 0.169732 -0.202578
v -0.198202 0.169750 -0.201864
v -0.199427 0.169702 -0.201197
v -0.196673 0.170444 -0.201613
v -0.195033 0.170438 -0.201824
v -0.198103 0.170366 -0.201194
v -0.203043 0.147307 -0.196626
v -0.202686 0.146355 -0.196125
v -0.203062 0.146087 -0.194234
v -0.202578 0.147307 -0.198158
v -0.201563 0.144748 -0.197114
v -0.201824 0.147307 -0.199570
v -0.201337 0.145909 -0.199102
v -0.200808 0.147307 -0.200808
v -0.200339 0.145763 -0.200287
v -0.202174 0.144748 -0.195094
v -0.202301 0.144005 -0.192830
v -0.200700 0.144320 -0.198382
v -0.199724 0.144316 -0.199724
v -0.201116 0.143342 -0.195625
v -0.200172 0.143310 -0.197804
v -0.199170 0.143300 -0.199170
v -0.196114 0.146365 -0.202663
v -0.196626 0.147307 -0.203043
v -0.195228 0.144822 -0.202206
v -0.194341 0.143364 -0.201486
v -0.197720 0.146328 -0.202145
v -0.198158 0.147307 -0.202578
v -0.196919 0.144635 -0.201565
v -0.195975 0.143078 -0.200772
v -0.199063 0.145751 -0.201213
v -0.199570 0.147307 -0.201824
v -0.198382 0.144320 -0.200700
v -0.197607 0.143049 -0.200035
v -0.191268 0.139440 -0.198484
v -0.192077 0.140396 -0.199234
v -0.192701 0.139302 -0.197839
v -0.194173 0.139102 -0.196706
v -0.195632 0.140630 -0.198054
v -0.195512 0.139059 -0.195512
v -0.197954 0.141721 -0.197993
v -0.191412 0.141817 -0.200957
v -0.199818 0.140484 -0.190373
v -0.199207 0.140394 -0.192061
v -0.198484 0.139440 -0.191268
v -0.201029 0.141901 -0.191394
v -0.200546 0.141932 -0.193253
v -0.197719 0.139230 -0.192647
v -0.200003 0.142052 -0.195237
v -0.196853 0.139159 -0.194090
v -0.199272 0.142085 -0.196908
v 0.203043 0.147307 0.196626
v 0.202686 0.146355 0.196125
v 0.203119 0.146443 0.194474
v 0.202578 0.147307 0.198158
v 0.201563 0.144748 0.197114
v 0.201824 0.147307 0.199570
v 0.201337 0.145909 0.199102
v 0.200808 0.147307 0.200808
v 0.200339 0.145763 0.200287
v 0.202174 0.144748 0.195094
v 0.202733 0.144993 0.193492
v 0.200700 0.144320 0.198382
v 0.199724 0.144316 0.199724
v 0.201116 0.143342 0.195625
v 0.201682 0.142886 0.192096
v 0.200172 0.143310 0.197804
v 0.199170 0.143300 0.199170
v 0.196114 0.146365 0.202663
v 0.196626 0.147307 0.203043
v 0.195228 0.144822 0.202206
v 0.194341 0.143364 0.201486
v 0.197720 0.146328 0.202145
v 0.198158 0.147307 0.202578
v 0.196919 0.144635 0.201565
v 0.195975 0.143078 0.200772
v 0.199063 0.145751 0.201213
v 0.199570 0.147307 0.201824
v 0.198382 0.144320 0.200700
v 0.197607 0.143049 0.200035
v 0.191268 0.139441 0.198484
v 0.192077 0.140396 0.199234
v 0.192701 0.139302 0.197839
v 0.194173 0.139102 0.196706
v 0.195632 0.140630 0.198054
v 0.195512 0.139059 0.195512
v 0.197954 0.141721 0.197993
v 0.191412 0.141817 0.200957
v 0.200218 0.140887 0.190631
v 0.199207 0.140394 0.192061
v 0.198484 0.139441 0.191268
v 0.200546 0.141932 0.193253
v 0.197719 0.139230 0.192647
v 0.200003 0.142052 0.195237
v 0.196853 0.139159 0.194090
v 0.199272 0.142085 0.196908
v 0.203036 0.145972 -0.194156
v 0.202663 0.146365 -0.196114
v 0.203043 0.147307 -0.196626
v 0.202206 0.144822 -0.195228
v 0.202247 0.143894 -0.192748
v 0.201486 0.143364 -0.194341
v 0.202145 0.146328 -0.197720
v 0.202578 0.147307 -0.198158
v 0.201565 0.144635 -0.196919
v 0.200772 0.143078 -0.195975
v 0.201213 0.145751 -0.199063
v 0.201824 0.147307 -0.199570
v 0.200700 0.144320 -0.198382
v 0.200035 0.143049 -0.197607
v 0.200287 0.145763 -0.200339
v 0.200808 0.147307 -0.200808
v 0.199724 0.144316 -0.199724
v 0.199170 0.143300 -0.199170
v 0.198484 0.139440 -0.191268
v 0.199234 0.140396 -0.192077
v 0.199818 0.140484 -0.190373
v 0.197839 0.139302 -0.192701
v 0.196706 0.139102 -0.194173
v 0.198054 0.140630 -0.195632
v 0.195512 0.139059 -0.195512
v 0.197993 0.141721 -0.197954
v 0.200957 0.141817 -0.191412
v 0.192061 0.140394 -0.199207
v 0.191268 0.139440 -0.198484
v 0.193253 0.141932 -0.200546
v 0.195625 0.143342 -0.201116
v 0.192647 0.139230 -0.197719
v 0.195237 0.142052 -0.200003
v 0.194090 0.139159 -0.196853
v 0.196908 0.142085 -0.199272
v 0.197804 0.143310 -0.200172
v 0.196626 0.147307 -0.203043
v 0.196125 0.146355 -0.202686
v 0.198158 0.147307 -0.202578
v 0.197114 0.144748 -0.201563
v 0.199570 0.147307 -0.201824
v 0.199102 0.145909 -0.201337
v 0.195094 0.144748 -0.202174
v 0.198382 0.144320 -0.200700
v -0.203119 0.146443 0.194474
v -0.202663 0.146365 0.196114
v -0.203043 0.147307 0.196626
v -0.202702 0.144926 0.193476
v -0.202206 0.144822 0.195228
v -0.201679 0.142882 0.192103
v -0.201486 0.143364 0.194341
v -0.202145 0.146328 0.197720
v -0.202578 0.147307 0.198158
v -0.201565 0.144635 0.196919
v -0.200772 0.143078 0.195975
v -0.201213 0.145751 0.199063
v -0.201824 0.147307 0.199570
v -0.200700 0.144320 0.198382
v -0.200035 0.143049 0.197607
v -0.200287 0.145763 0.200339
v -0.200808 0.147307 0.200808
v -0.199724 0.144316 0.199724
v -0.199170 0.143300 0.199170
v -0.198484 0.139441 0.191268
v -0.199234 0.140396 0.192077
v -0.200248 0.140928 0.190662
v -0.197839 0.139302 0.192701
v -0.196706 0.139102 0.194173
v -0.198054 0.140630 0.195632
v -0.195512 0.139059 0.195512
v -0.197993 0.141721 0.197954
v -0.200626 0.142004 0.193129
v -0.192061 0.140394 0.199207
v -0.191268 0.139441 0.198484
v -0.193253 0.141932 0.200546
v -0.195625 0.143342 0.201116
v -0.192647 0.139230 0.197719
v -0.195237 0.142052 0.200003
v -0.194090 0.139159 0.196853
v -0.196908 0.142085 0.199272
v -0.197804 0.143310 0.200172
v -0.196626 0.147307 0.203043
v -0.196125 0.146355 0.202686
v -0.198158 0.147307 0.202578
v -0.197114 0.144748 0.201563
v -0.199570 0.147307 0.201824
v -0.199102 0.145909 0.201337
v -0.195094 0.144748 0.202174
v -0.198382 0.144320 0.200700
v 0.190686 0.140937 -0.200256
v 0.192096 0.142886 -0.201682
v 0.193492 0.144993 -0.202733
v 0.194474 0.146443 -0.203119
v -0.190373 0.140484 -0.199818
v -0.192748 0.143894 -0.202247
v -0.194168 0.146019 -0.203053
v 0.194156 0.145972 0.203036
v 0.192748 0.143894 0.202247
v 0.190373 0.140484 0.199818
v -0.194474 0.146443 0.203119
v -0.190687 0.140937 0.200256
v -0.193477 0.144939 0.202708
v -0.192096 0.142886 0.201682
v 0.191606 0.139722 -0.198822
v 0.193329 0.139722 -0.198299
v 0.194916 0.139722 -0.197450
v 0.196308 0.139722 -0.196308
v 0.197450 0.139722 -0.194917
v 0.198299 0.139722 -0.193329
v 0.198822 0.139722 -0.191606
v -0.191606 0.139722 0.198822
v -0.193329 0.139722 0.198299
v -0.194916 0.139722 0.197450
v -0.196308 0.139722 0.196308
v -0.197450 0.139722 0.194917
v -0.198299 0.139722 0.193329
v -0.198822 0.139722 0.191606
v 0.198822 0.139722 0.191606
v 0.198299 0.139722 0.193329
v 0.197450 0.139722 0.194916
v 0.196308 0.139722 0.196308
v 0.194917 0.139722 0.197450
v 0.193329 0.139722 0.198299
v 0.191606 0.139722 0.198822
v -0.191606 0.139722 -0.198822
v -0.193329 0.139722 -0.198299
v -0.194917 0.139722 -0.197450
v -0.196308 0.139722 -0.196308
v -0.197450 0.139722 -0.194916
v -0.198299 0.139722 -0.193329
v -0.198822 0.139722 -0.191606
v 0.133760 0.172650 -0.018015
v 0.133226 0.172579 -0.017999
v 0.133627 0.172428 -0.016861
v 0.135870 0.172559 -0.017766
v 0.135764 0.172500 -0.017523
v 0.135201 0.172345 -0.013891
v 0.134974 0.172648 -0.017935
v 0.135903 0.172604 -0.017824
v 0.136116 0.172675 -0.017772
v 0.135806 0.172428 -0.016806
v 0.137504 0.172659 -0.017510
v 0.137763 0.172402 -0.015668
v 0.138349 0.172491 -0.016905
v 0.138448 0.172575 -0.017233
v 0.137958 0.172353 -0.013621
v 0.138705 0.172650 -0.017179
v 0.139958 0.172657 -0.016726
v 0.140813 0.172508 -0.016061
v 0.139311 0.172447 -0.015867
v 0.140901 0.172575 -0.016296
v 0.141068 0.172652 -0.016244
v 0.139842 0.172370 -0.014030
v 0.140789 0.172454 -0.015556
v 0.142035 0.172656 -0.015735
v 0.143165 0.172559 -0.014981
v 0.143003 0.172491 -0.014725
v 0.141993 0.172384 -0.013434
v 0.143221 0.172602 -0.015019
v 0.142947 0.172658 -0.015194
v 0.144214 0.172674 -0.014290
v 0.144727 0.172619 -0.013901
v 0.145241 0.172559 -0.013381
v 0.144987 0.172491 -0.013196
v 0.145341 0.172663 -0.013365
v 0.144309 0.172409 -0.012367
v 0.145422 0.172611 -0.013301
v 0.142464 0.172341 -0.010242
v 0.144876 0.172370 -0.010061
v 0.146492 0.172655 -0.012234
v 0.146820 0.172500 -0.011385
v 0.147096 0.172575 -0.011515
v 0.147236 0.172652 -0.011382
v 0.146510 0.172445 -0.010967
v 0.147950 0.172657 -0.010435
v 0.148503 0.172514 -0.009212
v 0.146759 0.172421 -0.009719
v 0.148610 0.172579 -0.009412
v 0.148636 0.172653 -0.009409
v 0.142770 0.172305 -0.004817
v 0.147703 0.172426 -0.008785
v 0.149412 0.172662 -0.007993
v 0.146882 0.172378 -0.007397
v 0.148946 0.172494 -0.007890
v 0.149827 0.172576 -0.007045
v 0.149959 0.172652 -0.006789
v 0.149435 0.172477 -0.006928
v 0.147472 0.172369 -0.005493
v 0.150399 0.172659 -0.005570
v 0.150440 0.172508 -0.004474
v 0.149917 0.172455 -0.004561
v 0.150677 0.172575 -0.004556
v 0.148258 0.172370 -0.003878
v 0.150952 0.172659 -0.003435
v 0.151117 0.172560 -0.001967
v 0.150908 0.172508 -0.001926
v 0.150410 0.172455 -0.002095
v 0.148604 0.172371 -0.001675
v 0.151205 0.172611 -0.001773
v 0.151179 0.172672 -0.001829
v 0.149193 0.172397 -0.000501
v 0.151270 0.172669 -0.000279
v 0.150908 0.172491 0.000640
v 0.151276 0.172606 0.000647
v 0.149881 0.172420 0.001134
v 0.147670 0.172353 0.001052
v 0.151235 0.172679 0.001035
v 0.151209 0.172558 0.000658
v 0.151169 0.172654 0.002006
v 0.150926 0.172559 0.003250
v 0.150715 0.172508 0.003238
v 0.150988 0.172670 0.003191
v 0.150957 0.172611 0.003461
v 0.148284 0.172365 0.002692
v 0.145556 0.172323 0.000738
v 0.150156 0.172450 0.003398
v 0.150725 0.172677 0.004378
v 0.150264 0.172559 0.005788
v 0.150210 0.172494 0.004586
v 0.146264 0.172341 0.004293
v 0.150326 0.172606 0.005807
v 0.149931 0.172477 0.005629
v 0.148049 0.172392 0.005792
v 0.149242 0.172559 0.008199
v 0.149361 0.172494 0.007004
v 0.149770 0.172655 0.007225
v 0.149319 0.172610 0.008199
v 0.146890 0.172365 0.007021
v 0.148935 0.172478 0.007994
v 0.148762 0.172672 0.009166
v 0.147877 0.172559 0.010438
v 0.147595 0.172491 0.010312
v 0.147778 0.172447 0.008829
v 0.145399 0.172357 0.008318
v 0.148220 0.172640 0.010075
v 0.146681 0.172407 0.009651
v 0.147625 0.172641 0.010903
v 0.147056 0.172654 0.011591
v 0.144611 0.172370 0.010268
v 0.145979 0.172491 0.012248
v 0.146143 0.172660 0.012602
v 0.144868 0.172417 0.011848
v 0.146274 0.172580 0.012449
v 0.145527 0.172621 0.013198
v 0.145116 0.172671 0.013553
v 0.144060 0.172491 0.013969
v 0.141622 0.172346 0.011234
v 0.144273 0.172576 0.014238
v 0.143336 0.172407 0.013110
v 0.143368 0.172653 0.014918
v 0.141077 0.172379 0.013576
v 0.142066 0.172559 0.015652
v 0.142825 0.172494 0.014721
v 0.142392 0.172666 0.015530
v 0.142077 0.172604 0.015718
v 0.141924 0.172478 0.015312
v 0.141181 0.172673 0.016167
v 0.139099 0.172376 0.014401
v 0.139717 0.172514 0.016598
v 0.140630 0.172655 0.016442
v 0.139736 0.172579 0.016797
v 0.139280 0.172458 0.016294
v 0.139423 0.172655 0.016935
v 0.137175 0.172547 0.017497
v 0.137179 0.172487 0.017157
v 0.136290 0.172337 0.013192
v 0.137960 0.172654 0.017396
v 0.137138 0.172599 0.017595
v 0.136530 0.172672 0.017705
v 0.136896 0.172403 0.016149
v 0.134588 0.172378 0.015581
v 0.134463 0.172564 0.017939
v 0.135721 0.172494 0.017381
v 0.135158 0.172640 0.017926
v 0.134397 0.172462 0.017368
v 0.133537 0.172657 0.018016
v 0.132062 0.172514 0.017766
v 0.132223 0.172363 0.015066
v 0.131996 0.172579 0.017954
v 0.131973 0.172460 0.017348
v 0.131809 0.172651 0.017960
v 0.130921 0.172398 0.015780
v 0.130075 0.172653 0.017734
v 0.129381 0.172547 0.017502
v 0.130609 0.172494 0.017351
v 0.129461 0.172460 0.016975
v 0.129311 0.172598 0.017576
v 0.129303 0.172380 0.015077
v 0.128519 0.172675 0.017362
v 0.126874 0.172547 0.016750
v 0.128111 0.172494 0.016779
v 0.129916 0.172338 0.012998
v 0.127622 0.172652 0.017109
v 0.127030 0.172460 0.016240
v 0.126794 0.172598 0.016813
v 0.127908 0.172363 0.014219
v 0.126475 0.172670 0.016675
v 0.125102 0.172620 0.016059
v 0.125653 0.172379 0.013652
v 0.125365 0.172672 0.016175
v 0.124490 0.172559 0.015664
v 0.124570 0.172508 0.015468
v 0.126082 0.172447 0.015384
v 0.124219 0.172637 0.015592
v 0.124655 0.172447 0.014884
v 0.123356 0.172671 0.015029
v 0.122851 0.172620 0.014699
v 0.122303 0.172559 0.014219
v 0.123457 0.172494 0.014554
v 0.122131 0.172636 0.014178
v 0.121268 0.172659 0.013436
v 0.122560 0.172477 0.013954
v 0.123611 0.172369 0.011760
v 0.120482 0.172508 0.012306
v 0.121955 0.172447 0.012661
v 0.120317 0.172575 0.012494
v 0.120253 0.172648 0.012462
v 0.122232 0.172365 0.010660
v 0.120685 0.172454 0.011843
v 0.119395 0.172674 0.011471
v 0.118672 0.172559 0.010457
v 0.118914 0.172491 0.010275
v 0.121681 0.172351 0.008473
v 0.118996 0.172625 0.011001
v 0.119426 0.172420 0.009256
v 0.118439 0.172638 0.010254
v 0.117727 0.172659 0.009113
v 0.120452 0.172357 0.006885
v 0.117334 0.172546 0.008215
v 0.117729 0.172471 0.008030
v 0.117227 0.172598 0.008202
v 0.118983 0.172389 0.007326
v 0.117073 0.172671 0.007862
v 0.118654 0.172377 0.005349
v 0.116568 0.172658 0.006755
v 0.117055 0.172494 0.006725
v 0.116246 0.172579 0.005851
v 0.116182 0.172647 0.005727
v 0.115918 0.172674 0.004801
v 0.116398 0.172513 0.005694
v 0.117294 0.172424 0.005411
v 0.117196 0.172406 0.003146
v 0.119847 0.172340 0.002840
v 0.115613 0.172559 0.003273
v 0.115910 0.172491 0.003211
v 0.115651 0.172636 0.003819
v 0.115471 0.172637 0.002861
v 0.117613 0.172380 0.000755
v 0.115325 0.172559 0.000668
v 0.115805 0.172494 0.001769
v 0.115301 0.172638 0.001425
v 0.115242 0.172640 0.000225
v 0.115692 0.172478 0.000697
v 0.117354 0.172397 -0.000672
v 0.115279 0.172654 -0.000951
v 0.115721 0.172491 -0.001926
v 0.115379 0.172576 -0.001960
v 0.117400 0.172379 -0.001640
v 0.115373 0.172646 -0.002115
v 0.121453 0.172317 -0.001192
v 0.115514 0.172655 -0.003057
v 0.118359 0.172369 -0.003434
v 0.115894 0.172559 -0.004532
v 0.116188 0.172491 -0.004460
v 0.115746 0.172671 -0.004140
v 0.117286 0.172407 -0.004223
v 0.115841 0.172604 -0.004577
v 0.116037 0.172674 -0.005208
v 0.119008 0.172370 -0.005614
v 0.116761 0.172546 -0.006992
v 0.116706 0.172494 -0.005811
v 0.116425 0.172654 -0.006406
v 0.116702 0.172598 -0.007083
v 0.117127 0.172657 -0.008001
v 0.117341 0.172452 -0.006820
v 0.119141 0.172397 -0.007360
v 0.117955 0.172546 -0.009321
v 0.118199 0.172487 -0.009090
v 0.118009 0.172667 -0.009571
v 0.120866 0.172351 -0.007625
v 0.117911 0.172598 -0.009420
v 0.119091 0.172432 -0.009144
v 0.119477 0.172546 -0.011453
v 0.119735 0.172488 -0.011262
v 0.121325 0.172373 -0.009618
v 0.118838 0.172654 -0.010786
v 0.119451 0.172599 -0.011561
v 0.120417 0.172438 -0.011156
v 0.120418 0.172657 -0.012625
v 0.121277 0.172559 -0.013365
v 0.121484 0.172491 -0.013144
v 0.123484 0.172353 -0.010530
v 0.120937 0.172621 -0.013139
v 0.122563 0.172417 -0.012663
v 0.121573 0.172680 -0.013680
v 0.122056 0.172638 -0.014108
v 0.123351 0.172559 -0.014968
v 0.123434 0.172500 -0.014716
v 0.125198 0.172352 -0.011912
v 0.123323 0.172674 -0.015008
v 0.123335 0.172604 -0.015033
v 0.123943 0.172428 -0.014210
v 0.124497 0.172655 -0.015733
v 0.126469 0.172381 -0.014154
v 0.125636 0.172559 -0.016253
v 0.124810 0.172494 -0.015380
v 0.125578 0.172668 -0.016281
v 0.125631 0.172604 -0.016320
v 0.125752 0.172478 -0.015903
v 0.127036 0.172663 -0.016902
v 0.128655 0.172371 -0.014768
v 0.127140 0.172494 -0.016447
v 0.128078 0.172575 -0.017231
v 0.133024 0.172356 -0.014670
v 0.128889 0.172316 -0.011079
v 0.132665 0.172258 -0.000130
v 0.124653 0.172317 -0.007885
v 0.124685 0.172299 0.004301
v 0.126714 0.172316 0.009609
v 0.130619 0.172302 0.009665
v 0.139914 0.172298 0.006903
v 0.138359 0.172297 -0.007955
v 0.128267 0.172650 -0.017311
v 0.128148 0.172478 -0.016828
v 0.129729 0.172659 -0.017665
v 0.130637 0.172546 -0.017732
v 0.130704 0.172488 -0.017418
v 0.129570 0.172447 -0.016577
v 0.130930 0.172349 -0.014158
v 0.130684 0.172598 -0.017830
v 0.130860 0.172416 -0.016574
v 0.131410 0.172675 -0.017905
v 0.133341 0.172514 -0.017804
v 0.132023 0.172447 -0.016939
v 0.132478 0.172649 -0.018000
v 0.140298 0.172846 0.009292
v 0.139615 0.172825 0.009769
v 0.139760 0.172692 0.009610
v 0.139345 0.172581 0.009706
v 0.139179 0.172471 0.009404
v 0.137986 0.172379 0.009270
v 0.133964 0.176837 -0.012307
v 0.129587 0.176872 -0.012600
v 0.134016 0.176841 -0.013562
v 0.134306 0.176872 -0.012787
v 0.135943 0.176863 -0.013039
v 0.137036 0.176811 -0.013211
v 0.136183 0.176733 -0.011527
v 0.136641 0.176839 -0.011843
v 0.138990 0.176853 -0.011049
v 0.138523 0.176768 -0.010780
v 0.139612 0.176861 -0.011736
v 0.140407 0.176818 -0.009874
v 0.142132 0.176816 -0.008372
v 0.142556 0.176812 -0.010146
v 0.141140 0.176772 -0.009073
v 0.143270 0.176799 -0.006827
v 0.141951 0.176878 -0.009576
v 0.144150 0.176856 -0.007812
v 0.144193 0.176843 -0.005788
v 0.145885 0.176848 -0.004823
v 0.145900 0.176759 -0.005940
v 0.145244 0.176845 -0.003135
v 0.144908 0.176766 -0.002823
v 0.144205 0.176776 -0.004970
v 0.145863 0.176874 -0.003710
v 0.145184 0.176762 0.001123
v 0.145524 0.176830 -0.000706
v 0.145208 0.176762 -0.000994
v 0.145851 0.176863 0.000881
v 0.146655 0.176858 -0.000805
v 0.144505 0.176787 0.004437
v 0.145215 0.176802 0.001994
v 0.144819 0.176852 0.004724
v 0.146898 0.176820 0.001699
v 0.145865 0.176814 0.005447
v 0.143039 0.176749 0.006859
v 0.143086 0.176831 0.007335
v 0.145737 0.176870 0.004313
v 0.142470 0.176844 0.009915
v 0.141304 0.176817 0.009132
v 0.144683 0.176865 0.006903
v 0.142542 0.176785 0.010298
v 0.139483 0.176859 0.010868
v 0.140540 0.176794 0.011774
v 0.138799 0.176791 0.010720
v 0.138364 0.176820 0.012712
v 0.136792 0.176854 0.011945
v 0.135991 0.176858 0.013119
v 0.139902 0.176867 0.011500
v 0.135918 0.176780 0.011725
v 0.133907 0.176837 0.012278
v 0.132449 0.176818 0.013695
v 0.131923 0.176844 0.012261
v 0.130199 0.176843 0.013182
v 0.130146 0.176798 0.011689
v 0.129081 0.176854 0.011772
v 0.131324 0.176873 0.012996
v 0.128240 0.176806 0.011031
v 0.126162 0.176779 0.009714
v 0.125210 0.176830 0.011022
v 0.125757 0.176846 0.009888
v 0.127907 0.176872 0.012082
v 0.124318 0.176773 0.008014
v 0.123135 0.176878 0.008132
v 0.122381 0.176849 0.005935
v 0.123276 0.176829 0.007113
v 0.121486 0.176826 0.006955
v 0.121494 0.176875 0.005173
v 0.120609 0.176842 0.004813
v 0.121555 0.176831 0.003687
v 0.121663 0.176761 0.002922
v 0.121076 0.176837 0.001478
v 0.120139 0.176863 0.001975
v 0.119593 0.176812 0.001366
v 0.121241 0.176783 -0.000068
v 0.119546 0.176812 -0.000688
v 0.121363 0.176775 -0.001518
v 0.120923 0.176854 -0.002053
v 0.120212 0.176873 -0.000727
v 0.119971 0.176838 -0.002650
v 0.121883 0.176748 -0.003622
v 0.121651 0.176829 -0.003884
v 0.122470 0.176822 -0.005701
v 0.122538 0.176878 -0.007283
v 0.121061 0.176842 -0.005938
v 0.122780 0.176728 -0.005604
v 0.123659 0.176816 -0.007476
v 0.125026 0.176769 -0.008713
v 0.124558 0.176851 -0.008877
v 0.122994 0.176829 -0.008967
v 0.126079 0.176809 -0.009820
v 0.127432 0.176862 -0.011183
v 0.123975 0.176872 -0.009298
v 0.124994 0.176782 -0.011152
v 0.126441 0.176845 -0.011679
v 0.130866 0.176855 -0.012268
v 0.129742 0.176766 -0.011449
v 0.128132 0.176812 -0.011019
v 0.131291 0.176785 -0.011873
v 0.129665 0.176844 -0.013047
v 0.130319 0.178893 -0.000451
v 0.130416 0.178921 -0.000850
v 0.130396 0.179041 -0.000523
v 0.140217 0.172839 -0.009355
v 0.141117 0.172816 -0.008614
v 0.140146 0.172689 -0.009338
v 0.140133 0.172570 -0.009117
v 0.140617 0.172378 -0.007422
v 0.121708 0.172789 0.001428
v 0.121631 0.172777 0.000512
v 0.121791 0.172641 0.001302
v 0.121752 0.172619 -0.000238
v 0.122063 0.172551 0.001948
v 0.138897 0.172782 0.010198
v 0.137780 0.172795 0.010744
v 0.137364 0.172715 0.010867
v 0.138381 0.172677 0.010394
v 0.137662 0.172591 0.010592
v 0.141929 0.172807 -0.007792
v 0.141216 0.172707 -0.008461
v 0.142159 0.172640 -0.007373
v 0.141100 0.172584 -0.008360
v 0.141060 0.172493 -0.008070
v 0.121629 0.172792 -0.000506
v 0.121831 0.172619 -0.001346
v 0.121991 0.172518 0.000013
v 0.136689 0.172798 0.011135
v 0.135678 0.172828 0.011402
v 0.136170 0.172703 0.011237
v 0.136519 0.172585 0.010987
v 0.137044 0.172448 0.010292
v 0.142508 0.172785 -0.007091
v 0.143048 0.172782 -0.006327
v 0.143064 0.172679 -0.006183
v 0.142712 0.172557 -0.006356
v 0.142334 0.172430 -0.005954
v 0.121713 0.172783 -0.001460
v 0.121847 0.172837 -0.002308
v 0.121903 0.172690 -0.002309
v 0.122204 0.172518 -0.002124
v 0.122473 0.172430 -0.001122
v 0.134615 0.172814 0.011573
v 0.134970 0.172691 0.011475
v 0.134899 0.172577 0.011316
v 0.135282 0.172486 0.010978
v 0.135123 0.172388 0.010350
v 0.133105 0.172452 0.010982
v 0.143490 0.172801 -0.005586
v 0.143887 0.172825 -0.004799
v 0.143547 0.172653 -0.005292
v 0.143519 0.172502 -0.004614
v 0.142919 0.172367 -0.003644
v 0.122091 0.172760 -0.003267
v 0.122319 0.172803 -0.003981
v 0.122802 0.172792 -0.005122
v 0.122581 0.172664 -0.004439
v 0.122192 0.172603 -0.003034
v 0.122673 0.172564 -0.004250
v 0.123029 0.172431 -0.003755
v 0.123864 0.172416 -0.005234
v 0.133637 0.172764 0.011641
v 0.132503 0.172808 0.011626
v 0.133119 0.172734 0.011624
v 0.133200 0.172616 0.011510
v 0.132724 0.172518 0.011273
v 0.144372 0.172831 -0.003546
v 0.144064 0.172724 -0.004298
v 0.144186 0.172656 -0.003820
v 0.144642 0.172697 -0.002311
v 0.144278 0.172591 -0.003195
v 0.123379 0.172758 -0.006147
v 0.123183 0.172628 -0.005595
v 0.123832 0.172501 -0.006063
v 0.131316 0.172796 0.011488
v 0.131846 0.172637 0.011463
v 0.130362 0.172444 0.010551
v 0.132101 0.172369 0.010249
v 0.130309 0.172557 0.010999
v 0.144665 0.172798 -0.002417
v 0.144829 0.172747 -0.001305
v 0.144832 0.172671 -0.000595
v 0.144539 0.172572 -0.001852
v 0.144428 0.172490 -0.000557
v 0.144008 0.172433 -0.001861
v 0.123684 0.172804 -0.006621
v 0.124218 0.172810 -0.007336
v 0.124167 0.172643 -0.007117
v 0.130042 0.172841 0.011199
v 0.129099 0.172757 0.010872
v 0.130511 0.172685 0.011265
v 0.129005 0.172641 0.010727
v 0.129049 0.172523 0.010475
v 0.128998 0.172369 0.009387
v 0.144856 0.172858 -0.001254
v 0.144915 0.172810 -0.000213
v 0.144829 0.172675 0.000658
v 0.144731 0.172591 -0.000083
v 0.124867 0.172785 -0.008072
v 0.124935 0.172646 -0.007999
v 0.124893 0.172548 -0.007692
v 0.126028 0.172549 -0.008771
v 0.125486 0.172412 -0.007402
v 0.128512 0.172769 0.010628
v 0.127711 0.172817 0.010241
v 0.127774 0.172607 0.010106
v 0.127562 0.172455 0.009419
v 0.144904 0.172811 0.000562
v 0.144825 0.172786 0.001469
v 0.144696 0.172674 0.001854
v 0.144545 0.172547 0.001429
v 0.144063 0.172487 0.002803
v 0.143895 0.172406 0.001101
v 0.125614 0.172766 -0.008777
v 0.126251 0.172794 -0.009297
v 0.126808 0.172778 -0.009689
v 0.126512 0.172618 -0.009336
v 0.127205 0.172454 -0.009207
v 0.126879 0.172802 0.009740
v 0.126011 0.172834 0.009122
v 0.127104 0.172701 0.009837
v 0.125919 0.172724 0.009003
v 0.126392 0.172586 0.009163
v 0.125710 0.172517 0.008370
v 0.144647 0.172786 0.002486
v 0.144462 0.172837 0.003230
v 0.144464 0.172699 0.003044
v 0.144148 0.172710 0.004057
v 0.144313 0.172593 0.003119
v 0.143208 0.172392 0.003568
v 0.127392 0.172750 -0.010049
v 0.128148 0.172758 -0.010458
v 0.128145 0.172593 -0.010262
v 0.129098 0.172487 -0.010350
v 0.125212 0.172801 0.008412
v 0.124667 0.172806 0.007858
v 0.125043 0.172659 0.008143
v 0.126085 0.172400 0.007835
v 0.144120 0.172804 0.004246
v 0.143722 0.172805 0.005140
v 0.143739 0.172649 0.004897
v 0.142076 0.172398 0.005916
v 0.128845 0.172792 -0.010775
v 0.129573 0.172807 -0.011048
v 0.129430 0.172675 -0.010928
v 0.129840 0.172581 -0.010918
v 0.130036 0.172370 -0.009822
v 0.133466 0.172803 -0.011648
v 0.134647 0.172795 -0.011571
v 0.133394 0.172682 -0.011594
v 0.135110 0.172649 -0.011411
v 0.133461 0.172538 -0.011348
v 0.133840 0.172446 -0.010942
v 0.123510 0.172809 0.006374
v 0.124012 0.172667 0.006949
v 0.124722 0.172586 0.007629
v 0.123929 0.172528 0.006397
v 0.143293 0.172773 0.005926
v 0.142931 0.172835 0.006510
v 0.142790 0.172621 0.006496
v 0.143452 0.172536 0.005003
v 0.142537 0.172471 0.006078
v 0.130285 0.172780 -0.011256
v 0.131194 0.172822 -0.011468
v 0.131741 0.172716 -0.011514
v 0.130994 0.172651 -0.011333
v 0.131907 0.172568 -0.011346
v 0.131092 0.172442 -0.010717
v 0.135817 0.172815 -0.011369
v 0.136704 0.172808 -0.011131
v 0.136111 0.172689 -0.011240
v 0.135763 0.172555 -0.011116
v 0.137148 0.172351 -0.009318
v 0.122802 0.172795 0.005121
v 0.123302 0.172666 0.005895
v 0.123237 0.172473 0.004759
v 0.124633 0.172388 0.006028
v 0.123479 0.172366 0.003166
v 0.142499 0.172778 0.007101
v 0.142016 0.172800 0.007690
v 0.141656 0.172679 0.007996
v 0.141832 0.172569 0.007563
v 0.137585 0.172785 -0.010818
v 0.138401 0.172847 -0.010461
v 0.137084 0.172684 -0.010944
v 0.137641 0.172581 -0.010572
v 0.136560 0.172457 -0.010535
v 0.122751 0.172647 0.004799
v 0.122165 0.172632 0.003158
v 0.122651 0.172519 0.003806
v 0.141511 0.172783 0.008228
v 0.140784 0.172773 0.008896
v 0.140411 0.172644 0.009076
v 0.140873 0.172498 0.008245
v 0.140292 0.172372 0.007582
v 0.139245 0.172794 -0.010000
v 0.138225 0.172687 -0.010478
v 0.139086 0.172645 -0.009983
v 0.138815 0.172535 -0.009888
v 0.138649 0.172434 -0.009449
v 0.122139 0.172771 0.003426
v 0.121881 0.172791 0.002470
v 0.122517 0.172432 0.001789
v 0.132751 0.172393 -0.004525
v 0.133011 0.172330 -0.009817
v 0.134383 0.172297 -0.006579
v 0.134696 0.172384 -0.004375
v 0.135745 0.172314 -0.005575
v 0.136821 0.172413 -0.002464
v 0.140762 0.172305 -0.005107
v 0.136537 0.172292 -0.008022
v 0.137336 0.172425 -0.001185
v 0.138159 0.172338 -0.002260
v 0.140692 0.172283 -0.000698
v 0.138393 0.172349 0.000489
v 0.142824 0.172324 -0.000067
v 0.137391 0.172441 0.000468
v 0.139079 0.172310 0.001875
v 0.137581 0.172372 0.002176
v 0.140238 0.172286 0.003244
v 0.140973 0.172308 0.005187
v 0.136613 0.172331 0.004351
v 0.133599 0.172306 0.006295
v 0.135182 0.172399 0.004106
v 0.136022 0.172317 0.009023
v 0.132382 0.172292 0.008717
v 0.132374 0.172395 0.004475
v 0.129853 0.172315 0.004736
v 0.127046 0.172323 0.007207
v 0.130286 0.172399 0.003356
v 0.127020 0.172288 0.005612
v 0.128223 0.172327 0.002225
v 0.129052 0.172429 0.000265
v 0.123229 0.172352 -0.000253
v 0.126157 0.172287 0.000366
v 0.128042 0.172345 -0.000476
v 0.124145 0.172342 -0.003944
v 0.124443 0.172296 0.000497
v 0.129469 0.172375 -0.002789
v 0.126521 0.172292 -0.005315
v 0.127339 0.172328 -0.007683
v 0.128762 0.172299 -0.004985
v 0.130952 0.172374 -0.004123
v 0.135713 0.179173 -0.000445
v 0.135483 0.179173 0.001127
v 0.131086 0.179173 0.001212
v 0.133757 0.178974 0.002918
v 0.135813 0.178944 -0.001525
v 0.136033 0.178887 -0.001126
v 0.130648 0.179003 -0.001349
v 0.133355 0.178977 0.002960
v 0.136141 0.178976 -0.000691
v 0.135962 0.179049 -0.001119
v 0.132845 0.178844 0.002968
v 0.136199 0.179018 -0.000206
v 0.130956 0.178954 -0.001863
v 0.132220 0.178765 0.002822
v 0.132402 0.179034 0.002795
v 0.136253 0.178884 -0.000056
v 0.131986 0.179005 0.002654
v 0.136236 0.178823 0.000431
v 0.136177 0.179033 0.000318
v 0.136129 0.179008 0.000677
v 0.131407 0.178604 -0.002378
v 0.131628 0.178833 -0.002507
v 0.131301 0.178924 -0.002233
v 0.131744 0.179003 -0.002520
v 0.131418 0.178869 0.002351
v 0.131463 0.179020 0.002317
v 0.136075 0.178937 0.000974
v 0.135904 0.178986 0.001322
v 0.132125 0.178868 -0.002763
v 0.132310 0.179054 -0.002751
v 0.133345 0.178687 -0.003016
v 0.133632 0.178956 -0.002941
v 0.130991 0.178917 0.001921
v 0.130891 0.179025 0.001719
v 0.132676 0.178999 -0.002886
v 0.135317 0.178683 0.002216
v 0.135702 0.178995 0.001671
v 0.135522 0.178939 0.001934
v 0.133161 0.178927 -0.002973
v 0.134617 0.178945 -0.002647
v 0.134110 0.179018 -0.002812
v 0.130575 0.178977 0.001214
v 0.135200 0.178945 0.002256
v 0.130388 0.178683 0.000908
v 0.130403 0.178969 0.000761
v 0.134670 0.178898 0.002634
v 0.134783 0.179010 0.002522
v 0.135011 0.178964 -0.002397
v 0.135316 0.179014 -0.002105
v 0.130257 0.178773 0.000036
v 0.130333 0.179021 0.000056
v 0.135619 0.179057 -0.001717
v 0.134073 0.178936 0.002861
v 0.135622 0.178872 -0.001839
v 0.131726 0.176540 -0.014245
v 0.132375 0.176676 -0.014114
v 0.133114 0.176765 -0.013924
v 0.133172 0.176539 -0.014330
v 0.134126 0.176674 -0.014124
v 0.130651 0.176776 -0.013653
v 0.129597 0.176612 -0.013771
v 0.130563 0.176532 -0.014076
v 0.131032 0.176680 -0.013954
v 0.128317 0.176776 -0.012987
v 0.128182 0.176681 -0.013194
v 0.126952 0.176540 -0.012865
v 0.128302 0.176544 -0.013434
v 0.125846 0.176612 -0.012162
v 0.126465 0.176712 -0.012325
v 0.123728 0.176695 -0.010394
v 0.123939 0.176540 -0.010875
v 0.124855 0.176596 -0.011526
v 0.123230 0.176754 -0.009698
v 0.122311 0.176663 -0.008989
v 0.122229 0.176563 -0.009096
v 0.122995 0.176552 -0.009969
v 0.121987 0.176758 -0.008204
v 0.121431 0.176610 -0.007940
v 0.119528 0.172675 -0.011627
v 0.120890 0.176740 -0.006543
v 0.120273 0.176635 -0.005778
v 0.120787 0.176570 -0.006977
v 0.120128 0.176788 -0.004379
v 0.119731 0.176669 -0.004134
v 0.119808 0.176563 -0.004854
v 0.119068 0.176584 -0.001513
v 0.119394 0.176712 -0.002385
v 0.119296 0.176582 -0.002990
v 0.119300 0.176753 -0.000531
v 0.118977 0.176576 -0.000219
v 0.119403 0.176714 0.002361
v 0.119074 0.176559 0.001796
v 0.119065 0.176620 0.001020
v 0.119914 0.176803 0.003423
v 0.119820 0.176696 0.004239
v 0.119568 0.176550 0.004177
v 0.119288 0.176591 0.002885
v 0.120386 0.176728 0.005583
v 0.120114 0.176558 0.005635
v 0.121663 0.176610 0.008272
v 0.121183 0.176568 0.007640
v 0.120797 0.176674 0.006691
v 0.120656 0.176541 0.006793
v 0.123092 0.176796 0.009365
v 0.122820 0.176654 0.009589
v 0.123107 0.176522 0.010136
v 0.122077 0.176528 0.008965
v 0.122013 0.176734 0.008348
v 0.124463 0.176537 0.011307
v 0.123725 0.176670 0.010447
v 0.126084 0.176666 0.012206
v 0.125812 0.176547 0.012230
v 0.124811 0.176707 0.011267
v 0.127276 0.176787 0.012504
v 0.127928 0.176721 0.013002
v 0.127356 0.176550 0.013043
v 0.129823 0.176751 0.013539
v 0.130244 0.176666 0.013835
v 0.129759 0.176534 0.013903
v 0.128563 0.176596 0.013468
v 0.132361 0.176716 0.014039
v 0.132294 0.176548 0.014287
v 0.131249 0.176590 0.014131
v 0.134047 0.176687 0.014104
v 0.133428 0.176549 0.014316
v 0.136888 0.176619 0.013775
v 0.135711 0.176531 0.014128
v 0.134804 0.176799 0.013700
v 0.135329 0.176697 0.013949
v 0.134548 0.176545 0.014263
v 0.138518 0.176745 0.012963
v 0.137807 0.176599 0.013524
v 0.136652 0.176758 0.013534
v 0.140252 0.176688 0.012270
v 0.139929 0.176563 0.012659
v 0.138810 0.176603 0.013139
v 0.141449 0.176598 0.011688
v 0.141222 0.176754 0.011469
v 0.140924 0.176541 0.012107
v 0.144221 0.172653 0.014308
v 0.143282 0.176674 0.010002
v 0.143579 0.176530 0.009967
v 0.142172 0.176681 0.010967
v 0.142511 0.176541 0.010946
v 0.143818 0.176799 0.008883
v 0.144559 0.176718 0.008372
v 0.144395 0.176569 0.008979
v 0.146174 0.174938 0.009195
v 0.145738 0.176569 0.006990
v 0.145378 0.176768 0.006865
v 0.145307 0.176670 0.007437
v 0.145056 0.176547 0.008136
v 0.146818 0.176538 0.004680
v 0.146160 0.176615 0.006062
v 0.150071 0.172676 0.006458
v 0.149319 0.172672 0.008152
v 0.147016 0.176656 0.003454
v 0.147302 0.176541 0.002883
v 0.146599 0.176728 0.004417
v 0.150488 0.172668 0.005260
v 0.147335 0.176699 0.000958
v 0.147507 0.176563 0.001369
v 0.147101 0.176742 0.002245
v 0.149104 0.174752 0.002452
v 0.147239 0.176733 -0.001264
v 0.147515 0.176596 -0.000765
v 0.147477 0.176551 -0.001739
v 0.147530 0.176599 0.000061
v 0.146893 0.176787 -0.002477
v 0.146851 0.176740 -0.003461
v 0.147287 0.176566 -0.002837
v 0.150711 0.172651 -0.004522
v 0.146453 0.176677 -0.005105
v 0.146842 0.176580 -0.004466
v 0.148740 0.174129 -0.006069
v 0.145849 0.176551 -0.006834
v 0.146249 0.176592 -0.005936
v 0.144453 0.176798 -0.008108
v 0.144616 0.176540 -0.008750
v 0.144609 0.176686 -0.008420
v 0.145209 0.176561 -0.007875
v 0.145260 0.176678 -0.007481
v 0.143569 0.176685 -0.009674
v 0.143870 0.176526 -0.009655
v 0.145924 0.172740 -0.012713
v 0.140677 0.176774 -0.011762
v 0.141655 0.176520 -0.011637
v 0.141881 0.176696 -0.011174
v 0.142751 0.176567 -0.010711
v 0.142927 0.174181 -0.013459
v 0.139723 0.176569 -0.012763
v 0.140850 0.176600 -0.012080
v 0.137728 0.176736 -0.013280
v 0.137594 0.176578 -0.013615
v 0.138412 0.176600 -0.013306
v 0.139351 0.176769 -0.012529
v 0.135162 0.176745 -0.013859
v 0.136701 0.176697 -0.013681
v 0.135448 0.176585 -0.014114
v 0.136375 0.176533 -0.013995
v 0.134327 0.176537 -0.014289
v 0.121422 0.176744 0.001424
v 0.122052 0.176646 0.003568
v 0.121655 0.176665 0.002053
v 0.121766 0.176582 0.002277
v 0.122112 0.176505 0.003473
v 0.121815 0.176401 0.002186
v 0.122099 0.176340 0.003326
v 0.139544 0.176722 -0.010084
v 0.138707 0.176643 -0.010434
v 0.139721 0.176569 -0.009764
v 0.138834 0.176425 -0.010244
v 0.139723 0.176393 -0.009707
v 0.141805 0.176703 0.008217
v 0.140756 0.176680 0.009128
v 0.141538 0.176560 0.008280
v 0.140852 0.176546 0.008907
v 0.141354 0.176381 0.008392
v 0.140744 0.176374 0.008941
v 0.122754 0.176735 0.005565
v 0.122083 0.176751 0.004167
v 0.122427 0.176565 0.004414
v 0.122800 0.176577 0.005250
v 0.122756 0.176385 0.005031
v 0.122428 0.176378 0.004283
v 0.122383 0.172813 0.004154
v 0.137432 0.176699 -0.011088
v 0.137342 0.176574 -0.010985
v 0.137173 0.176399 -0.010981
v 0.137923 0.176425 -0.010690
v 0.132418 0.176711 -0.011836
v 0.132395 0.176588 -0.011691
v 0.133340 0.176604 -0.011733
v 0.132020 0.176422 -0.011590
v 0.133627 0.176430 -0.011654
v 0.132791 0.176397 -0.011645
v 0.132432 0.172811 -0.011622
v 0.142527 0.176637 0.007261
v 0.141984 0.176498 0.007778
v 0.142154 0.176374 0.007548
v 0.123275 0.176718 0.006391
v 0.123310 0.176594 0.006193
v 0.123141 0.176417 0.005773
v 0.134784 0.176762 -0.011870
v 0.135936 0.176585 -0.011414
v 0.134806 0.176536 -0.011587
v 0.135662 0.176412 -0.011407
v 0.136475 0.176380 -0.011206
v 0.130971 0.176692 -0.011603
v 0.129695 0.176667 -0.011246
v 0.130618 0.176519 -0.011382
v 0.131174 0.176541 -0.011503
v 0.130050 0.176473 -0.011215
v 0.131167 0.176344 -0.011464
v 0.143558 0.176698 0.005846
v 0.143557 0.176562 0.005575
v 0.142907 0.176559 0.006648
v 0.142947 0.176420 0.006501
v 0.143278 0.176358 0.005968
v 0.124154 0.176687 0.007533
v 0.124196 0.176565 0.007409
v 0.124426 0.176414 0.007598
v 0.123690 0.176416 0.006650
v 0.124113 0.172788 0.007203
v 0.133474 0.176748 -0.011929
v 0.134537 0.176640 -0.011697
v 0.134690 0.176393 -0.011571
v 0.129055 0.176478 -0.010876
v 0.129687 0.176379 -0.011093
v 0.144311 0.176724 0.004400
v 0.144262 0.176635 0.004192
v 0.143973 0.176508 0.004684
v 0.144197 0.176350 0.004048
v 0.143752 0.176319 0.005089
v 0.125215 0.176642 0.008577
v 0.125835 0.176539 0.009024
v 0.125096 0.176440 0.008318
v 0.125900 0.176362 0.009030
v 0.126660 0.176725 -0.009876
v 0.127393 0.176716 -0.010309
v 0.128308 0.176691 -0.010734
v 0.127045 0.176584 -0.009934
v 0.128304 0.176548 -0.010593
v 0.127147 0.176407 -0.009922
v 0.128066 0.176441 -0.010434
v 0.144624 0.176654 0.003108
v 0.144842 0.176667 0.002231
v 0.144695 0.176489 0.002405
v 0.144404 0.176508 0.003528
v 0.144582 0.176343 0.002811
v 0.126279 0.176666 0.009502
v 0.126725 0.176571 0.009715
v 0.127304 0.176455 0.010021
v 0.126551 0.176390 0.009524
v 0.125550 0.176695 -0.008975
v 0.125901 0.176561 -0.009097
v 0.126422 0.176445 -0.009437
v 0.125665 0.176366 -0.008838
v 0.144996 0.176666 0.001261
v 0.144903 0.176567 0.001304
v 0.144916 0.176491 0.000837
v 0.144915 0.176386 0.000530
v 0.144798 0.176369 0.001692
v 0.128855 0.176735 0.011054
v 0.127452 0.176673 0.010267
v 0.128409 0.176605 0.010682
v 0.128781 0.176423 0.010760
v 0.127976 0.176414 0.010387
v 0.124304 0.176704 -0.007745
v 0.125289 0.176584 -0.008578
v 0.124503 0.176581 -0.007776
v 0.124893 0.176412 -0.008110
v 0.145038 0.176650 -0.000025
v 0.144889 0.176446 -0.000953
v 0.144922 0.176445 -0.000301
v 0.129661 0.176704 0.011281
v 0.129735 0.176567 0.011166
v 0.129668 0.176393 0.011087
v 0.123478 0.176719 -0.006700
v 0.123873 0.176551 -0.006980
v 0.123517 0.176417 -0.006395
v 0.124233 0.176389 -0.007366
v 0.144990 0.176662 -0.001217
v 0.144740 0.176668 -0.002746
v 0.144841 0.176563 -0.001732
v 0.144713 0.176523 -0.002362
v 0.144747 0.176316 -0.002010
v 0.131939 0.176759 0.011893
v 0.130941 0.176697 0.011606
v 0.131845 0.176640 0.011679
v 0.131183 0.176560 0.011524
v 0.131737 0.176374 0.011556
v 0.130665 0.176422 0.011365
v 0.122802 0.176575 -0.005251
v 0.123200 0.176596 -0.006012
v 0.122871 0.176374 -0.005275
v 0.144359 0.176710 -0.004206
v 0.144444 0.176580 -0.003512
v 0.144124 0.176552 -0.004368
v 0.144105 0.176390 -0.004288
v 0.144468 0.176397 -0.003244
v 0.133376 0.176735 0.011900
v 0.133764 0.176609 0.011725
v 0.132913 0.176571 0.011702
v 0.133670 0.176420 0.011652
v 0.132660 0.176341 0.011639
v 0.134304 0.176375 0.011609
v 0.122222 0.176676 -0.004161
v 0.121896 0.176633 -0.002976
v 0.122425 0.176550 -0.004400
v 0.122112 0.176468 -0.003399
v 0.122418 0.176416 -0.004264
v 0.143588 0.176723 -0.005889
v 0.143646 0.176505 -0.005364
v 0.143692 0.176375 -0.005227
v 0.134858 0.176723 0.011771
v 0.135620 0.176641 0.011532
v 0.134968 0.176548 0.011576
v 0.135250 0.176370 0.011486
v 0.121653 0.176660 -0.001956
v 0.121771 0.176429 -0.001925
v 0.121879 0.176454 -0.002509
v 0.121656 0.176387 -0.001053
v 0.143568 0.176639 -0.005691
v 0.142313 0.176457 -0.007361
v 0.143027 0.176424 -0.006375
v 0.143127 0.176513 -0.006266
v 0.142617 0.176395 -0.006959
v 0.137434 0.176757 0.011215
v 0.136756 0.176635 0.011230
v 0.136774 0.176503 0.011142
v 0.136301 0.176442 0.011258
v 0.121457 0.176679 -0.000314
v 0.121562 0.176579 0.000376
v 0.121562 0.176591 -0.000674
v 0.121612 0.176395 0.000108
v 0.141703 0.176666 -0.008232
v 0.142669 0.176722 -0.007266
v 0.142577 0.176610 -0.007167
v 0.140909 0.176464 -0.008806
v 0.141747 0.176499 -0.008033
v 0.141570 0.176370 -0.008181
v 0.138885 0.176683 0.010390
v 0.137824 0.176610 0.010817
v 0.138553 0.176526 0.010428
v 0.137558 0.176405 0.010842
v 0.138587 0.176374 0.010370
v 0.121556 0.176636 0.001049
v 0.121653 0.176449 0.001029
v 0.140709 0.176687 -0.009192
v 0.140519 0.176606 -0.009225
v 0.140494 0.176420 -0.009147
v 0.140139 0.176766 0.009802
v 0.139780 0.176637 0.009796
v 0.140191 0.176518 0.009409
v 0.139906 0.176445 0.009585
v 0.139347 0.176417 0.009947
v 0.136045 0.172610 -0.001951
v 0.135946 0.172710 -0.001744
v 0.135865 0.172804 -0.001699
v 0.135890 0.172955 -0.001511
v 0.135838 0.178663 -0.001580
v 0.133459 0.172468 0.003958
v 0.134273 0.172564 0.003382
v 0.134353 0.172710 0.002995
v 0.133986 0.172752 0.003059
v 0.134081 0.172951 0.002913
v 0.134134 0.178627 0.002890
v 0.129989 0.172646 -0.000346
v 0.130190 0.172785 -0.000475
v 0.130283 0.172948 -0.000503
v 0.130248 0.173006 -0.000097
v 0.130296 0.178584 -0.000552
v 0.135610 0.172564 -0.002622
v 0.135588 0.173004 -0.001943
v 0.135515 0.178625 -0.002014
v 0.135020 0.172598 0.002944
v 0.134557 0.172950 0.002738
v 0.134464 0.178698 0.002766
v 0.129569 0.172518 0.000271
v 0.130118 0.172736 0.000227
v 0.130219 0.172874 0.000210
v 0.130280 0.178766 0.000373
v 0.135017 0.172731 -0.002636
v 0.135476 0.172716 -0.002297
v 0.135481 0.172858 -0.002118
v 0.135161 0.173011 -0.002355
v 0.135235 0.178753 -0.002282
v 0.134982 0.172736 0.002655
v 0.134929 0.172939 0.002533
v 0.134868 0.178639 0.002558
v 0.130007 0.172639 0.000604
v 0.130277 0.173014 0.000453
v 0.135002 0.172579 -0.003016
v 0.134857 0.172859 -0.002625
v 0.134734 0.178656 -0.002638
v 0.135052 0.172503 0.003331
v 0.135496 0.172713 0.002280
v 0.135471 0.172968 0.002077
v 0.130346 0.172671 0.001444
v 0.130318 0.172826 0.000883
v 0.130579 0.172949 0.001386
v 0.130420 0.173012 0.001009
v 0.135616 0.172438 -0.003384
v 0.134368 0.172832 -0.002868
v 0.134144 0.173002 -0.002892
v 0.134660 0.173012 -0.002685
v 0.134335 0.178728 -0.002817
v 0.133866 0.172472 -0.003912
v 0.133248 0.172604 -0.003396
v 0.133070 0.172830 -0.003074
v 0.133182 0.172976 -0.003023
v 0.136639 0.172438 0.002442
v 0.135778 0.172556 0.002485
v 0.135847 0.172795 0.001712
v 0.135492 0.172841 0.002125
v 0.135628 0.178619 0.001882
v 0.130055 0.172560 0.001506
v 0.130596 0.172808 0.001556
v 0.130631 0.178752 0.001459
v 0.134461 0.172636 -0.003091
v 0.133853 0.172687 -0.003167
v 0.133733 0.172953 -0.002991
v 0.133692 0.178670 -0.002984
v 0.134013 0.178767 -0.002917
v 0.132137 0.172601 -0.003234
v 0.133004 0.172731 -0.003169
v 0.132612 0.172974 -0.002956
v 0.132366 0.178614 -0.002880
v 0.132730 0.178745 -0.002965
v 0.135974 0.172602 0.002052
v 0.135825 0.172975 0.001612
v 0.129624 0.172456 0.001715
v 0.130683 0.172628 0.002131
v 0.130724 0.172733 0.001890
v 0.130893 0.172872 0.001919
v 0.130797 0.173020 0.001738
v 0.130891 0.178616 0.001859
v 0.133893 0.172798 -0.003047
v 0.132106 0.172501 -0.003595
v 0.131968 0.172736 -0.002881
v 0.132445 0.172810 -0.002981
v 0.132104 0.172940 -0.002791
v 0.136753 0.172503 0.001430
v 0.136162 0.172738 0.001249
v 0.136029 0.172945 0.001234
v 0.136061 0.178654 0.001135
v 0.135905 0.178733 0.001458
v 0.131214 0.172731 0.002414
v 0.131087 0.172929 0.002098
v 0.131332 0.172946 0.002322
v 0.131160 0.178631 0.002158
v 0.131776 0.172944 -0.002633
v 0.131889 0.178582 -0.002687
v 0.136448 0.172600 0.001267
v 0.136314 0.172735 0.000822
v 0.136232 0.172862 0.000760
v 0.136192 0.173009 0.000772
v 0.130877 0.172520 0.002813
v 0.131479 0.172601 0.002914
v 0.131739 0.172690 0.002846
v 0.131673 0.172807 0.002651
v 0.131627 0.172978 0.002539
v 0.131842 0.178666 0.002657
v 0.131472 0.178573 0.002426
v 0.131282 0.172735 -0.002465
v 0.131340 0.172862 -0.002377
v 0.131371 0.173004 -0.002353
v 0.136829 0.172548 0.000279
v 0.136432 0.172708 0.000363
v 0.136202 0.178606 0.000709
v 0.131980 0.172941 0.002735
v 0.130889 0.172518 -0.002828
v 0.131230 0.172632 -0.002641
v 0.131009 0.172973 -0.002012
v 0.131067 0.178631 -0.002063
v 0.136411 0.172737 -0.000310
v 0.136290 0.172942 0.000177
v 0.136278 0.178579 0.000215
v 0.132204 0.172534 0.003462
v 0.132301 0.172977 0.002865
v 0.130846 0.172827 -0.001902
v 0.130785 0.178691 -0.001712
v 0.136742 0.172560 -0.000575
v 0.136275 0.172937 -0.000368
v 0.136264 0.178666 -0.000372
v 0.132410 0.172811 0.002975
v 0.133107 0.172899 0.003038
v 0.132784 0.172965 0.002987
v 0.132553 0.178626 0.002932
v 0.130753 0.172684 -0.002030
v 0.130527 0.172863 -0.001356
v 0.130665 0.173030 -0.001539
v 0.130577 0.178690 -0.001362
v 0.136496 0.172561 -0.001422
v 0.136278 0.172713 -0.001052
v 0.136179 0.172852 -0.000959
v 0.136126 0.173008 -0.000984
v 0.136171 0.178742 -0.000798
v 0.133299 0.172560 0.003528
v 0.132709 0.172680 0.003209
v 0.133162 0.178616 0.003019
v 0.130195 0.172526 -0.001987
v 0.130427 0.172720 -0.001434
v 0.130412 0.172951 -0.000999
v 0.130464 0.178744 -0.001099
v 0.136049 0.178615 -0.001171
v 0.133266 0.172750 0.003146
v 0.133599 0.172874 0.003033
v 0.133494 0.172992 0.003018
v 0.133702 0.178624 0.002986
v 0.129356 0.172450 -0.001011
v 0.130002 0.172584 -0.001153
v 0.130215 0.172732 -0.000824
v 0.133203 0.179068 -0.002900
v 0.133435 0.179154 -0.002713
v 0.133811 0.179086 -0.002830
v 0.133837 0.179171 -0.002501
v 0.134317 0.179118 -0.002629
v 0.134673 0.179163 -0.002272
v 0.134731 0.179082 -0.002489
v 0.135240 0.179134 -0.001988
v 0.135384 0.179171 -0.001439
v 0.135824 0.179143 -0.001086
v 0.136090 0.179088 -0.000581
v 0.135873 0.179162 0.000613
v 0.136067 0.179133 0.000006
v 0.136003 0.179097 0.000866
v 0.135564 0.179152 0.001450
v 0.135601 0.179125 0.001598
v 0.134997 0.179162 0.002041
v 0.135334 0.179067 0.002031
v 0.134460 0.179168 0.002298
v 0.134810 0.179113 0.002388
v 0.134141 0.179083 0.002753
v 0.133627 0.179170 0.002531
v 0.134055 0.179145 0.002636
v 0.133287 0.179142 0.002764
v 0.133307 0.179094 0.002873
v 0.132793 0.179055 0.002873
v 0.132420 0.179171 0.002414
v 0.132445 0.179135 0.002668
v 0.131760 0.179099 0.002431
v 0.131701 0.179160 0.002177
v 0.131313 0.179090 0.002111
v 0.130658 0.179075 0.001249
v 0.131002 0.179146 0.001583
v 0.130524 0.179123 0.000686
v 0.130422 0.179105 0.000246
v 0.130747 0.179171 0.000385
v 0.130630 0.179164 -0.000219
v 0.130531 0.179082 -0.000911
v 0.130515 0.179135 -0.000464
v 0.130957 0.179170 -0.001150
v 0.130801 0.179121 -0.001384
v 0.131100 0.179103 -0.001866
v 0.131556 0.179169 -0.001959
v 0.131476 0.179077 -0.002266
v 0.131562 0.179140 -0.002192
v 0.132524 0.179166 -0.002513
v 0.132175 0.179116 -0.002621
v 0.132844 0.179127 -0.002782
v 0.133375 0.170455 -0.009523
v 0.133503 0.170809 -0.009969
v 0.133566 0.171370 -0.010482
v 0.133411 0.171816 -0.010806
v 0.133750 0.172335 -0.010991
v 0.133381 0.173511 -0.011297
v 0.133293 0.174023 -0.011324
v 0.133400 0.174677 -0.011285
v 0.133979 0.170273 -0.008927
v 0.134073 0.173055 -0.011168
v 0.133964 0.171151 -0.010135
v 0.133984 0.171652 -0.010558
v 0.133945 0.170688 -0.009614
v 0.134352 0.174564 -0.011255
v 0.134173 0.172313 -0.010912
v 0.134298 0.170716 -0.009658
v 0.134345 0.171324 -0.010296
v 0.134511 0.171889 -0.010707
v 0.134533 0.170310 -0.009147
v 0.134868 0.172290 -0.010922
v 0.134910 0.172967 -0.011112
v 0.135010 0.173638 -0.011189
v 0.134414 0.175151 -0.011173
v 0.134737 0.170843 -0.009934
v 0.134834 0.171363 -0.010416
v 0.135188 0.174069 -0.011169
v 0.134761 0.170455 -0.009419
v 0.134984 0.171816 -0.010683
v 0.133925 0.169904 -0.008144
v 0.133407 0.170114 -0.008860
v 0.134953 0.170809 -0.009842
v 0.135090 0.171370 -0.010340
v 0.135346 0.172335 -0.010817
v 0.135272 0.170273 -0.008742
v 0.135692 0.173055 -0.010946
v 0.135433 0.171151 -0.009939
v 0.135514 0.171652 -0.010355
v 0.135339 0.170688 -0.009426
v 0.135769 0.174588 -0.011040
v 0.135753 0.172313 -0.010678
v 0.136280 0.175231 -0.010823
v 0.135695 0.170716 -0.009419
v 0.135834 0.171324 -0.010042
v 0.136058 0.171889 -0.010425
v 0.135852 0.170310 -0.008879
v 0.136442 0.172290 -0.010585
v 0.136512 0.172967 -0.010768
v 0.136595 0.173702 -0.010840
v 0.136169 0.170843 -0.009628
v 0.136335 0.171363 -0.010091
v 0.137036 0.174518 -0.010691
v 0.136118 0.170455 -0.009115
v 0.136522 0.171816 -0.010332
v 0.135105 0.169904 -0.007975
v 0.134697 0.170114 -0.008758
v 0.136369 0.170809 -0.009505
v 0.136577 0.171370 -0.009978
v 0.136900 0.172335 -0.010412
v 0.136524 0.170273 -0.008371
v 0.137261 0.173055 -0.010489
v 0.136858 0.171151 -0.009531
v 0.136999 0.171652 -0.009931
v 0.136690 0.170688 -0.009038
v 0.138184 0.173607 -0.010226
v 0.137282 0.172313 -0.010216
v 0.138038 0.174170 -0.010310
v 0.137041 0.170716 -0.008978
v 0.137270 0.171324 -0.009575
v 0.137547 0.171889 -0.009921
v 0.137118 0.170310 -0.008421
v 0.137951 0.172290 -0.010024
v 0.138046 0.172967 -0.010194
v 0.137782 0.175149 -0.010321
v 0.137541 0.170843 -0.009116
v 0.137773 0.171363 -0.009550
v 0.137416 0.170455 -0.008616
v 0.137993 0.171816 -0.009762
v 0.136345 0.170032 -0.007916
v 0.137720 0.170809 -0.008966
v 0.137996 0.171370 -0.009403
v 0.138378 0.172335 -0.009786
v 0.137709 0.170273 -0.007821
v 0.138746 0.173055 -0.009809
v 0.138209 0.171151 -0.008920
v 0.138406 0.171652 -0.009295
v 0.137970 0.170688 -0.008456
v 0.139024 0.174830 -0.009743
v 0.138728 0.172313 -0.009536
v 0.139585 0.173629 -0.009441
v 0.139513 0.174176 -0.009505
v 0.138309 0.170716 -0.008347
v 0.138622 0.171324 -0.008904
v 0.138947 0.171889 -0.009206
v 0.138305 0.170310 -0.007784
v 0.139361 0.172290 -0.009248
v 0.139480 0.172967 -0.009403
v 0.138824 0.170843 -0.008410
v 0.139116 0.171363 -0.008805
v 0.138627 0.170455 -0.007934
v 0.139365 0.171816 -0.008983
v 0.140105 0.174972 -0.009008
v 0.137466 0.170032 -0.007397
v 0.138979 0.170809 -0.008235
v 0.139316 0.171370 -0.008628
v 0.139750 0.172335 -0.008951
v 0.138802 0.170273 -0.007104
v 0.140117 0.173055 -0.008921
v 0.139456 0.171151 -0.008119
v 0.139706 0.171652 -0.008461
v 0.139152 0.170688 -0.007695
v 0.140862 0.173685 -0.008464
v 0.140778 0.174359 -0.008544
v 0.140059 0.172313 -0.008652
v 0.139472 0.170716 -0.007537
v 0.139863 0.171324 -0.008042
v 0.140228 0.171889 -0.008294
v 0.139385 0.170310 -0.006981
v 0.140684 0.172485 -0.008326
v 0.140784 0.172967 -0.008411
v 0.139990 0.170843 -0.007525
v 0.140337 0.171363 -0.007873
v 0.139726 0.170455 -0.007082
v 0.140644 0.171998 -0.008120
v 0.141259 0.175208 -0.007962
v 0.138325 0.169904 -0.006480
v 0.138288 0.170114 -0.007363
v 0.140119 0.170809 -0.007329
v 0.140508 0.171370 -0.007669
v 0.141250 0.172571 -0.007729
v 0.139778 0.170273 -0.006236
v 0.141344 0.173055 -0.007842
v 0.140573 0.171151 -0.007145
v 0.140870 0.171652 -0.007447
v 0.141176 0.172167 -0.007540
v 0.140211 0.170688 -0.006769
v 0.142017 0.173831 -0.007298
v 0.141580 0.174409 -0.007758
v 0.140504 0.170716 -0.006567
v 0.140964 0.171324 -0.007010
v 0.141362 0.171889 -0.007206
v 0.142008 0.173289 -0.007234
v 0.140338 0.170310 -0.006030
v 0.141907 0.172816 -0.007212
v 0.141015 0.170843 -0.006479
v 0.141409 0.171363 -0.006774
v 0.141794 0.172333 -0.007125
v 0.142112 0.174989 -0.007074
v 0.140689 0.170455 -0.006080
v 0.141698 0.171816 -0.006872
v 0.139423 0.170032 -0.005900
v 0.141114 0.170809 -0.006267
v 0.141549 0.171370 -0.006546
v 0.142057 0.172335 -0.006730
v 0.140618 0.170273 -0.005235
v 0.142401 0.173055 -0.006596
v 0.141536 0.171151 -0.006018
v 0.141874 0.171652 -0.006274
v 0.141124 0.170688 -0.005700
v 0.142667 0.174407 -0.006413
v 0.142267 0.172313 -0.006355
v 0.142995 0.173674 -0.005926
v 0.141384 0.170716 -0.005457
v 0.141904 0.171324 -0.005828
v 0.142326 0.171889 -0.005964
v 0.142642 0.175278 -0.006266
v 0.141141 0.170310 -0.004949
v 0.142719 0.172290 -0.005827
v 0.142893 0.172967 -0.005916
v 0.141877 0.170843 -0.005296
v 0.142309 0.171363 -0.005529
v 0.143126 0.174500 -0.005692
v 0.141496 0.170455 -0.004948
v 0.142610 0.171816 -0.005585
v 0.140217 0.170032 -0.004955
v 0.141943 0.170809 -0.005071
v 0.142415 0.171370 -0.005284
v 0.142945 0.172335 -0.005392
v 0.141302 0.170273 -0.004122
v 0.143265 0.173055 -0.005209
v 0.142325 0.171151 -0.004763
v 0.142697 0.171652 -0.004968
v 0.141871 0.170688 -0.004508
v 0.143654 0.173725 -0.004671
v 0.143766 0.174169 -0.004465
v 0.143381 0.175098 -0.005072
v 0.143098 0.172313 -0.004991
v 0.142093 0.170716 -0.004230
v 0.142661 0.171324 -0.004522
v 0.143099 0.171890 -0.004595
v 0.143722 0.173328 -0.004457
v 0.141779 0.170310 -0.003764
v 0.143575 0.172632 -0.004441
v 0.142557 0.170843 -0.003999
v 0.143019 0.171363 -0.004167
v 0.142130 0.170455 -0.003710
v 0.143393 0.171984 -0.004263
v 0.143896 0.174884 -0.003983
v 0.140866 0.170032 -0.003903
v 0.142590 0.170809 -0.003767
v 0.143088 0.171370 -0.003910
v 0.143628 0.172335 -0.003939
v 0.141818 0.170273 -0.002922
v 0.143917 0.173055 -0.003711
v 0.142924 0.171151 -0.003407
v 0.143321 0.171652 -0.003555
v 0.142437 0.170688 -0.003221
v 0.144279 0.174495 -0.002950
v 0.143721 0.172313 -0.003520
v 0.142616 0.170716 -0.002913
v 0.143221 0.171324 -0.003119
v 0.143664 0.171890 -0.003128
v 0.142237 0.170310 -0.002498
v 0.144001 0.172290 -0.002883
v 0.144193 0.172967 -0.002918
v 0.144235 0.173732 -0.003092
v 0.143041 0.170843 -0.002617
v 0.143523 0.171363 -0.002717
v 0.144383 0.174063 -0.002568
v 0.142577 0.170455 -0.002394
v 0.143827 0.171816 -0.002683
v 0.143969 0.175480 -0.003438
v 0.141354 0.170032 -0.002769
v 0.143040 0.170809 -0.002383
v 0.143553 0.171370 -0.002451
v 0.144092 0.172335 -0.002402
v 0.142531 0.170504 -0.001737
v 0.144328 0.172931 -0.002018
v 0.144369 0.173417 -0.002403
v 0.143587 0.171462 -0.001940
v 0.143833 0.171804 -0.001938
v 0.142138 0.170263 -0.001672
v 0.143214 0.171024 -0.002079
v 0.143166 0.170976 -0.001778
v 0.144123 0.172313 -0.001973
v 0.144511 0.175072 -0.001398
v 0.144507 0.173100 -0.001399
v 0.144581 0.174421 -0.001399
v 0.142666 0.170483 -0.001398
v 0.143417 0.171036 -0.001399
v 0.143817 0.171484 -0.001399
v 0.143088 0.170774 -0.001398
v 0.144584 0.173749 -0.001399
v 0.144237 0.172179 -0.001399
v 0.141487 0.169945 -0.001408
v 0.142029 0.170154 -0.002222
v 0.144347 0.172634 0.001399
v 0.144580 0.173731 0.001398
v 0.144561 0.174727 0.001400
v 0.143653 0.171366 0.001399
v 0.144097 0.172043 0.001399
v 0.143071 0.170771 0.001399
v 0.142377 0.170282 0.001398
v 0.143912 0.171664 0.001766
v 0.142932 0.170590 0.001737
v 0.143483 0.171090 0.001754
v 0.144160 0.172162 0.001924
v 0.144338 0.172675 0.001951
v 0.144461 0.173385 0.002026
v 0.144465 0.174032 0.002186
v 0.144309 0.175268 0.002348
v 0.143880 0.171664 0.002040
v 0.143569 0.171227 0.001973
v 0.142480 0.170311 0.001667
v 0.143137 0.170809 0.001951
v 0.144096 0.172335 0.002380
v 0.142026 0.170273 0.002230
v 0.144213 0.173055 0.002730
v 0.143216 0.171151 0.002435
v 0.143629 0.171652 0.002532
v 0.142707 0.170688 0.002322
v 0.144250 0.174576 0.003015
v 0.143943 0.172313 0.002782
v 0.142687 0.170716 0.002678
v 0.143305 0.171324 0.002840
v 0.143679 0.171890 0.003077
v 0.144080 0.174986 0.003399
v 0.142142 0.170310 0.002815
v 0.143887 0.172485 0.003484
v 0.144005 0.172967 0.003544
v 0.144074 0.173699 0.003631
v 0.142878 0.170843 0.003159
v 0.143335 0.171363 0.003342
v 0.142368 0.170455 0.003089
v 0.143682 0.171998 0.003528
v 0.141484 0.170007 0.002163
v 0.142058 0.170124 0.001702
v 0.142748 0.170809 0.003354
v 0.143214 0.171370 0.003580
v 0.143559 0.172571 0.004239
v 0.143885 0.174505 0.004115
v 0.141609 0.170273 0.003468
v 0.143699 0.173055 0.004282
v 0.142756 0.171151 0.003845
v 0.143151 0.171652 0.004000
v 0.143384 0.172165 0.004190
v 0.142269 0.170688 0.003658
v 0.143403 0.173546 0.005178
v 0.143449 0.173996 0.005140
v 0.142197 0.170716 0.004007
v 0.142785 0.171324 0.004257
v 0.143121 0.171890 0.004547
v 0.143420 0.174673 0.005121
v 0.141638 0.170310 0.004064
v 0.143209 0.172290 0.004954
v 0.143375 0.172967 0.005056
v 0.142317 0.170843 0.004512
v 0.142742 0.171363 0.004759
v 0.141822 0.170455 0.004368
v 0.142946 0.171816 0.004987
v 0.143503 0.175248 0.004766
v 0.140885 0.169904 0.003165
v 0.141843 0.170171 0.002951
v 0.142160 0.170809 0.004686
v 0.142587 0.171370 0.004977
v 0.142955 0.172335 0.005373
v 0.141016 0.170273 0.004633
v 0.142966 0.173055 0.005741
v 0.142096 0.171151 0.005172
v 0.142464 0.171652 0.005383
v 0.141642 0.170688 0.004917
v 0.142802 0.175152 0.006064
v 0.142693 0.172313 0.005713
v 0.142552 0.173973 0.006621
v 0.142611 0.174612 0.006478
v 0.141520 0.170716 0.005251
v 0.142065 0.171324 0.005585
v 0.142355 0.171889 0.005920
v 0.140958 0.170310 0.005226
v 0.142437 0.172485 0.006370
v 0.142532 0.172967 0.006460
v 0.142563 0.173625 0.006567
v 0.141565 0.170843 0.005768
v 0.141949 0.171363 0.006074
v 0.141096 0.170455 0.005554
v 0.142228 0.171998 0.006353
v 0.140344 0.169904 0.004227
v 0.141323 0.170171 0.004155
v 0.141384 0.170809 0.005917
v 0.141764 0.171370 0.006267
v 0.141905 0.172571 0.006998
v 0.140260 0.170273 0.005698
v 0.142027 0.173055 0.007079
v 0.141250 0.171151 0.006389
v 0.141583 0.171652 0.006651
v 0.141709 0.172167 0.006945
v 0.140838 0.170688 0.006070
v 0.141486 0.173546 0.007852
v 0.142111 0.174658 0.007140
v 0.140668 0.170716 0.006383
v 0.141159 0.171324 0.006792
v 0.141397 0.171890 0.007166
v 0.140116 0.170310 0.006277
v 0.141494 0.172967 0.007727
v 0.140637 0.170843 0.006901
v 0.140973 0.171363 0.007260
v 0.141364 0.172333 0.007605
v 0.141279 0.174166 0.008093
v 0.141251 0.174849 0.008050
v 0.140205 0.170455 0.006621
v 0.141102 0.171816 0.007537
v 0.141402 0.175357 0.007766
v 0.139654 0.169904 0.005199
v 0.140607 0.170153 0.005243
v 0.140437 0.170809 0.007022
v 0.140762 0.171370 0.007424
v 0.141001 0.172335 0.007910
v 0.139357 0.170273 0.006642
v 0.140904 0.173055 0.008265
v 0.140236 0.171151 0.007470
v 0.140527 0.171652 0.007778
v 0.139874 0.170688 0.007094
v 0.140651 0.172313 0.008159
v 0.139661 0.170716 0.007380
v 0.140087 0.171324 0.007856
v 0.140268 0.171889 0.008260
v 0.139130 0.170310 0.007194
v 0.140175 0.172290 0.008667
v 0.140282 0.172967 0.008829
v 0.140290 0.173702 0.008942
v 0.140166 0.175001 0.008953
v 0.139555 0.170843 0.007887
v 0.139835 0.171363 0.008291
v 0.140286 0.174379 0.008941
v 0.139168 0.170455 0.007547
v 0.139923 0.171816 0.008584
v 0.138830 0.169904 0.006060
v 0.139788 0.170171 0.006273
v 0.139339 0.170809 0.007978
v 0.139602 0.171370 0.008423
v 0.139767 0.172335 0.008938
v 0.138326 0.170273 0.007444
v 0.139620 0.173055 0.009276
v 0.139075 0.171151 0.008391
v 0.139318 0.171652 0.008738
v 0.138772 0.170688 0.007967
v 0.138928 0.173692 0.009847
v 0.139547 0.174420 0.009459
v 0.139385 0.172313 0.009134
v 0.139053 0.175114 0.009678
v 0.138519 0.170716 0.008218
v 0.138871 0.171324 0.008752
v 0.138992 0.171889 0.009178
v 0.138021 0.170310 0.007957
v 0.138840 0.172290 0.009566
v 0.138923 0.172967 0.009743
v 0.138341 0.170843 0.008705
v 0.138558 0.171363 0.009146
v 0.138735 0.174501 0.009944
v 0.138007 0.170455 0.008312
v 0.138603 0.171816 0.009448
v 0.138060 0.170032 0.007034
v 0.138114 0.170809 0.008763
v 0.138309 0.171370 0.009242
v 0.138398 0.172335 0.009776
v 0.137189 0.170273 0.008088
v 0.138203 0.173055 0.010089
v 0.137792 0.171151 0.009134
v 0.137983 0.171652 0.009513
v 0.137554 0.170688 0.008670
v 0.137372 0.173607 0.010571
v 0.138125 0.174995 0.010193
v 0.137991 0.172313 0.009914
v 0.137504 0.174177 0.010537
v 0.137268 0.170716 0.008882
v 0.137538 0.171324 0.009461
v 0.137596 0.171890 0.009901
v 0.136813 0.170310 0.008551
v 0.137389 0.172290 0.010263
v 0.137445 0.172967 0.010449
v 0.137020 0.170843 0.009338
v 0.137171 0.171363 0.009805
v 0.136747 0.170455 0.008900
v 0.137171 0.171816 0.010111
v 0.137083 0.175325 0.010554
v 0.136852 0.169904 0.007379
v 0.137654 0.170114 0.007750
v 0.136787 0.170809 0.009362
v 0.136911 0.171370 0.009864
v 0.136921 0.172335 0.010405
v 0.135970 0.170273 0.008560
v 0.136683 0.173055 0.010686
v 0.136415 0.171151 0.009682
v 0.136548 0.171652 0.010085
v 0.136247 0.170688 0.009189
v 0.136400 0.174821 0.010856
v 0.136498 0.172313 0.010483
v 0.135834 0.173630 0.011035
v 0.135956 0.174070 0.011019
v 0.135933 0.170716 0.009357
v 0.136116 0.171324 0.009968
v 0.136109 0.171889 0.010412
v 0.135531 0.170310 0.008963
v 0.135852 0.172290 0.010740
v 0.135880 0.172967 0.010933
v 0.135621 0.170843 0.009771
v 0.135703 0.171363 0.010256
v 0.135415 0.170455 0.009299
v 0.135658 0.171816 0.010558
v 0.135740 0.169904 0.007809
v 0.136480 0.170114 0.008292
v 0.135387 0.170809 0.009762
v 0.135437 0.171370 0.010276
v 0.135368 0.172335 0.010813
v 0.135528 0.174872 0.011058
v 0.134696 0.170273 0.008848
v 0.135091 0.173055 0.011056
v 0.134973 0.171151 0.010024
v 0.135046 0.171652 0.010442
v 0.134878 0.170688 0.009511
v 0.134171 0.173546 0.011271
v 0.134938 0.172313 0.010828
v 0.134253 0.174023 0.011288
v 0.134298 0.174617 0.011255
v 0.134543 0.170716 0.009631
v 0.134636 0.171324 0.010264
v 0.134564 0.171889 0.010701
v 0.134203 0.170310 0.009184
v 0.134261 0.172290 0.010988
v 0.134262 0.172967 0.011183
v 0.134175 0.170843 0.009996
v 0.134185 0.171363 0.010488
v 0.134039 0.170455 0.009499
v 0.134097 0.171816 0.010780
v 0.134578 0.169904 0.008072
v 0.135239 0.170114 0.008658
v 0.133944 0.170809 0.009953
v 0.133918 0.171370 0.010469
v 0.133772 0.172335 0.010990
v 0.133394 0.170273 0.008949
v 0.133463 0.173055 0.011191
v 0.133496 0.171151 0.010152
v 0.133508 0.171652 0.010576
v 0.133477 0.170688 0.009631
v 0.132835 0.174708 0.011277
v 0.133345 0.172313 0.010943
v 0.132591 0.174015 0.011297
v 0.133128 0.170716 0.009701
v 0.133128 0.171324 0.010340
v 0.132993 0.171889 0.010762
v 0.132857 0.170310 0.009209
v 0.132652 0.172290 0.011003
v 0.132624 0.172967 0.011195
v 0.132513 0.173511 0.011265
v 0.132710 0.170843 0.010009
v 0.132649 0.171363 0.010496
v 0.132649 0.170455 0.009497
v 0.132519 0.171816 0.010773
v 0.133390 0.169904 0.008164
v 0.133958 0.170114 0.008840
v 0.132489 0.170809 0.009932
v 0.132388 0.171370 0.010439
v 0.132167 0.172335 0.010933
v 0.132090 0.170273 0.008858
v 0.131832 0.173055 0.011087
v 0.132017 0.171151 0.010064
v 0.131966 0.171652 0.010485
v 0.132074 0.170688 0.009545
v 0.131579 0.174639 0.011152
v 0.131752 0.172313 0.010824
v 0.131718 0.170716 0.009564
v 0.131625 0.171324 0.010196
v 0.131429 0.171889 0.010594
v 0.131521 0.170310 0.009037
v 0.131057 0.172290 0.010782
v 0.131001 0.172967 0.010969
v 0.130896 0.173638 0.011039
v 0.131260 0.170843 0.009807
v 0.131128 0.171363 0.010281
v 0.130490 0.174644 0.010923
v 0.130721 0.174069 0.011006
v 0.131274 0.170455 0.009292
v 0.130960 0.171816 0.010536
v 0.132201 0.169904 0.008081
v 0.132665 0.170114 0.008833
v 0.131052 0.170809 0.009699
v 0.130879 0.171370 0.010187
v 0.130588 0.172335 0.010643
v 0.130814 0.170273 0.008579
v 0.130234 0.173055 0.010746
v 0.130566 0.171151 0.009761
v 0.130454 0.171652 0.010170
v 0.130697 0.170688 0.009257
v 0.130193 0.172313 0.010475
v 0.129374 0.174009 0.010599
v 0.130343 0.170716 0.009223
v 0.130158 0.171324 0.009835
v 0.129907 0.171889 0.010200
v 0.130225 0.170310 0.008673
v 0.129512 0.172290 0.010332
v 0.129430 0.172967 0.010509
v 0.129304 0.173511 0.010543
v 0.129855 0.170843 0.009397
v 0.129655 0.171363 0.009846
v 0.129192 0.174796 0.010478
v 0.129943 0.170455 0.008889
v 0.129451 0.171816 0.010074
v 0.130238 0.175261 0.010754
v 0.131037 0.169904 0.007826
v 0.131386 0.170114 0.008638
v 0.129665 0.170809 0.009260
v 0.129422 0.171370 0.009717
v 0.129068 0.172335 0.010126
v 0.129592 0.170273 0.008117
v 0.128703 0.173055 0.010177
v 0.129174 0.171151 0.009250
v 0.129005 0.171652 0.009639
v 0.129378 0.170688 0.008770
v 0.128702 0.172313 0.009902
v 0.127879 0.174019 0.009909
v 0.128076 0.174946 0.009943
v 0.129032 0.170716 0.008686
v 0.128761 0.171324 0.009264
v 0.128459 0.171889 0.009589
v 0.128996 0.170310 0.008125
v 0.128049 0.172290 0.009662
v 0.127941 0.172967 0.009825
v 0.127812 0.173511 0.009841
v 0.128524 0.170843 0.008787
v 0.128261 0.171363 0.009202
v 0.128685 0.170455 0.008297
v 0.128026 0.171816 0.009398
v 0.129922 0.169904 0.007405
v 0.130150 0.170114 0.008258
v 0.128356 0.170809 0.008623
v 0.128049 0.171370 0.009040
v 0.127640 0.172335 0.009393
v 0.127206 0.174671 0.009462
v 0.128450 0.170273 0.007482
v 0.127271 0.173055 0.009390
v 0.127872 0.171151 0.008542
v 0.127648 0.171652 0.008902
v 0.128144 0.170688 0.008097
v 0.127310 0.172313 0.009118
v 0.126803 0.174065 0.009219
v 0.127814 0.170716 0.007963
v 0.127461 0.171324 0.008496
v 0.127115 0.171889 0.008773
v 0.126564 0.173291 0.008991
v 0.127859 0.170310 0.007403
v 0.126625 0.172632 0.008872
v 0.127296 0.170843 0.007989
v 0.126975 0.171363 0.008362
v 0.126136 0.174527 0.008696
v 0.127527 0.170455 0.007528
v 0.126687 0.171998 0.008631
v 0.126688 0.175279 0.008998
v 0.128880 0.169904 0.006825
v 0.128981 0.170114 0.007703
v 0.127153 0.170809 0.007803
v 0.126789 0.171370 0.008170
v 0.126054 0.172571 0.008284
v 0.126240 0.173704 0.008780
v 0.127413 0.170273 0.006688
v 0.125969 0.173055 0.008404
v 0.126687 0.171151 0.007652
v 0.126412 0.171652 0.007975
v 0.126114 0.172167 0.008090
v 0.127020 0.170688 0.007251
v 0.125284 0.174177 0.007937
v 0.126713 0.170716 0.007071
v 0.126287 0.171324 0.007546
v 0.125904 0.171889 0.007771
v 0.125327 0.173291 0.007906
v 0.126523 0.170446 0.006616
v 0.125361 0.172816 0.007817
v 0.125113 0.174994 0.007649
v 0.126197 0.170843 0.007021
v 0.125826 0.171363 0.007343
v 0.125468 0.172333 0.007722
v 0.125545 0.171816 0.007463
v 0.125850 0.175371 0.008273
v 0.126871 0.170215 0.006343
v 0.127934 0.169904 0.006100
v 0.127907 0.170114 0.006983
v 0.126083 0.170809 0.006816
v 0.125670 0.171370 0.007127
v 0.125176 0.172335 0.007347
v 0.125037 0.173704 0.007650
v 0.126503 0.170273 0.005751
v 0.124824 0.173055 0.007238
v 0.125644 0.171151 0.006599
v 0.125325 0.171652 0.006879
v 0.126032 0.170688 0.006251
v 0.124451 0.174546 0.006951
v 0.124939 0.172313 0.006989
v 0.125755 0.170716 0.006028
v 0.125263 0.171324 0.006436
v 0.124852 0.171889 0.006602
v 0.125827 0.170428 0.005631
v 0.124400 0.172485 0.006534
v 0.124283 0.172967 0.006596
v 0.124159 0.173638 0.006578
v 0.125251 0.170843 0.005903
v 0.124837 0.171363 0.006168
v 0.124049 0.174065 0.006434
v 0.125406 0.170611 0.005643
v 0.124484 0.171998 0.006342
v 0.125883 0.170282 0.005395
v 0.127047 0.169912 0.005212
v 0.127042 0.170035 0.005911
v 0.125053 0.170940 0.005757
v 0.124714 0.171370 0.005931
v 0.123977 0.172571 0.005829
v 0.124070 0.175003 0.006356
v 0.125739 0.170273 0.004691
v 0.123861 0.173055 0.005918
v 0.124628 0.171321 0.005498
v 0.124227 0.171994 0.005748
v 0.125200 0.170688 0.005118
v 0.123319 0.174011 0.005235
v 0.124958 0.170716 0.004856
v 0.124412 0.171324 0.005189
v 0.123903 0.172016 0.005313
v 0.123389 0.174797 0.005265
v 0.125237 0.170310 0.004368
v 0.123544 0.172485 0.005160
v 0.123420 0.172967 0.005204
v 0.123303 0.173511 0.005146
v 0.124478 0.170843 0.004660
v 0.124030 0.171363 0.004861
v 0.124883 0.170455 0.004341
v 0.123647 0.171976 0.004932
v 0.126163 0.170007 0.004347
v 0.126171 0.170074 0.004950
v 0.124428 0.170809 0.004431
v 0.123943 0.171370 0.004609
v 0.123228 0.172571 0.004400
v 0.125137 0.170273 0.003531
v 0.123100 0.173055 0.004472
v 0.124070 0.171151 0.004096
v 0.123684 0.171652 0.004273
v 0.123365 0.172167 0.004250
v 0.122991 0.174683 0.004449
v 0.124542 0.170688 0.003875
v 0.122650 0.174161 0.003687
v 0.124340 0.170716 0.003581
v 0.123752 0.171324 0.003831
v 0.123311 0.171889 0.003872
v 0.124688 0.170310 0.003139
v 0.122768 0.172967 0.003701
v 0.122625 0.173681 0.003572
v 0.122822 0.175252 0.003808
v 0.123894 0.170843 0.003317
v 0.123421 0.171363 0.003451
v 0.122936 0.172333 0.003642
v 0.124341 0.170455 0.003060
v 0.123116 0.171816 0.003440
v 0.125588 0.170032 0.003345
v 0.123878 0.170809 0.003083
v 0.123372 0.171370 0.003189
v 0.122831 0.172335 0.003179
v 0.124710 0.170273 0.002296
v 0.122559 0.173055 0.002931
v 0.123415 0.171321 0.002749
v 0.123055 0.171804 0.002697
v 0.122514 0.175133 0.002904
v 0.124071 0.170688 0.002550
v 0.122769 0.172313 0.002754
v 0.123915 0.170716 0.002230
v 0.123297 0.171324 0.002391
v 0.122292 0.173308 0.002147
v 0.124008 0.170446 0.001746
v 0.122594 0.172099 0.002012
v 0.122464 0.172447 0.002041
v 0.122370 0.172774 0.002049
v 0.123592 0.170821 0.001984
v 0.123134 0.171229 0.001945
v 0.122828 0.171661 0.002009
v 0.122250 0.174257 0.002167
v 0.123470 0.170854 0.001806
v 0.122247 0.175299 0.001399
v 0.124503 0.170185 0.001694
v 0.125469 0.169904 0.002094
v 0.124959 0.170114 0.002815
v 0.122942 0.171519 0.001402
v 0.122626 0.172034 0.001402
v 0.122133 0.174138 0.001398
v 0.124113 0.170412 0.001399
v 0.123359 0.171037 0.001398
v 0.122182 0.173434 0.001399
v 0.122356 0.172679 0.001399
v 0.122358 0.172497 -0.001398
v 0.122134 0.173708 -0.001398
v 0.122190 0.174915 -0.001398
v 0.122726 0.171733 -0.001399
v 0.123246 0.171091 -0.001398
v 0.122933 0.171652 -0.001778
v 0.122578 0.172333 -0.001915
v 0.122244 0.174694 -0.001970
v 0.124080 0.170464 -0.001398
v 0.123512 0.170988 -0.001692
v 0.124153 0.170527 -0.001738
v 0.124591 0.170254 -0.001647
v 0.122342 0.173070 -0.001981
v 0.122414 0.173629 -0.002844
v 0.122391 0.174125 -0.002813
v 0.123697 0.170862 -0.002005
v 0.123233 0.171324 -0.002106
v 0.122843 0.171889 -0.002316
v 0.124213 0.170428 -0.002187
v 0.122668 0.172290 -0.002694
v 0.122484 0.172967 -0.002757
v 0.123635 0.170843 -0.002456
v 0.123167 0.171363 -0.002605
v 0.122495 0.174891 -0.002975
v 0.123934 0.170611 -0.002504
v 0.122918 0.171816 -0.002783
v 0.124641 0.170181 -0.002148
v 0.125192 0.169957 -0.001406
v 0.123620 0.170940 -0.002702
v 0.123270 0.171370 -0.002851
v 0.122825 0.172335 -0.003158
v 0.124879 0.170273 -0.002857
v 0.122735 0.173055 -0.003515
v 0.123707 0.171151 -0.003148
v 0.123302 0.171652 -0.003274
v 0.124206 0.170688 -0.002998
v 0.122964 0.173546 -0.004431
v 0.122812 0.174795 -0.003984
v 0.123007 0.172313 -0.003547
v 0.122907 0.173988 -0.004353
v 0.124253 0.170716 -0.003351
v 0.123648 0.171324 -0.003558
v 0.123292 0.171889 -0.003822
v 0.124806 0.170310 -0.003449
v 0.123175 0.172290 -0.004222
v 0.123001 0.172967 -0.004311
v 0.124096 0.170843 -0.003846
v 0.123655 0.171363 -0.004061
v 0.124601 0.170455 -0.003739
v 0.123435 0.171816 -0.004274
v 0.125623 0.169904 -0.002607
v 0.124480 0.170264 -0.002356
v 0.124241 0.170809 -0.004031
v 0.123793 0.171370 -0.004290
v 0.123397 0.172335 -0.004658
v 0.123338 0.174559 -0.005226
v 0.123200 0.175056 -0.004796
v 0.125385 0.170273 -0.004061
v 0.123360 0.173055 -0.005025
v 0.124268 0.171151 -0.004520
v 0.123886 0.171652 -0.004704
v 0.124740 0.170688 -0.004299
v 0.123634 0.172313 -0.005016
v 0.123682 0.173989 -0.005877
v 0.124837 0.170716 -0.004642
v 0.124270 0.171324 -0.004934
v 0.123956 0.171889 -0.005247
v 0.123697 0.173315 -0.005814
v 0.125400 0.170310 -0.004657
v 0.123804 0.172632 -0.005724
v 0.124755 0.170843 -0.005154
v 0.124350 0.171363 -0.005431
v 0.125239 0.170455 -0.004974
v 0.124054 0.171984 -0.005679
v 0.126085 0.169904 -0.003706
v 0.125224 0.170114 -0.003509
v 0.124925 0.170809 -0.005315
v 0.124520 0.171370 -0.005637
v 0.124181 0.172335 -0.006059
v 0.124143 0.174980 -0.006463
v 0.126062 0.170273 -0.005179
v 0.124198 0.173055 -0.006427
v 0.125023 0.171151 -0.005796
v 0.124672 0.171652 -0.006033
v 0.125458 0.170688 -0.005508
v 0.124686 0.173529 -0.007241
v 0.124468 0.172313 -0.006379
v 0.124615 0.174009 -0.007194
v 0.125604 0.170716 -0.005833
v 0.125085 0.171324 -0.006205
v 0.124820 0.171889 -0.006561
v 0.126163 0.170310 -0.005767
v 0.124823 0.172290 -0.006977
v 0.124682 0.172967 -0.007113
v 0.125597 0.170843 -0.006351
v 0.125236 0.171363 -0.006685
v 0.124780 0.174697 -0.007332
v 0.126049 0.170455 -0.006104
v 0.125087 0.171816 -0.006952
v 0.126702 0.169904 -0.004725
v 0.125749 0.170153 -0.004700
v 0.125788 0.170809 -0.006487
v 0.125434 0.171370 -0.006864
v 0.125161 0.172335 -0.007331
v 0.126893 0.170273 -0.006187
v 0.125231 0.173055 -0.007693
v 0.125956 0.171151 -0.006948
v 0.125643 0.171652 -0.007234
v 0.126344 0.170688 -0.006600
v 0.125492 0.172313 -0.007605
v 0.125754 0.174018 -0.008389
v 0.125808 0.174671 -0.008395
v 0.126536 0.170716 -0.006900
v 0.126077 0.171324 -0.007344
v 0.125866 0.171889 -0.007734
v 0.125803 0.173328 -0.008374
v 0.127079 0.170310 -0.006753
v 0.125858 0.172632 -0.008234
v 0.126605 0.170843 -0.007414
v 0.126296 0.171363 -0.007797
v 0.127016 0.170455 -0.007103
v 0.126085 0.171984 -0.008119
v 0.127461 0.169904 -0.005644
v 0.126490 0.170171 -0.005787
v 0.126814 0.170809 -0.007520
v 0.126518 0.171370 -0.007945
v 0.126316 0.172335 -0.008446
v 0.127863 0.170273 -0.007062
v 0.126438 0.173055 -0.008794
v 0.127047 0.171151 -0.007952
v 0.126778 0.171652 -0.008280
v 0.127380 0.170688 -0.007551
v 0.126683 0.172313 -0.008670
v 0.127106 0.173630 -0.009422
v 0.126998 0.174071 -0.009365
v 0.127613 0.170716 -0.007820
v 0.127223 0.171324 -0.008326
v 0.127072 0.171889 -0.008743
v 0.126832 0.174708 -0.009201
v 0.128129 0.170310 -0.007596
v 0.127195 0.172290 -0.009141
v 0.127099 0.172967 -0.009311
v 0.127756 0.170843 -0.008318
v 0.127507 0.171363 -0.008742
v 0.128118 0.170455 -0.007951
v 0.127440 0.171816 -0.009040
v 0.128251 0.170007 -0.006677
v 0.127406 0.170171 -0.006725
v 0.127978 0.170809 -0.008393
v 0.127748 0.171370 -0.008856
v 0.127621 0.172335 -0.009382
v 0.127675 0.174795 -0.009738
v 0.128950 0.170273 -0.007787
v 0.127792 0.173055 -0.009708
v 0.128272 0.171151 -0.008786
v 0.128054 0.171652 -0.009150
v 0.128543 0.170688 -0.008341
v 0.128581 0.173614 -0.010248
v 0.128016 0.172313 -0.009550
v 0.128461 0.174159 -0.010209
v 0.128813 0.170716 -0.008573
v 0.128501 0.171324 -0.009131
v 0.128412 0.171889 -0.009565
v 0.129291 0.170310 -0.008276
v 0.128592 0.172290 -0.009941
v 0.128522 0.172967 -0.010123
v 0.129027 0.170843 -0.009046
v 0.128842 0.171363 -0.009501
v 0.128547 0.174852 -0.010187
v 0.129331 0.170455 -0.008629
v 0.128820 0.171816 -0.009806
v 0.128173 0.175379 -0.009896
v 0.129338 0.169904 -0.007104
v 0.128511 0.170114 -0.007416
v 0.129258 0.170809 -0.009087
v 0.129097 0.171370 -0.009579
v 0.129048 0.172335 -0.010117
v 0.130131 0.170273 -0.008346
v 0.129265 0.173055 -0.010415
v 0.129605 0.171151 -0.009433
v 0.129443 0.171652 -0.009825
v 0.129809 0.170688 -0.008953
v 0.129607 0.175270 -0.010557
v 0.129883 0.174464 -0.010761
v 0.129464 0.172313 -0.010226
v 0.130110 0.170716 -0.009144
v 0.129882 0.171324 -0.009741
v 0.129857 0.171889 -0.010183
v 0.130539 0.170310 -0.008781
v 0.130090 0.172290 -0.010529
v 0.130047 0.172967 -0.010720
v 0.130105 0.173638 -0.010832
v 0.130390 0.170843 -0.009580
v 0.130274 0.171363 -0.010057
v 0.130274 0.174069 -0.010889
v 0.130631 0.170455 -0.009124
v 0.130296 0.171816 -0.010362
v 0.130301 0.170032 -0.007888
v 0.127385 0.171206 0.007912
v 0.128578 0.171150 0.008638
v 0.127365 0.171125 0.007791
v 0.127428 0.171059 0.007619
v 0.128601 0.171059 0.008402
v 0.127798 0.170970 0.007218
v 0.129135 0.170921 0.007224
v 0.128849 0.170988 0.008070
v 0.130624 0.170809 -0.009588
v 0.130537 0.171370 -0.010097
v 0.130567 0.172335 -0.010637
v 0.130740 0.174992 -0.010937
v 0.131380 0.170273 -0.008727
v 0.130825 0.173055 -0.010901
v 0.131019 0.171151 -0.009879
v 0.130915 0.171652 -0.010291
v 0.131150 0.170688 -0.009375
v 0.131283 0.174529 -0.011108
v 0.130994 0.172313 -0.010684
v 0.131476 0.170716 -0.009519
v 0.131338 0.171324 -0.010143
v 0.131377 0.171889 -0.010585
v 0.131848 0.170310 -0.009098
v 0.131658 0.172290 -0.010893
v 0.131643 0.172967 -0.011088
v 0.131716 0.173638 -0.011190
v 0.131817 0.170843 -0.009910
v 0.131771 0.171363 -0.010400
v 0.131884 0.174062 -0.011221
v 0.131988 0.170455 -0.009424
v 0.131837 0.171816 -0.010698
v 0.131791 0.175327 -0.011074
v 0.131555 0.169904 -0.007962
v 0.130853 0.170114 -0.008498
v 0.132050 0.170809 -0.009884
v 0.132038 0.171370 -0.010401
v 0.132146 0.172335 -0.010931
v 0.132354 0.174697 -0.011240
v 0.132672 0.170273 -0.008922
v 0.132439 0.173055 -0.011153
v 0.132482 0.171151 -0.010115
v 0.132440 0.171652 -0.010537
v 0.132539 0.170688 -0.009597
v 0.132575 0.172313 -0.010915
v 0.132882 0.170716 -0.009692
v 0.132836 0.171324 -0.010329
v 0.132940 0.171889 -0.010761
v 0.133188 0.170310 -0.009221
v 0.133262 0.172290 -0.011025
v 0.133276 0.172967 -0.011219
v 0.133276 0.170843 -0.010029
v 0.133302 0.171363 -0.010520
v 0.132733 0.169904 -0.008140
v 0.132117 0.170114 -0.008772
v 0.133561 0.169845 -0.008110
v 0.133813 0.169535 -0.006953
v 0.133195 0.169859 -0.008171
v 0.133345 0.169592 -0.007294
v 0.133473 0.169276 -0.005781
v 0.133280 0.168950 -0.003600
v 0.134740 0.169845 -0.007994
v 0.134821 0.169535 -0.006813
v 0.134386 0.169859 -0.008108
v 0.134423 0.169615 -0.007304
v 0.134494 0.169221 -0.005314
v 0.134244 0.169346 -0.006097
v 0.133805 0.168950 -0.003573
v 0.135910 0.170083 -0.008416
v 0.135889 0.169845 -0.007708
v 0.136040 0.169713 -0.007124
v 0.135556 0.169859 -0.007872
v 0.135447 0.169592 -0.006989
v 0.135134 0.169276 -0.005503
v 0.134320 0.168950 -0.003470
v 0.137108 0.170083 -0.007954
v 0.136984 0.169845 -0.007257
v 0.137049 0.169713 -0.006658
v 0.136679 0.169859 -0.007468
v 0.136482 0.169597 -0.006614
v 0.135940 0.169228 -0.004831
v 0.135771 0.169445 -0.006116
v 0.135824 0.169322 -0.005493
v 0.134815 0.168950 -0.003293
v 0.138002 0.169845 -0.006652
v 0.137574 0.169535 -0.005548
v 0.137612 0.169723 -0.006506
v 0.137851 0.169953 -0.007115
v 0.136860 0.169384 -0.005323
v 0.136636 0.169445 -0.005700
v 0.135279 0.168950 -0.003046
v 0.139241 0.170083 -0.006537
v 0.138921 0.169845 -0.005906
v 0.138810 0.169713 -0.005312
v 0.138690 0.169859 -0.006195
v 0.138137 0.169561 -0.005359
v 0.137828 0.169405 -0.004598
v 0.137977 0.169321 -0.003855
v 0.136766 0.169200 -0.004094
v 0.135549 0.168922 -0.002566
v 0.135788 0.168902 -0.002102
v 0.140130 0.170083 -0.005611
v 0.139722 0.169845 -0.005033
v 0.139526 0.169713 -0.004462
v 0.139535 0.169859 -0.005353
v 0.138957 0.169592 -0.004677
v 0.138450 0.169367 -0.003574
v 0.137060 0.169114 -0.003012
v 0.134969 0.168751 -0.000982
v 0.140875 0.170083 -0.004565
v 0.140387 0.169845 -0.004053
v 0.140110 0.169713 -0.003517
v 0.140248 0.169859 -0.004397
v 0.139578 0.169592 -0.003812
v 0.138963 0.169405 -0.003116
v 0.138482 0.169254 -0.002345
v 0.137661 0.169151 -0.002620
v 0.141460 0.170083 -0.003422
v 0.140902 0.169845 -0.002986
v 0.140550 0.169713 -0.002496
v 0.140815 0.169859 -0.003347
v 0.140067 0.169592 -0.002866
v 0.139297 0.169390 -0.002244
v 0.137437 0.169057 -0.001660
v 0.141208 0.169830 -0.001854
v 0.140159 0.169525 -0.001304
v 0.140909 0.169735 -0.001398
v 0.141223 0.169859 -0.002226
v 0.140497 0.169615 -0.001878
v 0.138694 0.169221 -0.001034
v 0.139317 0.169346 -0.001571
v 0.136822 0.168950 -0.000988
v 0.141071 0.169726 -0.000849
v 0.140265 0.169522 -0.000213
v 0.140484 0.169561 -0.000792
v 0.139118 0.169276 -0.000519
v 0.136929 0.168950 -0.000473
v 0.141119 0.169725 0.000276
v 0.140260 0.169529 0.000725
v 0.140489 0.169555 0.000323
v 0.138815 0.169228 0.000486
v 0.139379 0.169322 0.000120
v 0.136960 0.168950 0.000052
v 0.141459 0.169894 0.001645
v 0.140695 0.169708 0.001953
v 0.141708 0.169968 0.001399
v 0.140926 0.169704 0.001416
v 0.139513 0.169368 0.001219
v 0.140414 0.169564 0.001200
v 0.138629 0.169221 0.001328
v 0.140962 0.169726 0.001176
v 0.136914 0.168950 0.000575
v 0.141391 0.169957 0.002734
v 0.139806 0.169560 0.002909
v 0.138878 0.169339 0.002603
v 0.140672 0.169710 0.002494
v 0.138794 0.169276 0.001974
v 0.139932 0.169506 0.002145
v 0.136792 0.168950 0.001087
v 0.140926 0.169960 0.003813
v 0.140480 0.169845 0.003887
v 0.139335 0.169535 0.003583
v 0.140010 0.169632 0.003373
v 0.138093 0.169228 0.002756
v 0.136597 0.168950 0.001575
v 0.139995 0.169894 0.004928
v 0.138648 0.169526 0.004480
v 0.140101 0.169859 0.004621
v 0.139437 0.169644 0.004380
v 0.138551 0.169384 0.003693
v 0.137642 0.169228 0.003415
v 0.136333 0.168950 0.002030
v 0.139506 0.169960 0.005831
v 0.139058 0.169845 0.005774
v 0.138050 0.169535 0.005152
v 0.138756 0.169632 0.005146
v 0.137509 0.169276 0.004027
v 0.136006 0.168950 0.002441
v 0.138719 0.170083 0.006971
v 0.138156 0.169845 0.006542
v 0.137593 0.169713 0.006325
v 0.138484 0.169859 0.006367
v 0.137879 0.169615 0.005835
v 0.137129 0.169368 0.005014
v 0.136398 0.169221 0.004505
v 0.135623 0.168950 0.002800
v 0.137153 0.169845 0.007171
v 0.136366 0.169535 0.006285
v 0.137502 0.169859 0.007045
v 0.136942 0.169592 0.006354
v 0.136090 0.169276 0.005097
v 0.135191 0.168950 0.003100
v 0.136068 0.169845 0.007647
v 0.135419 0.169535 0.006656
v 0.136432 0.169859 0.007573
v 0.136006 0.169615 0.006890
v 0.134971 0.169221 0.005190
v 0.135572 0.169346 0.005750
v 0.134720 0.168950 0.003334
v 0.134926 0.169845 0.007960
v 0.134428 0.169535 0.006885
v 0.135297 0.169859 0.007940
v 0.134959 0.169592 0.007117
v 0.134506 0.169276 0.005667
v 0.134220 0.168950 0.003496
v 0.133750 0.169845 0.008103
v 0.133414 0.169535 0.006967
v 0.134120 0.169859 0.008137
v 0.133909 0.169615 0.007360
v 0.133408 0.169221 0.005434
v 0.133822 0.169346 0.006143
v 0.133702 0.168950 0.003584
v 0.132566 0.169845 0.008074
v 0.132399 0.169535 0.006901
v 0.132927 0.169859 0.008161
v 0.132841 0.169592 0.007276
v 0.132824 0.169276 0.005757
v 0.133176 0.168950 0.003596
v 0.131399 0.169845 0.007872
v 0.131405 0.169535 0.006688
v 0.131743 0.169859 0.008011
v 0.131766 0.169615 0.007206
v 0.131840 0.169221 0.005217
v 0.132032 0.169346 0.006016
v 0.132655 0.168950 0.003531
v 0.130274 0.169845 0.007503
v 0.130452 0.169535 0.006332
v 0.130594 0.169859 0.007691
v 0.130767 0.169592 0.006818
v 0.131156 0.169256 0.005208
v 0.132148 0.168950 0.003391
v 0.129215 0.169845 0.006974
v 0.129561 0.169535 0.005841
v 0.129504 0.169859 0.007206
v 0.129802 0.169592 0.006368
v 0.130421 0.169256 0.004832
v 0.131667 0.168950 0.003178
v 0.128243 0.169845 0.006296
v 0.128751 0.169535 0.005226
v 0.128496 0.169859 0.006568
v 0.128913 0.169592 0.005782
v 0.129749 0.169256 0.004353
v 0.131223 0.168950 0.002898
v 0.127796 0.169694 0.005265
v 0.127591 0.169859 0.005790
v 0.128771 0.169359 0.004193
v 0.129214 0.169221 0.003513
v 0.128446 0.169506 0.004865
v 0.130823 0.168950 0.002556
v 0.126483 0.169970 0.005006
v 0.127089 0.169694 0.004399
v 0.126884 0.169713 0.004000
v 0.128592 0.169276 0.003271
v 0.127790 0.169603 0.004587
v 0.127791 0.169506 0.004097
v 0.130478 0.168950 0.002159
v 0.125531 0.170083 0.004005
v 0.126055 0.169845 0.003529
v 0.126370 0.169713 0.003015
v 0.126168 0.169859 0.003882
v 0.126846 0.169597 0.003326
v 0.128364 0.169228 0.002247
v 0.127713 0.169445 0.003367
v 0.128052 0.169322 0.002842
v 0.130195 0.168950 0.001717
v 0.125619 0.169845 0.002428
v 0.126633 0.169535 0.001815
v 0.126018 0.169723 0.002550
v 0.125456 0.169953 0.002886
v 0.127335 0.169384 0.002074
v 0.128090 0.169228 0.001495
v 0.127282 0.169445 0.002509
v 0.129978 0.168950 0.001238
v 0.125008 0.169969 0.001399
v 0.125724 0.169727 0.001398
v 0.126465 0.169529 0.000792
v 0.125354 0.169859 0.001646
v 0.126326 0.169558 0.001292
v 0.127670 0.169276 0.001032
v 0.129834 0.168950 0.000732
v 0.126424 0.169529 -0.000220
v 0.126222 0.169556 0.000262
v 0.125604 0.169726 0.000291
v 0.127580 0.169276 0.000192
v 0.129765 0.168950 0.000211
v 0.125689 0.169726 -0.000978
v 0.125896 0.169712 -0.001395
v 0.126176 0.169578 -0.000780
v 0.127133 0.169368 -0.000767
v 0.128007 0.169221 -0.000940
v 0.125691 0.169726 -0.000618
v 0.129773 0.168950 -0.000314
v 0.133340 0.168564 -0.000004
v 0.125084 0.169996 -0.002228
v 0.126748 0.169535 -0.002198
v 0.125851 0.169720 -0.001973
v 0.125360 0.169891 -0.001806
v 0.128201 0.169221 -0.001709
v 0.127015 0.169417 -0.001596
v 0.129572 0.168992 -0.000985
v 0.125974 0.169845 -0.003357
v 0.127138 0.169535 -0.003137
v 0.125775 0.169859 -0.003044
v 0.126641 0.169592 -0.002840
v 0.128083 0.169276 -0.002365
v 0.130015 0.168950 -0.001334
v 0.126382 0.169894 -0.004430
v 0.127758 0.169526 -0.004082
v 0.126299 0.169859 -0.004116
v 0.126979 0.169644 -0.003925
v 0.127933 0.169380 -0.003286
v 0.128839 0.169228 -0.003094
v 0.130245 0.168950 -0.001807
v 0.126835 0.169957 -0.005422
v 0.128412 0.169526 -0.004854
v 0.127420 0.169710 -0.004942
v 0.128451 0.169384 -0.004062
v 0.129338 0.169228 -0.003719
v 0.130542 0.168950 -0.002241
v 0.127654 0.169960 -0.006264
v 0.128098 0.169845 -0.006175
v 0.128675 0.169713 -0.005999
v 0.128353 0.169632 -0.005526
v 0.129515 0.169276 -0.004319
v 0.130898 0.168950 -0.002628
v 0.129053 0.169845 -0.006875
v 0.129902 0.169535 -0.006049
v 0.129035 0.169723 -0.006458
v 0.128568 0.169953 -0.006916
v 0.129829 0.169384 -0.005304
v 0.130580 0.169228 -0.004720
v 0.129395 0.169445 -0.005245
v 0.131307 0.168950 -0.002958
v 0.129643 0.170083 -0.007970
v 0.130100 0.169845 -0.007429
v 0.130602 0.169713 -0.007094
v 0.129742 0.169859 -0.007329
v 0.130217 0.169615 -0.006678
v 0.130770 0.169368 -0.005714
v 0.131373 0.169221 -0.005058
v 0.131759 0.168950 -0.003226
v 0.131216 0.169845 -0.007824
v 0.131791 0.169535 -0.006789
v 0.130848 0.169859 -0.007777
v 0.131244 0.169592 -0.006981
v 0.131920 0.169256 -0.005469
v 0.132246 0.168950 -0.003424
v 0.132378 0.169845 -0.008053
v 0.132796 0.169535 -0.006945
v 0.132007 0.169859 -0.008060
v 0.132283 0.169592 -0.007214
v 0.132732 0.169256 -0.005620
v 0.132756 0.168950 -0.003550
v 0.134387 0.176409 -0.010358
v 0.134009 0.176253 -0.010733
v 0.135687 0.176126 -0.010618
v 0.134315 0.176071 -0.010861
v 0.133935 0.175751 -0.011050
v 0.135207 0.176377 -0.010031
v 0.136746 0.176402 -0.009935
v 0.135343 0.176338 -0.010458
v 0.136502 0.176247 -0.010288
v 0.135316 0.175827 -0.010853
v 0.136599 0.175773 -0.010570
v 0.135103 0.175407 -0.011031
v 0.136410 0.176333 -0.009616
v 0.137625 0.176364 -0.009217
v 0.137407 0.176337 -0.009846
v 0.138001 0.176191 -0.009767
v 0.136883 0.176047 -0.010333
v 0.137672 0.175851 -0.010145
v 0.139049 0.176366 -0.008415
v 0.139917 0.176401 -0.008163
v 0.138867 0.176368 -0.009032
v 0.138991 0.176294 -0.009109
v 0.138842 0.175979 -0.009492
v 0.139608 0.175660 -0.009170
v 0.138596 0.175549 -0.009820
v 0.140870 0.176392 -0.006995
v 0.140223 0.176286 -0.008228
v 0.139659 0.176137 -0.008840
v 0.140496 0.176080 -0.008234
v 0.140384 0.175847 -0.008495
v 0.140659 0.175432 -0.008442
v 0.140029 0.176312 -0.007518
v 0.141255 0.176388 -0.006968
v 0.141215 0.176282 -0.007308
v 0.141220 0.175910 -0.007683
v 0.141855 0.175686 -0.007117
v 0.142528 0.176379 -0.004523
v 0.142812 0.176397 -0.004604
v 0.142448 0.176312 -0.005628
v 0.141895 0.176100 -0.006763
v 0.142529 0.175982 -0.006006
v 0.141549 0.176335 -0.005900
v 0.143204 0.176242 -0.004346
v 0.143136 0.176000 -0.004938
v 0.143467 0.175668 -0.004574
v 0.142904 0.175570 -0.005706
v 0.143312 0.176385 -0.002372
v 0.143512 0.176399 -0.002652
v 0.143725 0.176403 -0.001398
v 0.143398 0.176352 -0.003436
v 0.143710 0.176225 -0.003030
v 0.143671 0.176000 -0.003682
v 0.144028 0.176034 -0.002380
v 0.143367 0.176339 -0.001399
v 0.143825 0.176283 -0.002315
v 0.144005 0.176269 -0.001398
v 0.144303 0.175831 -0.001399
v 0.144237 0.175521 -0.002398
v 0.143565 0.176409 0.001398
v 0.143281 0.176378 0.002358
v 0.143877 0.176352 0.001398
v 0.143483 0.176396 0.002771
v 0.144167 0.176078 0.001398
v 0.144136 0.175827 0.002384
v 0.144372 0.175648 0.001399
v 0.142889 0.176381 0.003674
v 0.143434 0.176313 0.003557
v 0.143875 0.176249 0.002297
v 0.143849 0.176056 0.003018
v 0.142079 0.176375 0.005262
v 0.142843 0.176398 0.004514
v 0.142330 0.176372 0.005593
v 0.142991 0.176235 0.004831
v 0.143258 0.176047 0.004628
v 0.143824 0.175668 0.003685
v 0.143396 0.175699 0.004699
v 0.142684 0.176316 0.003791
v 0.142399 0.176200 0.005931
v 0.142079 0.176043 0.006577
v 0.142770 0.175758 0.005810
v 0.142129 0.175579 0.006837
v 0.141374 0.176345 0.006168
v 0.141408 0.176406 0.006518
v 0.140693 0.176339 0.006939
v 0.141538 0.176352 0.006768
v 0.141259 0.176226 0.007347
v 0.141414 0.175871 0.007515
v 0.139435 0.176393 0.008261
v 0.140434 0.176383 0.007825
v 0.139968 0.176299 0.008410
v 0.140427 0.176144 0.008237
v 0.139751 0.175976 0.008902
v 0.140663 0.175828 0.008262
v 0.140340 0.175514 0.008681
v 0.138749 0.176403 0.008943
v 0.137854 0.176352 0.009626
v 0.139030 0.176334 0.009009
v 0.139322 0.176183 0.009026
v 0.139264 0.175716 0.009377
v 0.138544 0.176143 0.009535
v 0.137507 0.176404 0.009470
v 0.136677 0.176353 0.009573
v 0.136764 0.176376 0.009995
v 0.138282 0.175858 0.009860
v 0.137641 0.175695 0.010219
v 0.135268 0.176370 0.009990
v 0.135047 0.176392 0.010377
v 0.135624 0.176311 0.010439
v 0.137220 0.176217 0.010080
v 0.135783 0.176152 0.010575
v 0.137104 0.176016 0.010278
v 0.136189 0.175684 0.010722
v 0.133570 0.176400 0.010475
v 0.134305 0.176288 0.010670
v 0.134447 0.175975 0.010909
v 0.135309 0.175916 0.010815
v 0.135069 0.175335 0.011052
v 0.134658 0.176331 0.010003
v 0.132877 0.176403 0.010330
v 0.133653 0.176261 0.010748
v 0.132266 0.176170 0.010784
v 0.133034 0.175936 0.010978
v 0.133864 0.175486 0.011141
v 0.133724 0.176316 0.010056
v 0.132124 0.176358 0.010064
v 0.130481 0.176406 0.010038
v 0.131968 0.176354 0.010523
v 0.131567 0.175912 0.010843
v 0.132512 0.175444 0.011129
v 0.130502 0.175761 0.010685
v 0.131341 0.175362 0.010992
v 0.130995 0.176330 0.009804
v 0.130264 0.176370 0.009699
v 0.129061 0.176333 0.009118
v 0.130535 0.176350 0.010242
v 0.129003 0.176356 0.009682
v 0.130767 0.176099 0.010576
v 0.129660 0.176173 0.010182
v 0.127716 0.176384 0.008535
v 0.127290 0.176403 0.008488
v 0.129101 0.176024 0.010076
v 0.128057 0.175849 0.009668
v 0.129151 0.175527 0.010314
v 0.127125 0.176372 0.008539
v 0.128071 0.176260 0.009364
v 0.127281 0.176217 0.008916
v 0.126557 0.175816 0.008692
v 0.127467 0.175558 0.009437
v 0.128191 0.176318 0.008636
v 0.125890 0.176380 0.007007
v 0.125863 0.176389 0.007374
v 0.125673 0.176268 0.007507
v 0.126383 0.176288 0.008128
v 0.126746 0.176069 0.008673
v 0.125747 0.175905 0.007932
v 0.124507 0.176402 0.005567
v 0.124472 0.176364 0.005780
v 0.124556 0.176195 0.006284
v 0.125042 0.176034 0.007090
v 0.124321 0.175754 0.006370
v 0.124999 0.175567 0.007342
v 0.124341 0.176386 0.004854
v 0.123841 0.176181 0.005141
v 0.123881 0.175868 0.005607
v 0.123869 0.175354 0.005908
v 0.123592 0.176377 0.002975
v 0.123343 0.176373 0.003416
v 0.123699 0.176322 0.004515
v 0.123197 0.176191 0.003704
v 0.123387 0.175963 0.004571
v 0.122859 0.175857 0.003354
v 0.123296 0.175413 0.004837
v 0.122986 0.176406 0.001399
v 0.122806 0.176222 0.002238
v 0.122733 0.175961 0.002714
v 0.122471 0.175615 0.002194
v 0.123356 0.176342 0.001398
v 0.122842 0.176357 0.001399
v 0.122556 0.176100 0.001398
v 0.123267 0.176376 -0.001399
v 0.123450 0.176388 -0.002610
v 0.122938 0.176387 -0.001398
v 0.122831 0.176278 -0.002035
v 0.122655 0.176217 -0.001398
v 0.122709 0.176089 -0.002266
v 0.122354 0.175653 -0.001398
v 0.122549 0.175810 -0.002226
v 0.122468 0.175437 -0.002452
v 0.124078 0.176387 -0.004342
v 0.123202 0.176402 -0.002559
v 0.123273 0.176361 -0.003260
v 0.123161 0.176233 -0.003497
v 0.122941 0.176013 -0.003337
v 0.123470 0.175911 -0.004811
v 0.122937 0.175597 -0.003872
v 0.124586 0.176366 -0.005145
v 0.123984 0.176401 -0.004671
v 0.123833 0.176308 -0.004843
v 0.123537 0.176129 -0.004641
v 0.124071 0.176178 -0.005550
v 0.123987 0.175836 -0.005815
v 0.123539 0.175385 -0.005330
v 0.125728 0.176382 -0.006816
v 0.125296 0.176358 -0.006878
v 0.124583 0.176262 -0.006201
v 0.124703 0.176022 -0.006680
v 0.124437 0.175657 -0.006590
v 0.125306 0.175761 -0.007581
v 0.124908 0.176399 -0.006235
v 0.126622 0.176402 -0.008021
v 0.126181 0.176300 -0.007935
v 0.125403 0.176184 -0.007338
v 0.125988 0.176030 -0.008067
v 0.125030 0.175375 -0.007449
v 0.126353 0.176321 -0.007226
v 0.127285 0.176365 -0.008143
v 0.127578 0.176383 -0.008806
v 0.128003 0.176301 -0.009265
v 0.126957 0.176224 -0.008681
v 0.127491 0.176080 -0.009187
v 0.126645 0.175910 -0.008702
v 0.125848 0.175463 -0.008248
v 0.126835 0.175445 -0.009058
v 0.128519 0.176352 -0.008905
v 0.129515 0.176405 -0.009621
v 0.128838 0.176136 -0.009870
v 0.128693 0.175920 -0.009947
v 0.127873 0.175757 -0.009600
v 0.130472 0.176372 -0.010186
v 0.129174 0.176353 -0.009757
v 0.129773 0.176084 -0.010294
v 0.130760 0.176112 -0.010565
v 0.129289 0.175584 -0.010347
v 0.129114 0.176315 -0.009119
v 0.130526 0.176349 -0.009730
v 0.131933 0.176382 -0.010116
v 0.131530 0.176401 -0.010320
v 0.131617 0.176264 -0.010602
v 0.131761 0.175888 -0.010889
v 0.130753 0.175613 -0.010800
v 0.133462 0.176367 -0.010584
v 0.132583 0.176310 -0.010652
v 0.132694 0.176146 -0.010833
v 0.133104 0.175888 -0.011002
v 0.132894 0.175387 -0.011167
v 0.134164 0.170877 -0.007190
v 0.132097 0.170835 -0.004432
v 0.131129 0.170891 -0.007324
v 0.130166 0.170884 -0.006668
v 0.129606 0.170851 -0.004494
v 0.127704 0.170892 -0.005112
v 0.127109 0.170878 -0.003742
v 0.126201 0.170899 -0.003151
v 0.127125 0.170862 -0.001399
v 0.126855 0.170870 -0.001398
v 0.126943 0.170868 -0.001398
v 0.126999 0.170867 -0.001398
v 0.126574 0.170877 -0.001398
v 0.127613 0.170853 0.001398
v 0.126829 0.170881 0.003392
v 0.127240 0.170890 0.004492
v 0.130229 0.170846 0.004596
v 0.131585 0.170886 0.007244
v 0.133985 0.170855 0.006065
v 0.136485 0.170853 0.005195
v 0.135009 0.170803 0.001398
v 0.138881 0.170862 0.003260
v 0.140932 0.170895 0.001399
v 0.141427 0.170917 -0.002103
v 0.140899 0.170892 -0.001398
v 0.133300 0.170800 -0.001398
v 0.138672 0.170854 -0.002681
v 0.139274 0.170893 -0.004935
v 0.137458 0.170879 -0.006000
v 0.135338 0.170852 -0.005624
v 0.142742 0.171220 0.003216
v 0.143090 0.171250 0.001974
v 0.143048 0.171142 0.001824
v 0.142683 0.171126 0.003151
v 0.142830 0.171050 0.001760
v 0.142324 0.171014 0.003024
v 0.142158 0.170985 0.002344
v 0.142198 0.170961 0.001648
v 0.128627 0.171239 -0.008724
v 0.127898 0.171110 -0.008143
v 0.129252 0.171049 -0.008710
v 0.128061 0.171057 -0.008066
v 0.129534 0.170961 -0.008137
v 0.129081 0.170943 -0.007459
v 0.128324 0.170970 -0.007594
v 0.126973 0.171214 0.007586
v 0.126294 0.171125 0.006835
v 0.126382 0.171059 0.006674
v 0.126715 0.170988 0.006428
v 0.128053 0.170919 0.006393
v 0.142353 0.171247 0.004199
v 0.141967 0.171060 0.004398
v 0.141990 0.171020 0.003695
v 0.141269 0.170947 0.004121
v 0.141082 0.170913 0.002714
v 0.129654 0.171243 -0.009204
v 0.129153 0.171140 -0.008914
v 0.130476 0.171110 -0.009371
v 0.130609 0.171057 -0.009251
v 0.130726 0.170970 -0.008723
v 0.130163 0.170963 -0.008283
v 0.134533 0.171234 -0.009849
v 0.133468 0.171223 -0.009920
v 0.133334 0.171140 -0.009857
v 0.134796 0.171057 -0.009543
v 0.133335 0.171060 -0.009666
v 0.134056 0.171019 -0.009355
v 0.134677 0.170970 -0.009016
v 0.133350 0.170970 -0.009112
v 0.133526 0.170910 -0.008065
v 0.125278 0.171213 0.005748
v 0.125374 0.171125 0.005734
v 0.125484 0.171059 0.005587
v 0.125954 0.170970 0.005310
v 0.127234 0.170921 0.005704
v 0.142118 0.171147 0.004550
v 0.141371 0.171130 0.005725
v 0.141122 0.171028 0.005520
v 0.141316 0.171010 0.004882
v 0.140620 0.170957 0.005215
v 0.131508 0.171241 -0.009749
v 0.130485 0.171208 -0.009490
v 0.131935 0.171049 -0.009524
v 0.132040 0.170961 -0.008894
v 0.131411 0.170943 -0.008376
v 0.135446 0.171250 -0.009702
v 0.135956 0.171189 -0.009551
v 0.134770 0.171140 -0.009756
v 0.136183 0.171106 -0.009385
v 0.135151 0.170943 -0.008411
v 0.124929 0.171241 0.005228
v 0.124602 0.171150 0.004560
v 0.124755 0.171059 0.004381
v 0.125260 0.170970 0.004175
v 0.126066 0.170943 0.004538
v 0.141051 0.171244 0.006268
v 0.140507 0.171149 0.006810
v 0.140285 0.171059 0.006729
v 0.140276 0.171010 0.006311
v 0.139821 0.170909 0.004705
v 0.139206 0.170908 0.005696
v 0.132465 0.171240 -0.009879
v 0.131899 0.171140 -0.009748
v 0.132686 0.171019 -0.009357
v 0.132391 0.170899 -0.007788
v 0.136490 0.171225 -0.009413
v 0.137496 0.171149 -0.008964
v 0.136050 0.170999 -0.008948
v 0.137166 0.170961 -0.008145
v 0.135957 0.170922 -0.007975
v 0.124391 0.171240 0.004246
v 0.124209 0.171059 0.003082
v 0.125483 0.170943 0.003428
v 0.125653 0.170908 0.002580
v 0.140270 0.171240 0.007120
v 0.139358 0.171115 0.007769
v 0.139167 0.171014 0.007469
v 0.139223 0.170960 0.006535
v 0.138758 0.171207 -0.008317
v 0.137707 0.171243 -0.008922
v 0.138778 0.171127 -0.008206
v 0.137433 0.171051 -0.008735
v 0.138667 0.171050 -0.008031
v 0.137921 0.171018 -0.008199
v 0.138312 0.170961 -0.007504
v 0.136875 0.170905 -0.007154
v 0.123931 0.171229 0.003093
v 0.123699 0.171130 0.001884
v 0.124038 0.171140 0.003206
v 0.124057 0.171014 0.001742
v 0.124657 0.170980 0.002887
v 0.138605 0.171231 0.008418
v 0.139447 0.171209 0.007828
v 0.138168 0.171066 0.008401
v 0.137710 0.170951 0.007828
v 0.138367 0.170925 0.006769
v 0.139426 0.171235 -0.007848
v 0.139352 0.170961 -0.006703
v 0.138551 0.170943 -0.006855
v 0.123551 0.171204 0.001399
v 0.123598 0.171229 0.001790
v 0.123711 0.171086 0.001398
v 0.124950 0.170926 0.001399
v 0.123540 0.171304 0.001398
v 0.136899 0.171212 0.009263
v 0.137866 0.171219 0.008838
v 0.138207 0.171139 0.008583
v 0.136887 0.171125 0.009176
v 0.136773 0.171059 0.009032
v 0.136890 0.171001 0.008608
v 0.137047 0.170944 0.007764
v 0.136257 0.170908 0.007612
v 0.140661 0.171249 -0.006714
v 0.140017 0.171226 -0.007353
v 0.140904 0.171156 -0.006379
v 0.139918 0.171140 -0.007358
v 0.139793 0.171052 -0.007172
v 0.140755 0.171050 -0.006161
v 0.140264 0.170961 -0.005759
v 0.139114 0.170919 -0.006027
v 0.135551 0.171138 0.009607
v 0.135422 0.171059 0.009433
v 0.135245 0.170947 0.008716
v 0.135895 0.170960 0.008406
v 0.141675 0.171230 -0.005404
v 0.141168 0.171238 -0.006119
v 0.140802 0.170931 -0.004475
v 0.140329 0.170944 -0.005047
v 0.123620 0.171244 -0.001917
v 0.123560 0.171184 -0.001398
v 0.123783 0.171076 -0.001399
v 0.124097 0.171030 -0.002389
v 0.124588 0.170964 -0.001399
v 0.125355 0.170915 -0.002089
v 0.123540 0.171304 -0.001398
v 0.135276 0.171220 0.009731
v 0.134026 0.171059 0.009633
v 0.134051 0.170988 0.009219
v 0.134654 0.170944 0.008497
v 0.142074 0.171244 -0.004748
v 0.141760 0.171140 -0.005157
v 0.141591 0.171053 -0.005013
v 0.142221 0.171050 -0.003782
v 0.140955 0.170942 -0.004028
v 0.123937 0.171247 -0.003114
v 0.124250 0.171149 -0.003807
v 0.123817 0.171143 -0.002485
v 0.124488 0.171049 -0.003746
v 0.124527 0.171010 -0.003022
v 0.125080 0.170961 -0.003507
v 0.132800 0.171211 0.009902
v 0.134045 0.171230 0.009900
v 0.134104 0.171140 0.009829
v 0.132659 0.171125 0.009806
v 0.132617 0.171059 0.009627
v 0.132704 0.170970 0.009088
v 0.133815 0.170925 0.008418
v 0.142609 0.171242 -0.003593
v 0.142444 0.171155 -0.003881
v 0.142783 0.171094 -0.002537
v 0.141909 0.170981 -0.002929
v 0.141400 0.170935 -0.003362
v 0.124840 0.171231 -0.005084
v 0.124330 0.171234 -0.004109
v 0.125138 0.171057 -0.005055
v 0.125068 0.171010 -0.004288
v 0.125577 0.170970 -0.004739
v 0.131520 0.171211 0.009741
v 0.132281 0.171262 0.009864
v 0.131239 0.171125 0.009599
v 0.131223 0.171059 0.009416
v 0.131387 0.170970 0.008896
v 0.132507 0.170920 0.008300
v 0.143163 0.171256 -0.001514
v 0.143151 0.171173 -0.001398
v 0.142975 0.171226 -0.002445
v 0.142908 0.171146 -0.002475
v 0.142741 0.171033 -0.001399
v 0.142489 0.171013 -0.002433
v 0.125335 0.171222 -0.005825
v 0.124944 0.171137 -0.005128
v 0.125897 0.171062 -0.006186
v 0.126442 0.170961 -0.005743
v 0.126319 0.170943 -0.004938
v 0.130903 0.171225 0.009611
v 0.129875 0.171059 0.009005
v 0.130123 0.170947 0.008309
v 0.130836 0.170960 0.008409
v 0.126641 0.171207 -0.007292
v 0.125837 0.171237 -0.006470
v 0.125778 0.171153 -0.006318
v 0.126819 0.171106 -0.007298
v 0.126659 0.171007 -0.006477
v 0.127097 0.171001 -0.006956
v 0.129698 0.171226 0.009222
v 0.129862 0.171140 0.009216
v 0.129751 0.170944 0.007801
v 0.143149 0.171156 0.001398
v 0.142442 0.170985 0.001398
v 0.141545 0.170921 0.001398
v 0.141553 0.170921 0.001398
v 0.141547 0.170921 0.001398
v 0.127102 0.171241 -0.007699
v 0.127690 0.170943 -0.006631
v 0.128797 0.170903 -0.006395
v 0.127680 0.176249 -0.008213
v 0.126783 0.176226 -0.007496
v 0.127246 0.176185 -0.007852
v 0.127659 0.176113 -0.008130
v 0.126795 0.176054 -0.007442
v 0.127843 0.171204 -0.008236
v 0.143209 0.176213 0.001398
v 0.143179 0.175943 0.001398
v 0.143179 0.175878 0.001398
v 0.143179 0.175910 0.001398
v 0.143179 0.175846 0.001398
v 0.143179 0.175814 0.001398
v 0.143179 0.175781 0.001398
v 0.143179 0.175749 0.001398
v 0.143179 0.175717 0.001398
v 0.143179 0.175685 0.001398
v 0.143179 0.175653 0.001398
v 0.143179 0.175620 0.001398
v 0.143179 0.175588 0.001398
v 0.143179 0.175556 0.001398
v 0.143179 0.175524 0.001398
v 0.143179 0.175492 0.001398
v 0.143179 0.175373 0.001398
v 0.143179 0.175266 0.001398
v 0.143179 0.175234 0.001398
v 0.143179 0.175202 0.001398
v 0.143179 0.175169 0.001398
v 0.143179 0.175137 0.001398
v 0.143179 0.175105 0.001398
v 0.143179 0.175073 0.001398
v 0.143179 0.175041 0.001398
v 0.143179 0.175008 0.001398
v 0.143179 0.174976 0.001398
v 0.143179 0.174944 0.001398
v 0.143179 0.174912 0.001398
v 0.143179 0.174847 0.001398
v 0.143179 0.174879 0.001398
v 0.143179 0.174815 0.001398
v 0.143179 0.174718 0.001398
v 0.143179 0.174590 0.001398
v 0.143179 0.174557 0.001398
v 0.143179 0.174525 0.001398
v 0.143179 0.174493 0.001398
v 0.143179 0.174400 0.001398
v 0.143179 0.174235 0.001398
v 0.143179 0.174203 0.001398
v 0.143179 0.174171 0.001398
v 0.143179 0.174139 0.001398
v 0.143179 0.174106 0.001398
v 0.143179 0.174074 0.001398
v 0.143179 0.174042 0.001398
v 0.143179 0.174010 0.001398
v 0.143179 0.173978 0.001398
v 0.143179 0.173945 0.001398
v 0.143179 0.173913 0.001398
v 0.143179 0.173881 0.001398
v 0.143179 0.173816 0.001398
v 0.143179 0.173849 0.001398
v 0.143179 0.173784 0.001398
v 0.143179 0.173752 0.001398
v 0.143179 0.173720 0.001398
v 0.143179 0.173688 0.001398
v 0.143179 0.173655 0.001398
v 0.143179 0.173623 0.001398
v 0.143179 0.173591 0.001398
v 0.143179 0.173434 0.001398
v 0.143179 0.173365 0.001398
v 0.143179 0.173301 0.001398
v 0.143179 0.173333 0.001398
v 0.143179 0.173269 0.001398
v 0.143179 0.173237 0.001398
v 0.143179 0.173204 0.001398
v 0.143179 0.173172 0.001398
v 0.143179 0.173140 0.001398
v 0.143179 0.173108 0.001398
v 0.143179 0.173076 0.001398
v 0.143179 0.173043 0.001398
v 0.143179 0.173011 0.001398
v 0.143179 0.172979 0.001398
v 0.143179 0.172947 0.001398
v 0.143179 0.172915 0.001398
v 0.143179 0.172882 0.001398
v 0.143179 0.172850 0.001398
v 0.143179 0.172786 0.001398
v 0.143179 0.172818 0.001398
v 0.143179 0.172753 0.001398
v 0.143179 0.172721 0.001398
v 0.143179 0.172689 0.001398
v 0.143179 0.172657 0.001398
v 0.143179 0.172625 0.001398
v 0.143179 0.172592 0.001398
v 0.143179 0.172560 0.001398
v 0.143179 0.172528 0.001398
v 0.143179 0.172496 0.001398
v 0.143179 0.172464 0.001398
v 0.143179 0.172431 0.001398
v 0.143179 0.172399 0.001398
v 0.143179 0.172367 0.001398
v 0.143179 0.172335 0.001398
v 0.143179 0.172270 0.001398
v 0.143179 0.172302 0.001398
v 0.143179 0.172238 0.001398
v 0.143179 0.172206 0.001398
v 0.143179 0.172174 0.001398
v 0.143179 0.172141 0.001398
v 0.143179 0.172109 0.001398
v 0.143179 0.172077 0.001398
v 0.143179 0.172045 0.001398
v 0.143179 0.172013 0.001398
v 0.143179 0.171980 0.001398
v 0.143179 0.171948 0.001398
v 0.143179 0.171916 0.001398
v 0.143179 0.171884 0.001398
v 0.143179 0.171851 0.001398
v 0.143179 0.171819 0.001398
v 0.143179 0.171755 0.001398
v 0.143179 0.171787 0.001398
v 0.143179 0.171723 0.001398
v 0.143179 0.171690 0.001398
v 0.143179 0.171658 0.001398
v 0.143179 0.171626 0.001398
v 0.143179 0.171594 0.001398
v 0.143179 0.171562 0.001398
v 0.143179 0.171529 0.001398
v 0.143179 0.171497 0.001398
v 0.143179 0.171465 0.001398
v 0.143179 0.171433 0.001398
v 0.143179 0.171400 0.001398
v 0.143179 0.171368 0.001398
v 0.130224 0.176254 0.009482
v 0.128973 0.176135 0.008906
v 0.129718 0.176148 0.009238
v 0.128453 0.171231 0.008628
v 0.125681 0.176318 -0.006516
v 0.126176 0.176216 -0.006903
v 0.125583 0.176228 -0.006250
v 0.125751 0.176089 -0.006371
v 0.126205 0.176068 -0.006876
v 0.131350 0.176235 0.009773
v 0.131181 0.176090 0.009684
v 0.130404 0.176073 0.009472
v 0.124845 0.176300 -0.005328
v 0.125018 0.176184 -0.005422
v 0.125224 0.176059 -0.005684
v 0.143256 0.176270 -0.001398
v 0.142975 0.176302 -0.002902
v 0.143057 0.176216 -0.002311
v 0.143185 0.176091 -0.001398
v 0.143042 0.176101 -0.002196
v 0.143179 0.175749 -0.001398
v 0.143179 0.175717 -0.001398
v 0.143179 0.175685 -0.001398
v 0.143179 0.175653 -0.001398
v 0.143179 0.175620 -0.001398
v 0.143179 0.175588 -0.001398
v 0.143179 0.175532 -0.001398
v 0.143179 0.175459 -0.001398
v 0.143179 0.175427 -0.001398
v 0.143179 0.175363 -0.001398
v 0.143179 0.175395 -0.001398
v 0.143179 0.175306 -0.001398
v 0.143179 0.175234 -0.001398
v 0.143179 0.175202 -0.001398
v 0.143179 0.175169 -0.001398
v 0.143179 0.175137 -0.001398
v 0.143179 0.175105 -0.001398
v 0.143179 0.175073 -0.001398
v 0.143179 0.175016 -0.001398
v 0.143179 0.174944 -0.001398
v 0.143179 0.174912 -0.001398
v 0.143179 0.174847 -0.001398
v 0.143179 0.174879 -0.001398
v 0.143179 0.174791 -0.001398
v 0.143179 0.174718 -0.001398
v 0.143179 0.174686 -0.001398
v 0.143179 0.174654 -0.001398
v 0.143179 0.174622 -0.001398
v 0.143179 0.174590 -0.001398
v 0.143179 0.174557 -0.001398
v 0.143179 0.174485 -0.001398
v 0.143179 0.174428 -0.001398
v 0.143179 0.174396 -0.001398
v 0.143179 0.174332 -0.001398
v 0.143179 0.174364 -0.001398
v 0.143179 0.174275 -0.001398
v 0.143179 0.174203 -0.001398
v 0.143179 0.174171 -0.001398
v 0.143179 0.174139 -0.001398
v 0.143179 0.174106 -0.001398
v 0.143179 0.174074 -0.001398
v 0.143179 0.174042 -0.001398
v 0.143179 0.173969 -0.001398
v 0.143179 0.173913 -0.001398
v 0.143179 0.173881 -0.001398
v 0.143179 0.173816 -0.001398
v 0.143179 0.173849 -0.001398
v 0.143179 0.173760 -0.001398
v 0.143179 0.173688 -0.001398
v 0.143179 0.173655 -0.001398
v 0.143179 0.173623 -0.001398
v 0.143179 0.173591 -0.001398
v 0.143179 0.173559 -0.001398
v 0.143179 0.173527 -0.001398
v 0.143179 0.173470 -0.001398
v 0.143179 0.173398 -0.001398
v 0.143179 0.173365 -0.001398
v 0.143179 0.173301 -0.001398
v 0.143179 0.173333 -0.001398
v 0.143179 0.173229 -0.001398
v 0.143179 0.173172 -0.001398
v 0.143179 0.173140 -0.001398
v 0.143179 0.173108 -0.001398
v 0.143179 0.173076 -0.001398
v 0.143179 0.173043 -0.001398
v 0.143179 0.173011 -0.001398
v 0.143179 0.172955 -0.001398
v 0.143179 0.172882 -0.001398
v 0.143179 0.172850 -0.001398
v 0.143179 0.172786 -0.001398
v 0.143179 0.172818 -0.001398
v 0.143179 0.172713 -0.001398
v 0.143179 0.172657 -0.001398
v 0.143179 0.172625 -0.001398
v 0.143179 0.172592 -0.001398
v 0.143179 0.172560 -0.001398
v 0.143179 0.172528 -0.001398
v 0.143179 0.172496 -0.001398
v 0.143179 0.172423 -0.001398
v 0.143179 0.172367 -0.001398
v 0.143179 0.172335 -0.001398
v 0.143179 0.172270 -0.001398
v 0.143179 0.172302 -0.001398
v 0.143179 0.172214 -0.001398
v 0.143179 0.172141 -0.001398
v 0.143179 0.172109 -0.001398
v 0.143179 0.172077 -0.001398
v 0.143179 0.172045 -0.001398
v 0.143179 0.172013 -0.001398
v 0.143179 0.171980 -0.001398
v 0.143179 0.171908 -0.001398
v 0.143179 0.171851 -0.001398
v 0.143179 0.171819 -0.001398
v 0.143179 0.171755 -0.001398
v 0.143179 0.171787 -0.001398
v 0.143179 0.171698 -0.001398
v 0.143179 0.171626 -0.001398
v 0.143179 0.171594 -0.001398
v 0.143179 0.171562 -0.001398
v 0.143179 0.171529 -0.001398
v 0.143179 0.171497 -0.001398
v 0.143179 0.171465 -0.001398
v 0.132543 0.176234 0.009944
v 0.132159 0.176076 0.009852
v 0.124182 0.176312 -0.004115
v 0.124187 0.176200 -0.003884
v 0.124658 0.176113 -0.004777
v 0.124174 0.176052 -0.003765
v 0.142652 0.176300 -0.003786
v 0.142498 0.176127 -0.003880
v 0.142805 0.176109 -0.003049
v 0.133925 0.176192 0.009939
v 0.133078 0.176131 0.009925
v 0.133882 0.176076 0.009913
v 0.123678 0.176305 -0.002687
v 0.123840 0.176143 -0.002820
v 0.142331 0.176279 -0.004452
v 0.141748 0.176284 -0.005477
v 0.142007 0.176226 -0.004972
v 0.141568 0.176102 -0.005583
v 0.142088 0.176074 -0.004725
v 0.134707 0.176203 0.009863
v 0.135185 0.176102 0.009760
v 0.123499 0.176222 -0.001398
v 0.123612 0.176110 -0.001891
v 0.123540 0.175943 -0.001398
v 0.123540 0.175910 -0.001398
v 0.123540 0.175878 -0.001398
v 0.123540 0.175846 -0.001398
v 0.123540 0.175814 -0.001398
v 0.123540 0.175781 -0.001398
v 0.123540 0.175749 -0.001398
v 0.123540 0.175717 -0.001398
v 0.123540 0.175685 -0.001398
v 0.123540 0.175653 -0.001398
v 0.123540 0.175620 -0.001398
v 0.123540 0.175588 -0.001398
v 0.123540 0.175556 -0.001398
v 0.123540 0.175524 -0.001398
v 0.123540 0.175492 -0.001398
v 0.123540 0.175459 -0.001398
v 0.123540 0.175427 -0.001398
v 0.123540 0.175395 -0.001398
v 0.123540 0.175363 -0.001398
v 0.123540 0.175330 -0.001398
v 0.123540 0.175298 -0.001398
v 0.123540 0.175266 -0.001398
v 0.123540 0.175234 -0.001398
v 0.123540 0.175202 -0.001398
v 0.123540 0.175169 -0.001398
v 0.123540 0.175137 -0.001398
v 0.123540 0.175105 -0.001398
v 0.123540 0.175073 -0.001398
v 0.123540 0.175041 -0.001398
v 0.123540 0.175008 -0.001398
v 0.123540 0.174976 -0.001398
v 0.123540 0.174944 -0.001398
v 0.123540 0.174912 -0.001398
v 0.123540 0.174879 -0.001398
v 0.123540 0.174847 -0.001398
v 0.123540 0.174815 -0.001398
v 0.123540 0.174783 -0.001398
v 0.123540 0.174751 -0.001398
v 0.123540 0.174718 -0.001398
v 0.123540 0.174686 -0.001398
v 0.123540 0.174654 -0.001398
v 0.123540 0.174622 -0.001398
v 0.123540 0.174590 -0.001398
v 0.123540 0.174557 -0.001398
v 0.123540 0.174525 -0.001398
v 0.123540 0.174493 -0.001398
v 0.123540 0.174461 -0.001398
v 0.123540 0.174428 -0.001398
v 0.123540 0.174396 -0.001398
v 0.123540 0.174364 -0.001398
v 0.123540 0.174332 -0.001398
v 0.123540 0.174300 -0.001398
v 0.123540 0.174267 -0.001398
v 0.123540 0.174235 -0.001398
v 0.123540 0.174203 -0.001398
v 0.123540 0.174171 -0.001398
v 0.123540 0.174139 -0.001398
v 0.123540 0.174106 -0.001398
v 0.123540 0.174074 -0.001398
v 0.123540 0.174042 -0.001398
v 0.123540 0.174010 -0.001398
v 0.123540 0.173978 -0.001398
v 0.123540 0.173945 -0.001398
v 0.123540 0.173913 -0.001398
v 0.123540 0.173881 -0.001398
v 0.123540 0.173849 -0.001398
v 0.123540 0.173816 -0.001398
v 0.123540 0.173784 -0.001398
v 0.123540 0.173752 -0.001398
v 0.123540 0.173720 -0.001398
v 0.123540 0.173688 -0.001398
v 0.123540 0.173655 -0.001398
v 0.123540 0.173623 -0.001398
v 0.123540 0.173591 -0.001398
v 0.123540 0.173559 -0.001398
v 0.123540 0.173527 -0.001398
v 0.123540 0.173494 -0.001398
v 0.123540 0.173462 -0.001398
v 0.123540 0.173430 -0.001398
v 0.123540 0.173398 -0.001398
v 0.123540 0.173365 -0.001398
v 0.123540 0.173333 -0.001398
v 0.123540 0.173301 -0.001398
v 0.123540 0.173269 -0.001398
v 0.123540 0.173237 -0.001398
v 0.123540 0.173204 -0.001398
v 0.123540 0.173172 -0.001398
v 0.123540 0.173140 -0.001398
v 0.123540 0.173108 -0.001398
v 0.123540 0.173076 -0.001398
v 0.123540 0.173043 -0.001398
v 0.123540 0.173011 -0.001398
v 0.123540 0.172979 -0.001398
v 0.123540 0.172947 -0.001398
v 0.123540 0.172915 -0.001398
v 0.123540 0.172882 -0.001398
v 0.123540 0.172850 -0.001398
v 0.123540 0.172818 -0.001398
v 0.123540 0.172786 -0.001398
v 0.123540 0.172753 -0.001398
v 0.123540 0.172721 -0.001398
v 0.123540 0.172689 -0.001398
v 0.123540 0.172657 -0.001398
v 0.123540 0.172625 -0.001398
v 0.123540 0.172592 -0.001398
v 0.123540 0.172560 -0.001398
v 0.123540 0.172528 -0.001398
v 0.123540 0.172496 -0.001398
v 0.123540 0.172464 -0.001398
v 0.123540 0.172431 -0.001398
v 0.123540 0.172399 -0.001398
v 0.123540 0.172367 -0.001398
v 0.123540 0.172335 -0.001398
v 0.123540 0.172302 -0.001398
v 0.123540 0.172270 -0.001398
v 0.123540 0.172238 -0.001398
v 0.123540 0.172206 -0.001398
v 0.123540 0.172174 -0.001398
v 0.123540 0.172141 -0.001398
v 0.123540 0.172109 -0.001398
v 0.123540 0.172077 -0.001398
v 0.123540 0.172045 -0.001398
v 0.123540 0.172013 -0.001398
v 0.123540 0.171980 -0.001398
v 0.123540 0.171948 -0.001398
v 0.123540 0.171916 -0.001398
v 0.123540 0.171884 -0.001398
v 0.123540 0.171851 -0.001398
v 0.123540 0.171819 -0.001398
v 0.123540 0.171787 -0.001398
v 0.123540 0.171755 -0.001398
v 0.123540 0.171723 -0.001398
v 0.123540 0.171690 -0.001398
v 0.123540 0.171658 -0.001398
v 0.123540 0.171626 -0.001398
v 0.123540 0.171594 -0.001398
v 0.123540 0.171562 -0.001398
v 0.123540 0.171529 -0.001398
v 0.123540 0.171497 -0.001398
v 0.123540 0.171465 -0.001398
v 0.123540 0.171433 -0.001398
v 0.123540 0.171400 -0.001398
v 0.123540 0.171368 -0.001398
v 0.123540 0.171336 -0.001398
v 0.140866 0.176296 -0.006659
v 0.141075 0.176112 -0.006243
v 0.135610 0.176250 0.009731
v 0.136443 0.176242 0.009491
v 0.137311 0.176227 0.009156
v 0.136653 0.176117 0.009364
v 0.136099 0.176073 0.009537
v 0.136174 0.171243 0.009513
v 0.140530 0.176209 -0.006920
v 0.140433 0.176079 -0.006966
v 0.137623 0.176324 0.009128
v 0.138869 0.176309 0.008420
v 0.138291 0.176224 0.008669
v 0.138279 0.176079 0.008620
v 0.137445 0.176066 0.009045
v 0.123524 0.176170 0.001398
v 0.123661 0.176204 0.002261
v 0.123627 0.176113 0.001970
v 0.123540 0.175749 0.001398
v 0.123540 0.175717 0.001398
v 0.123540 0.175685 0.001398
v 0.123540 0.175653 0.001398
v 0.123540 0.175620 0.001398
v 0.123540 0.175588 0.001398
v 0.123540 0.175556 0.001398
v 0.123540 0.175524 0.001398
v 0.123540 0.175492 0.001398
v 0.123540 0.175459 0.001398
v 0.123540 0.175427 0.001398
v 0.123540 0.175395 0.001398
v 0.123540 0.175363 0.001398
v 0.123540 0.175330 0.001398
v 0.123540 0.175282 0.001398
v 0.123540 0.175234 0.001398
v 0.123540 0.175202 0.001398
v 0.123540 0.175169 0.001398
v 0.123540 0.175137 0.001398
v 0.123540 0.175105 0.001398
v 0.123540 0.175073 0.001398
v 0.123540 0.175041 0.001398
v 0.123540 0.175008 0.001398
v 0.123540 0.174976 0.001398
v 0.123540 0.174944 0.001398
v 0.123540 0.174912 0.001398
v 0.123540 0.174879 0.001398
v 0.123540 0.174847 0.001398
v 0.123540 0.174815 0.001398
v 0.123540 0.174767 0.001398
v 0.123540 0.174718 0.001398
v 0.123540 0.174686 0.001398
v 0.123540 0.174654 0.001398
v 0.123540 0.174622 0.001398
v 0.123540 0.174590 0.001398
v 0.123540 0.174557 0.001398
v 0.123540 0.174525 0.001398
v 0.123540 0.174493 0.001398
v 0.123540 0.174461 0.001398
v 0.123540 0.174428 0.001398
v 0.123540 0.174396 0.001398
v 0.123540 0.174364 0.001398
v 0.123540 0.174332 0.001398
v 0.123540 0.174300 0.001398
v 0.123540 0.174251 0.001398
v 0.123540 0.174203 0.001398
v 0.123540 0.174171 0.001398
v 0.123540 0.174139 0.001398
v 0.123540 0.174106 0.001398
v 0.123540 0.174074 0.001398
v 0.123540 0.174042 0.001398
v 0.123540 0.174010 0.001398
v 0.123540 0.173978 0.001398
v 0.123540 0.173945 0.001398
v 0.123540 0.173913 0.001398
v 0.123540 0.173881 0.001398
v 0.123540 0.173849 0.001398
v 0.123540 0.173816 0.001398
v 0.123540 0.173784 0.001398
v 0.123540 0.173736 0.001398
v 0.123540 0.173688 0.001398
v 0.123540 0.173655 0.001398
v 0.123540 0.173623 0.001398
v 0.123540 0.173591 0.001398
v 0.123540 0.173518 0.001398
v 0.123540 0.173462 0.001398
v 0.123540 0.173430 0.001398
v 0.123540 0.173398 0.001398
v 0.123540 0.173365 0.001398
v 0.123540 0.173333 0.001398
v 0.123540 0.173301 0.001398
v 0.123540 0.173269 0.001398
v 0.123540 0.173221 0.001398
v 0.123540 0.173172 0.001398
v 0.123540 0.173140 0.001398
v 0.123540 0.173108 0.001398
v 0.123540 0.173076 0.001398
v 0.123540 0.173043 0.001398
v 0.123540 0.173011 0.001398
v 0.123540 0.172979 0.001398
v 0.123540 0.172947 0.001398
v 0.123540 0.172915 0.001398
v 0.123540 0.172882 0.001398
v 0.123540 0.172850 0.001398
v 0.123540 0.172818 0.001398
v 0.123540 0.172786 0.001398
v 0.123540 0.172753 0.001398
v 0.123540 0.172705 0.001398
v 0.123540 0.172657 0.001398
v 0.123540 0.172625 0.001398
v 0.123540 0.172592 0.001398
v 0.123540 0.172560 0.001398
v 0.123540 0.172528 0.001398
v 0.123540 0.172496 0.001398
v 0.123540 0.172464 0.001398
v 0.123540 0.172431 0.001398
v 0.123540 0.172399 0.001398
v 0.123540 0.172367 0.001398
v 0.123540 0.172335 0.001398
v 0.123540 0.172302 0.001398
v 0.123540 0.172270 0.001398
v 0.123540 0.172238 0.001398
v 0.123540 0.172190 0.001398
v 0.123540 0.172141 0.001398
v 0.123540 0.172109 0.001398
v 0.123540 0.172077 0.001398
v 0.123540 0.172045 0.001398
v 0.123540 0.172013 0.001398
v 0.123540 0.171980 0.001398
v 0.123540 0.171948 0.001398
v 0.123540 0.171916 0.001398
v 0.123540 0.171884 0.001398
v 0.123540 0.171851 0.001398
v 0.123540 0.171819 0.001398
v 0.123540 0.171787 0.001398
v 0.123540 0.171755 0.001398
v 0.123540 0.171723 0.001398
v 0.123540 0.171674 0.001398
v 0.123540 0.171626 0.001398
v 0.123540 0.171594 0.001398
v 0.123540 0.171562 0.001398
v 0.123540 0.171529 0.001398
v 0.123540 0.171497 0.001398
v 0.123540 0.171465 0.001398
v 0.123540 0.171433 0.001398
v 0.123540 0.171400 0.001398
v 0.123540 0.171368 0.001398
v 0.123540 0.171336 0.001398
v 0.139185 0.176285 -0.008157
v 0.139683 0.176213 -0.007704
v 0.138799 0.176126 -0.008305
v 0.139571 0.176099 -0.007744
v 0.139314 0.176203 0.007986
v 0.139139 0.176079 0.008071
v 0.123558 0.176319 0.002286
v 0.124033 0.176273 0.003642
v 0.123832 0.176109 0.002789
v 0.137903 0.176259 -0.008911
v 0.138028 0.176108 -0.008762
v 0.140082 0.176306 0.007463
v 0.140958 0.176202 0.006438
v 0.140144 0.176184 0.007283
v 0.139741 0.176078 0.007599
v 0.140304 0.176062 0.007089
v 0.124528 0.176253 0.004651
v 0.124902 0.176315 0.005450
v 0.124116 0.176128 0.003622
v 0.124413 0.176131 0.004306
v 0.137041 0.176246 -0.009280
v 0.136298 0.176227 -0.009532
v 0.137243 0.176104 -0.009133
v 0.136330 0.176078 -0.009473
v 0.132288 0.176301 -0.009981
v 0.133334 0.176267 -0.010003
v 0.132138 0.176139 -0.009854
v 0.132931 0.176140 -0.009920
v 0.141502 0.176262 0.005803
v 0.141316 0.176085 0.005929
v 0.140858 0.176069 0.006499
v 0.141679 0.171244 0.005409
v 0.124929 0.176203 0.005304
v 0.124875 0.176048 0.005143
v 0.125307 0.176053 0.005798
v 0.135203 0.176261 -0.009822
v 0.135239 0.176072 -0.009745
v 0.134293 0.176087 -0.009881
v 0.131616 0.176275 -0.009851
v 0.130772 0.176251 -0.009645
v 0.131481 0.176091 -0.009744
v 0.130729 0.176085 -0.009571
v 0.142283 0.176276 0.004562
v 0.141969 0.176130 0.004943
v 0.142332 0.176129 0.004248
v 0.141716 0.176082 0.005352
v 0.125734 0.176322 0.006586
v 0.125573 0.176228 0.006230
v 0.125963 0.176078 0.006621
v 0.125951 0.171215 0.006598
v 0.134115 0.176334 -0.010062
v 0.134578 0.176217 -0.009891
v 0.133545 0.176097 -0.009922
v 0.129713 0.176263 -0.009318
v 0.129749 0.176119 -0.009249
v 0.142667 0.176197 0.003537
v 0.142611 0.176063 0.003584
v 0.126218 0.176282 0.007019
v 0.126981 0.176284 0.007728
v 0.127507 0.176118 0.008017
v 0.126269 0.176144 0.006961
v 0.126919 0.176107 0.007557
v 0.126449 0.171234 0.007116
v 0.128416 0.176258 -0.008690
v 0.129038 0.176112 -0.008934
v 0.128444 0.176106 -0.008622
v 0.143089 0.176288 0.002430
v 0.143122 0.176217 0.002012
v 0.142877 0.176132 0.002823
v 0.143093 0.176115 0.001977
v 0.127693 0.176219 0.008195
v 0.128234 0.176149 0.008506
vn 1.0000 -0.0000 -0.0000
vn -0.0000 -1.0000 -0.0000
vn -1.0000 -0.0000 -0.0000
vn -0.0000 -0.0000 1.0000
vn -0.0000 -0.0000 -1.0000
vn 0.0958 -0.2106 -0.9729
vn 0.1055 -0.1922 -0.9757
vn 0.2833 -0.2179 -0.9339
vn 0.3008 -0.1849 -0.9356
vn 0.4608 -0.2109 -0.8621
vn 0.4777 -0.1791 -0.8600
vn 0.6222 -0.1952 -0.7581
vn 0.6285 -0.1835 -0.7559
vn 0.0853 -0.5368 -0.8394
vn 0.1000 -0.5161 -0.8507
vn 0.2575 -0.5392 -0.8019
vn 0.2737 -0.5181 -0.8103
vn 0.4147 -0.5252 -0.7431
vn 0.4264 -0.5111 -0.7463
vn 0.5508 -0.5096 -0.6610
vn 0.5541 -0.5058 -0.6611
vn 0.0706 -0.7413 -0.6675
vn 0.0843 -0.7277 -0.6807
vn 0.2214 -0.7335 -0.6426
vn 0.2297 -0.7257 -0.6485
vn 0.3457 -0.7360 -0.5820
vn 0.3707 -0.7099 -0.5988
vn 0.4867 -0.6592 -0.5732
vn 0.0664 -0.8362 -0.5444
vn 0.1888 -0.8537 -0.4853
vn 0.1846 -0.8560 -0.4828
vn 0.3277 -0.8059 -0.4931
vn 0.2941 -0.8352 -0.4647
vn 0.9757 -0.1922 -0.1056
vn 0.9729 -0.2103 -0.0958
vn 0.8507 -0.5161 -0.0992
vn 0.8382 -0.5390 -0.0828
vn 0.6808 -0.7278 -0.0833
vn 0.6674 -0.7414 -0.0695
vn 0.5363 -0.8415 -0.0652
vn 0.9351 -0.1901 -0.2990
vn 0.9336 -0.2194 -0.2832
vn 0.8096 -0.5200 -0.2722
vn 0.8010 -0.5411 -0.2561
vn 0.6494 -0.7249 -0.2295
vn 0.6424 -0.7341 -0.2200
vn 0.4854 -0.8540 -0.1873
vn 0.4857 -0.8537 -0.1879
vn 0.8597 -0.1819 -0.4774
vn 0.8616 -0.2134 -0.4605
vn 0.7452 -0.5136 -0.4253
vn 0.7423 -0.5258 -0.4153
vn 0.6044 -0.7136 -0.3542
vn 0.6061 -0.7105 -0.3576
vn 0.4649 -0.8346 -0.2955
vn 0.4679 -0.8306 -0.3019
vn 0.7555 -0.1835 -0.6289
vn 0.7580 -0.1964 -0.6220
vn 0.6602 -0.5078 -0.5534
vn 0.6602 -0.5090 -0.5523
vn 0.5367 -0.6946 -0.4791
vn 0.5271 -0.7200 -0.4514
vn 0.4451 -0.8067 -0.3887
vn 0.4539 -0.7896 -0.4130
vn 0.0496 -0.9894 -0.1366
vn 0.1530 -0.9760 -0.1552
vn 0.1511 -0.9760 -0.1567
vn 0.1736 -0.9477 -0.2678
vn 0.1543 -0.9456 -0.2864
vn 0.1416 -0.9097 -0.3903
vn 0.2860 -0.9457 -0.1544
vn 0.2681 -0.9475 -0.1745
vn 0.2731 -0.9167 -0.2917
vn 0.2914 -0.9195 -0.2639
vn 0.3046 -0.8814 -0.3611
vn 0.3839 -0.9125 -0.1415
vn 0.1340 -0.9898 0.0474
vn 0.1542 -0.9759 0.1543
vn 0.1577 -0.9760 0.1500
vn 0.2579 -0.9491 0.1807
vn 0.2862 -0.9462 0.1513
vn 0.3871 -0.9111 0.1413
vn 0.1511 -0.9463 0.2858
vn 0.1811 -0.9488 0.2588
vn 0.2917 -0.9167 0.2731
vn 0.2639 -0.9195 0.2914
vn 0.3610 -0.8814 0.3046
vn 0.1415 -0.9137 0.3809
vn 0.9729 -0.2106 0.0958
vn 0.9757 -0.1922 0.1055
vn 0.9339 -0.2179 0.2833
vn 0.9356 -0.1849 0.3008
vn 0.8621 -0.2110 0.4608
vn 0.8601 -0.1791 0.4777
vn 0.7581 -0.1953 0.6222
vn 0.7559 -0.1835 0.6285
vn 0.8394 -0.5368 0.0853
vn 0.8507 -0.5161 0.0999
vn 0.8019 -0.5392 0.2575
vn 0.8103 -0.5181 0.2737
vn 0.7430 -0.5253 0.4147
vn 0.7463 -0.5111 0.4264
vn 0.6610 -0.5096 0.5508
vn 0.6611 -0.5058 0.5541
vn 0.6675 -0.7413 0.0706
vn 0.6807 -0.7277 0.0843
vn 0.6426 -0.7335 0.2214
vn 0.6485 -0.7257 0.2297
vn 0.5820 -0.7360 0.3457
vn 0.5988 -0.7100 0.3707
vn 0.5732 -0.6592 0.4867
vn 0.5431 -0.8371 0.0662
vn 0.4853 -0.8537 0.1888
vn 0.4806 -0.8581 0.1809
vn 0.4931 -0.8059 0.3277
vn 0.4647 -0.8352 0.2941
vn 0.1056 -0.1922 0.9757
vn 0.0958 -0.2103 0.9729
vn 0.0992 -0.5161 0.8507
vn 0.0828 -0.5390 0.8382
vn 0.0833 -0.7278 0.6808
vn 0.0695 -0.7414 0.6674
vn 0.0651 -0.8417 0.5361
vn 0.2990 -0.1900 0.9351
vn 0.2832 -0.2194 0.9336
vn 0.2722 -0.5200 0.8096
vn 0.2561 -0.5411 0.8010
vn 0.2296 -0.7249 0.6494
vn 0.2200 -0.7341 0.6424
vn 0.1827 -0.8566 0.4826
vn 0.1879 -0.8537 0.4857
vn 0.4774 -0.1819 0.8597
vn 0.4605 -0.2134 0.8616
vn 0.4253 -0.5136 0.7452
vn 0.4153 -0.5258 0.7423
vn 0.3542 -0.7136 0.6044
vn 0.3577 -0.7105 0.6060
vn 0.2955 -0.8346 0.4649
vn 0.3019 -0.8306 0.4679
vn 0.6289 -0.1835 0.7555
vn 0.6221 -0.1964 0.7580
vn 0.5534 -0.5078 0.6602
vn 0.5523 -0.5090 0.6602
vn 0.4791 -0.6946 0.5366
vn 0.4514 -0.7200 0.5271
vn 0.3887 -0.8067 0.4451
vn 0.4130 -0.7895 0.4539
vn -0.1056 -0.1922 -0.9757
vn -0.0958 -0.2103 -0.9729
vn -0.0992 -0.5161 -0.8507
vn -0.0828 -0.5390 -0.8382
vn -0.0833 -0.7278 -0.6808
vn -0.0695 -0.7414 -0.6674
vn -0.0651 -0.8417 -0.5361
vn -0.2990 -0.1900 -0.9351
vn -0.2832 -0.2194 -0.9336
vn -0.2722 -0.5200 -0.8096
vn -0.2561 -0.5411 -0.8010
vn -0.2296 -0.7249 -0.6494
vn -0.2200 -0.7341 -0.6424
vn -0.1827 -0.8566 -0.4826
vn -0.1879 -0.8537 -0.4857
vn -0.4774 -0.1819 -0.8597
vn -0.4605 -0.2134 -0.8616
vn -0.4253 -0.5136 -0.7452
vn -0.4153 -0.5258 -0.7423
vn -0.3542 -0.7136 -0.6044
vn -0.3577 -0.7105 -0.6060
vn -0.2955 -0.8346 -0.4649
vn -0.3019 -0.8306 -0.4679
vn -0.6289 -0.1835 -0.7555
vn -0.6221 -0.1964 -0.7580
vn -0.5534 -0.5078 -0.6602
vn -0.5523 -0.5090 -0.6602
vn -0.4791 -0.6946 -0.5366
vn -0.4514 -0.7200 -0.5271
vn -0.3887 -0.8067 -0.4451
vn -0.4130 -0.7895 -0.4539
vn -0.0511 -0.9900 -0.1314
vn -0.1556 -0.9759 -0.1530
vn -0.1577 -0.9758 -0.1514
vn -0.2678 -0.9477 -0.1735
vn -0.2864 -0.9456 -0.1543
vn -0.3903 -0.9097 -0.1416
vn -0.1511 -0.9463 -0.2858
vn -0.1811 -0.9488 -0.2588
vn -0.2917 -0.9167 -0.2731
vn -0.2639 -0.9195 -0.2914
vn -0.3610 -0.8814 -0.3046
vn -0.1415 -0.9137 -0.3809
vn -0.9729 -0.2105 -0.0958
vn -0.9757 -0.1922 -0.1055
vn -0.9339 -0.2179 -0.2833
vn -0.9356 -0.1849 -0.3008
vn -0.8621 -0.2110 -0.4608
vn -0.8601 -0.1791 -0.4777
vn -0.7581 -0.1953 -0.6222
vn -0.7559 -0.1835 -0.6285
vn -0.8394 -0.5368 -0.0853
vn -0.8507 -0.5161 -0.0999
vn -0.8019 -0.5392 -0.2575
vn -0.8103 -0.5181 -0.2737
vn -0.7430 -0.5253 -0.4147
vn -0.7463 -0.5111 -0.4264
vn -0.6610 -0.5096 -0.5508
vn -0.6611 -0.5058 -0.5541
vn -0.6675 -0.7413 -0.0706
vn -0.6807 -0.7277 -0.0843
vn -0.6426 -0.7335 -0.2214
vn -0.6485 -0.7257 -0.2297
vn -0.5820 -0.7360 -0.3457
vn -0.5988 -0.7100 -0.3707
vn -0.5732 -0.6592 -0.4867
vn -0.5443 -0.8362 -0.0664
vn -0.4853 -0.8537 -0.1888
vn -0.4828 -0.8560 -0.1846
vn -0.4931 -0.8059 -0.3277
vn -0.4647 -0.8352 -0.2941
vn -0.0958 -0.2106 0.9729
vn -0.1055 -0.1922 0.9757
vn -0.2833 -0.2179 0.9339
vn -0.3008 -0.1849 0.9356
vn -0.4608 -0.2109 0.8621
vn -0.4777 -0.1791 0.8600
vn -0.6222 -0.1952 0.7581
vn -0.6285 -0.1835 0.7559
vn -0.0853 -0.5368 0.8394
vn -0.1000 -0.5161 0.8507
vn -0.2575 -0.5392 0.8019
vn -0.2737 -0.5181 0.8103
vn -0.4147 -0.5252 0.7431
vn -0.4264 -0.5111 0.7463
vn -0.5508 -0.5096 0.6610
vn -0.5541 -0.5058 0.6611
vn -0.0706 -0.7413 0.6675
vn -0.0843 -0.7277 0.6807
vn -0.2214 -0.7335 0.6426
vn -0.2297 -0.7257 0.6485
vn -0.3457 -0.7360 0.5820
vn -0.3707 -0.7099 0.5988
vn -0.4867 -0.6592 0.5732
vn -0.0664 -0.8362 0.5444
vn -0.1888 -0.8537 0.4853
vn -0.1846 -0.8560 0.4828
vn -0.3277 -0.8059 0.4931
vn -0.2941 -0.8352 0.4647
vn -0.9757 -0.1922 0.1056
vn -0.9729 -0.2103 0.0958
vn -0.8507 -0.5161 0.0992
vn -0.8382 -0.5390 0.0828
vn -0.6808 -0.7277 0.0833
vn -0.6674 -0.7414 0.0695
vn -0.5361 -0.8417 0.0651
vn -0.9351 -0.1901 0.2990
vn -0.9336 -0.2194 0.2832
vn -0.8096 -0.5200 0.2722
vn -0.8010 -0.5411 0.2561
vn -0.6494 -0.7249 0.2295
vn -0.6424 -0.7341 0.2200
vn -0.4826 -0.8566 0.1827
vn -0.4857 -0.8537 0.1879
vn -0.8597 -0.1819 0.4774
vn -0.8616 -0.2134 0.4605
vn -0.7452 -0.5136 0.4253
vn -0.7423 -0.5258 0.4153
vn -0.6044 -0.7136 0.3542
vn -0.6061 -0.7105 0.3576
vn -0.4649 -0.8346 0.2955
vn -0.4679 -0.8306 0.3019
vn -0.7555 -0.1835 0.6289
vn -0.7580 -0.1964 0.6220
vn -0.6602 -0.5078 0.5534
vn -0.6602 -0.5090 0.5523
vn -0.5367 -0.6946 0.4791
vn -0.5271 -0.7200 0.4514
vn -0.4451 -0.8067 0.3887
vn -0.4539 -0.7896 0.4130
vn -0.0488 -0.9893 0.1377
vn -0.1531 -0.9755 0.1577
vn -0.1532 -0.9755 0.1576
vn -0.1736 -0.9477 0.2678
vn -0.1543 -0.9456 0.2864
vn -0.1416 -0.9097 0.3903
vn -0.2858 -0.9463 0.1511
vn -0.2588 -0.9488 0.1811
vn -0.2731 -0.9167 0.2917
vn -0.2914 -0.9195 0.2639
vn -0.3046 -0.8814 0.3611
vn -0.3809 -0.9137 0.1415
vn -0.1244 0.1484 0.9811
vn -0.1101 0.1754 0.9783
vn -0.1299 0.4538 0.8816
vn -0.1110 0.4790 0.8708
vn -0.1235 0.6671 0.7346
vn -0.1078 0.6825 0.7229
vn -0.1130 0.8031 0.5851
vn -0.1085 0.8069 0.5806
vn -0.3121 0.1502 0.9381
vn -0.2956 0.1807 0.9381
vn -0.3020 0.4560 0.8372
vn -0.2872 0.4765 0.8309
vn -0.2726 0.6601 0.7000
vn -0.2635 0.6698 0.6942
vn -0.2678 0.7813 0.5638
vn -0.2392 0.8010 0.5488
vn -0.4868 0.1411 0.8621
vn -0.4694 0.1728 0.8659
vn -0.4535 0.4473 0.7709
vn -0.4444 0.4591 0.7693
vn -0.3980 0.6456 0.6517
vn -0.4012 0.6424 0.6530
vn -0.3491 0.7768 0.5241
vn -0.3554 0.7722 0.5267
vn -0.6351 0.1415 0.7593
vn -0.6271 0.1559 0.7632
vn -0.5797 0.4405 0.6855
vn -0.5787 0.4417 0.6856
vn -0.5224 0.6247 0.5804
vn -0.4969 0.6512 0.5736
vn -0.4420 0.7446 0.5001
vn -0.4653 0.7255 0.5071
vn -0.1044 0.9887 0.1079
vn -0.1060 0.9887 0.1063
vn -0.2087 0.9718 0.1100
vn -0.2191 0.9709 0.0971
vn -0.3236 0.9397 0.1105
vn -0.3336 0.9373 0.1008
vn -0.4477 0.8875 0.1089
vn -0.4521 0.8858 0.1051
vn -0.1018 0.9706 0.2181
vn -0.1104 0.9716 0.2095
vn -0.2157 0.9505 0.2236
vn -0.2244 0.9505 0.2150
vn -0.3278 0.9106 0.2517
vn -0.3517 0.9100 0.2194
vn -0.4471 0.8715 0.2017
vn -0.1017 0.9372 0.3335
vn -0.1113 0.9396 0.3236
vn -0.2205 0.9099 0.3514
vn -0.2518 0.9103 0.3286
vn -0.3535 0.8737 0.3341
vn -0.3250 0.8772 0.3535
vn -0.4227 0.8302 0.3634
vn -0.1051 0.8856 0.4524
vn -0.1093 0.8875 0.4477
vn -0.2017 0.8709 0.4481
vn -0.9785 0.1722 0.1138
vn -0.9798 0.1601 0.1199
vn -0.9382 0.1776 0.2972
vn -0.9380 0.1477 0.3136
vn -0.8658 0.1677 0.4715
vn -0.8622 0.1397 0.4870
vn -0.7617 0.1507 0.6302
vn -0.7595 0.1430 0.6346
vn -0.8714 0.4766 0.1161
vn -0.8801 0.4568 0.1297
vn -0.8316 0.4746 0.2885
vn -0.8377 0.4542 0.3034
vn -0.7700 0.4585 0.4437
vn -0.7718 0.4449 0.4543
vn -0.6864 0.4423 0.5773
vn -0.6862 0.4387 0.5802
vn -0.7228 0.6821 0.1111
vn -0.7342 0.6674 0.1245
vn -0.6942 0.6692 0.2650
vn -0.6992 0.6609 0.2728
vn -0.6319 0.6690 0.3914
vn -0.6456 0.6416 0.4143
vn -0.6135 0.5887 0.5265
vn -0.5802 0.8072 0.1085
vn -0.5850 0.8031 0.1134
vn -0.5485 0.8009 0.2402
vn -0.5624 0.7826 0.2669
vn -0.5498 0.7441 0.3796
vn -0.5241 0.7776 0.3473
vn 0.1244 0.1484 -0.9811
vn 0.1101 0.1754 -0.9783
vn 0.1299 0.4538 -0.8816
vn 0.1110 0.4790 -0.8708
vn 0.1235 0.6671 -0.7346
vn 0.1078 0.6825 -0.7229
vn 0.1130 0.8031 -0.5851
vn 0.1085 0.8069 -0.5806
vn 0.3121 0.1502 -0.9381
vn 0.2956 0.1807 -0.9381
vn 0.3020 0.4560 -0.8372
vn 0.2872 0.4765 -0.8309
vn 0.2726 0.6601 -0.7000
vn 0.2635 0.6698 -0.6942
vn 0.2678 0.7813 -0.5638
vn 0.2392 0.8010 -0.5488
vn 0.4868 0.1411 -0.8621
vn 0.4694 0.1728 -0.8659
vn 0.4535 0.4473 -0.7709
vn 0.4444 0.4591 -0.7693
vn 0.3980 0.6456 -0.6517
vn 0.4012 0.6424 -0.6530
vn 0.3491 0.7768 -0.5241
vn 0.3554 0.7722 -0.5267
vn 0.6351 0.1415 -0.7593
vn 0.6271 0.1559 -0.7632
vn 0.5797 0.4405 -0.6855
vn 0.5787 0.4417 -0.6856
vn 0.5224 0.6247 -0.5804
vn 0.4969 0.6512 -0.5736
vn 0.4420 0.7446 -0.5001
vn 0.4653 0.7255 -0.5071
vn 0.1076 0.9887 -0.1047
vn 0.1060 0.9887 -0.1063
vn 0.2099 0.9715 -0.1099
vn 0.2190 0.9707 -0.0993
vn 0.3236 0.9397 -0.1105
vn 0.3336 0.9373 -0.1008
vn 0.4477 0.8875 -0.1089
vn 0.4521 0.8858 -0.1051
vn 0.1018 0.9706 -0.2181
vn 0.1104 0.9716 -0.2095
vn 0.2157 0.9505 -0.2236
vn 0.2244 0.9505 -0.2150
vn 0.3278 0.9106 -0.2517
vn 0.3517 0.9100 -0.2194
vn 0.4471 0.8715 -0.2017
vn 0.1017 0.9372 -0.3335
vn 0.1113 0.9396 -0.3236
vn 0.2205 0.9099 -0.3514
vn 0.2518 0.9103 -0.3286
vn 0.3535 0.8737 -0.3341
vn 0.3250 0.8772 -0.3535
vn 0.4227 0.8302 -0.3634
vn 0.1051 0.8856 -0.4524
vn 0.1093 0.8875 -0.4477
vn 0.2017 0.8709 -0.4481
vn 0.9784 0.1721 -0.1141
vn 0.9795 0.1628 -0.1188
vn 0.9382 0.1751 -0.2986
vn 0.9380 0.1477 -0.3136
vn 0.8652 0.1652 -0.4734
vn 0.8619 0.1414 -0.4869
vn 0.7612 0.1507 -0.6308
vn 0.7593 0.1444 -0.6345
vn 0.8714 0.4766 -0.1167
vn 0.8796 0.4577 -0.1297
vn 0.8316 0.4746 -0.2885
vn 0.8377 0.4542 -0.3034
vn 0.7700 0.4585 -0.4437
vn 0.7718 0.4449 -0.4543
vn 0.6864 0.4423 -0.5773
vn 0.6862 0.4387 -0.5802
vn 0.7228 0.6821 -0.1111
vn 0.7342 0.6674 -0.1245
vn 0.6942 0.6692 -0.2650
vn 0.6992 0.6609 -0.2728
vn 0.6319 0.6690 -0.3914
vn 0.6456 0.6416 -0.4143
vn 0.6135 0.5887 -0.5265
vn 0.5802 0.8072 -0.1085
vn 0.5850 0.8031 -0.1134
vn 0.5485 0.8009 -0.2402
vn 0.5624 0.7826 -0.2669
vn 0.5498 0.7441 -0.3796
vn 0.5241 0.7776 -0.3473
vn -0.1141 0.1721 -0.9784
vn -0.1188 0.1628 -0.9795
vn -0.2986 0.1751 -0.9382
vn -0.3136 0.1478 -0.9380
vn -0.4734 0.1652 -0.8652
vn -0.4869 0.1414 -0.8619
vn -0.6308 0.1507 -0.7612
vn -0.6345 0.1444 -0.7593
vn -0.1167 0.4766 -0.8714
vn -0.1297 0.4577 -0.8796
vn -0.2885 0.4746 -0.8316
vn -0.3034 0.4542 -0.8377
vn -0.4437 0.4585 -0.7700
vn -0.4543 0.4449 -0.7718
vn -0.5773 0.4422 -0.6864
vn -0.5802 0.4387 -0.6862
vn -0.1111 0.6821 -0.7228
vn -0.1245 0.6674 -0.7342
vn -0.2650 0.6692 -0.6942
vn -0.2728 0.6608 -0.6992
vn -0.3914 0.6690 -0.6319
vn -0.4143 0.6416 -0.6455
vn -0.5264 0.5887 -0.6134
vn -0.1085 0.8072 -0.5802
vn -0.1134 0.8030 -0.5850
vn -0.2402 0.8009 -0.5484
vn -0.2669 0.7826 -0.5624
vn -0.3795 0.7441 -0.5498
vn -0.3473 0.7776 -0.5241
vn -0.9809 0.1509 -0.1231
vn -0.9783 0.1755 -0.1103
vn -0.8808 0.4556 -0.1291
vn -0.8707 0.4790 -0.1116
vn -0.7343 0.6675 -0.1234
vn -0.7227 0.6823 -0.1100
vn -0.5850 0.8031 -0.1129
vn -0.5806 0.8069 -0.1085
vn -0.9381 0.1502 -0.3121
vn -0.9381 0.1807 -0.2956
vn -0.8372 0.4560 -0.3020
vn -0.8309 0.4765 -0.2872
vn -0.7000 0.6601 -0.2726
vn -0.6942 0.6698 -0.2635
vn -0.5638 0.7813 -0.2678
vn -0.5488 0.8010 -0.2392
vn -0.8621 0.1411 -0.4868
vn -0.8659 0.1727 -0.4694
vn -0.7709 0.4473 -0.4535
vn -0.7693 0.4591 -0.4444
vn -0.6517 0.6456 -0.3980
vn -0.6530 0.6424 -0.4013
vn -0.5241 0.7768 -0.3491
vn -0.5267 0.7722 -0.3553
vn -0.7593 0.1415 -0.6351
vn -0.7632 0.1559 -0.6271
vn -0.6855 0.4405 -0.5797
vn -0.6856 0.4417 -0.5787
vn -0.5804 0.6247 -0.5224
vn -0.5736 0.6512 -0.4969
vn -0.5001 0.7446 -0.4420
vn -0.5071 0.7255 -0.4653
vn -0.1075 0.9888 -0.1039
vn -0.1087 0.9888 -0.1027
vn -0.1100 0.9717 -0.2089
vn -0.0983 0.9708 -0.2190
vn -0.1105 0.9397 -0.3236
vn -0.1008 0.9373 -0.3336
vn -0.1089 0.8875 -0.4477
vn -0.1051 0.8858 -0.4521
vn -0.2181 0.9705 -0.1027
vn -0.2106 0.9713 -0.1103
vn -0.2236 0.9505 -0.2157
vn -0.2150 0.9505 -0.2244
vn -0.2517 0.9106 -0.3278
vn -0.2194 0.9100 -0.3517
vn -0.2017 0.8715 -0.4471
vn -0.3335 0.9373 -0.1017
vn -0.3236 0.9396 -0.1113
vn -0.3514 0.9099 -0.2205
vn -0.3286 0.9103 -0.2518
vn -0.3341 0.8737 -0.3535
vn -0.3535 0.8772 -0.3250
vn -0.3634 0.8302 -0.4227
vn -0.4524 0.8856 -0.1051
vn -0.4477 0.8875 -0.1093
vn -0.4482 0.8709 -0.2018
vn 0.1141 0.1721 0.9784
vn 0.1188 0.1628 0.9795
vn 0.2986 0.1751 0.9382
vn 0.3136 0.1478 0.9380
vn 0.4734 0.1652 0.8652
vn 0.4869 0.1414 0.8619
vn 0.6308 0.1507 0.7612
vn 0.6345 0.1444 0.7593
vn 0.1167 0.4766 0.8714
vn 0.1297 0.4577 0.8796
vn 0.2885 0.4746 0.8316
vn 0.3034 0.4542 0.8377
vn 0.4437 0.4585 0.7700
vn 0.4543 0.4449 0.7718
vn 0.5773 0.4422 0.6864
vn 0.5802 0.4387 0.6862
vn 0.1111 0.6821 0.7228
vn 0.1245 0.6674 0.7342
vn 0.2650 0.6692 0.6942
vn 0.2728 0.6608 0.6992
vn 0.3914 0.6690 0.6319
vn 0.4143 0.6416 0.6455
vn 0.5264 0.5887 0.6134
vn 0.1085 0.8072 0.5802
vn 0.1134 0.8030 0.5850
vn 0.2402 0.8009 0.5484
vn 0.2669 0.7826 0.5624
vn 0.3795 0.7441 0.5498
vn 0.3473 0.7776 0.5241
vn 0.9811 0.1484 0.1243
vn 0.9783 0.1754 0.1101
vn 0.8812 0.4548 0.1292
vn 0.8708 0.4790 0.1110
vn 0.7343 0.6675 0.1234
vn 0.7227 0.6823 0.1100
vn 0.5850 0.8031 0.1129
vn 0.5806 0.8069 0.1085
vn 0.9381 0.1502 0.3121
vn 0.9381 0.1807 0.2956
vn 0.8372 0.4560 0.3020
vn 0.8309 0.4765 0.2872
vn 0.7000 0.6601 0.2726
vn 0.6942 0.6698 0.2635
vn 0.5638 0.7813 0.2678
vn 0.5488 0.8010 0.2392
vn 0.8621 0.1411 0.4868
vn 0.8659 0.1727 0.4694
vn 0.7709 0.4473 0.4535
vn 0.7693 0.4591 0.4444
vn 0.6517 0.6456 0.3980
vn 0.6530 0.6424 0.4013
vn 0.5241 0.7768 0.3491
vn 0.5267 0.7722 0.3553
vn 0.7593 0.1415 0.6351
vn 0.7632 0.1559 0.6271
vn 0.6855 0.4405 0.5797
vn 0.6856 0.4417 0.5787
vn 0.5804 0.6247 0.5224
vn 0.5736 0.6512 0.4969
vn 0.5001 0.7446 0.4420
vn 0.5071 0.7255 0.4653
vn 0.1075 0.9888 0.1039
vn 0.1039 0.9888 0.1074
vn 0.1100 0.9717 0.2089
vn 0.0983 0.9708 0.2190
vn 0.1105 0.9397 0.3236
vn 0.1008 0.9373 0.3336
vn 0.1089 0.8875 0.4477
vn 0.1051 0.8858 0.4521
vn 0.2181 0.9708 0.0995
vn 0.2083 0.9718 0.1105
vn 0.2236 0.9505 0.2157
vn 0.2150 0.9505 0.2244
vn 0.2517 0.9106 0.3278
vn 0.2194 0.9100 0.3517
vn 0.2017 0.8715 0.4471
vn 0.3335 0.9373 0.1017
vn 0.3236 0.9396 0.1113
vn 0.3514 0.9099 0.2205
vn 0.3286 0.9103 0.2518
vn 0.3341 0.8737 0.3535
vn 0.3535 0.8772 0.3250
vn 0.3634 0.8302 0.4227
vn 0.4524 0.8856 0.1051
vn 0.4477 0.8875 0.1093
vn 0.4482 0.8709 0.2018
vn 0.9811 -0.1933 -0.0000
vn 0.2534 -0.9674 -0.0000
vn 0.1654 -0.9862 -0.0000
vn 0.4818 -0.8763 -0.0000
vn 0.3928 -0.9196 -0.0000
vn 0.1622 -0.9868 -0.0000
vn 0.0470 -0.9989 -0.0001
vn 0.8550 -0.5186 -0.0000
vn 0.8550 -0.5187 -0.0000
vn 0.6831 -0.7303 -0.0000
vn 0.6832 -0.7303 -0.0000
vn 0.4943 -0.8693 -0.0000
vn 0.3685 -0.9296 -0.0000
vn 0.2746 -0.9616 -0.0000
vn -0.0450 -0.9990 -0.0000
vn -0.4909 -0.8712 -0.0000
vn -0.6831 -0.7303 -0.0000
vn -0.0611 -0.9981 -0.0000
vn -0.1477 -0.9890 -0.0000
vn -0.1622 -0.9868 -0.0000
vn -0.2597 -0.9657 -0.0000
vn -0.2686 -0.9632 -0.0000
vn -0.3758 -0.9267 -0.0000
vn -0.3853 -0.9228 -0.0000
vn -0.4868 -0.8735 -0.0000
vn -0.8550 -0.5187 -0.0000
vn -0.9811 -0.1933 -0.0000
vn -0.7730 0.0002 0.6344
vn -0.8819 0.0001 0.4714
vn -0.9952 -0.0000 0.0980
vn -0.1018 -0.0000 0.9948
vn -0.0980 0.0001 0.9952
vn -0.2919 0.0001 0.9565
vn -0.2903 0.0001 0.9569
vn -0.4709 0.0002 0.8822
vn -0.4714 0.0002 0.8819
vn -0.6325 0.0002 0.7746
vn -0.6344 0.0002 0.7730
vn -0.7706 0.0002 0.6374
vn -0.8824 0.0002 0.4705
vn -0.9555 0.0001 0.2949
vn -0.9569 0.0001 0.2903
vn -0.9947 0.0001 0.1024
vn 0.9952 -0.0000 -0.0980
vn 0.1018 -0.0000 -0.9948
vn 0.0980 0.0001 -0.9952
vn 0.2919 0.0001 -0.9565
vn 0.2903 0.0001 -0.9569
vn 0.4709 0.0002 -0.8822
vn 0.4714 0.0002 -0.8819
vn 0.6325 0.0002 -0.7746
vn 0.6344 0.0002 -0.7730
vn 0.7707 0.0002 -0.6372
vn 0.7730 0.0002 -0.6344
vn 0.8799 0.0002 -0.4751
vn 0.8819 0.0001 -0.4714
vn 0.9556 0.0001 -0.2945
vn 0.9569 0.0001 -0.2903
vn 0.9948 0.0001 -0.1022
vn -0.1022 0.0001 -0.9948
vn -0.2903 0.0001 -0.9569
vn -0.2945 0.0001 -0.9556
vn -0.4714 0.0001 -0.8819
vn -0.4751 0.0002 -0.8799
vn -0.6344 0.0002 -0.7730
vn -0.6371 0.0002 -0.7707
vn -0.7730 0.0002 -0.6344
vn -0.7746 0.0002 -0.6325
vn -0.8819 0.0002 -0.4714
vn -0.8822 0.0002 -0.4709
vn -0.9569 0.0001 -0.2903
vn -0.9565 0.0001 -0.2918
vn -0.9952 0.0001 -0.0980
vn -0.9948 -0.0000 -0.1017
vn -0.0980 -0.0000 -0.9952
vn 0.1022 0.0001 0.9948
vn 0.2903 0.0001 0.9569
vn 0.2945 0.0001 0.9556
vn 0.4714 0.0001 0.8819
vn 0.4751 0.0002 0.8799
vn 0.6344 0.0002 0.7730
vn 0.6371 0.0002 0.7707
vn 0.7730 0.0002 0.6344
vn 0.7746 0.0002 0.6325
vn 0.8819 0.0002 0.4714
vn 0.8822 0.0002 0.4709
vn 0.9569 0.0001 0.2903
vn 0.9565 0.0001 0.2918
vn 0.9952 0.0001 0.0980
vn 0.9948 -0.0000 0.1018
vn 0.0980 -0.0000 0.9952
vn -0.8560 0.5170 -0.0000
vn -0.7228 0.6910 -0.0000
vn -0.5811 0.8138 -0.0000
vn -0.4555 0.8902 -0.0000
vn -0.3438 0.9391 -0.0000
vn -0.9847 0.1741 -0.0000
vn -0.2792 0.9602 0.0001
vn -0.1135 0.9935 -0.0000
vn -0.9854 0.1704 -0.0000
vn -0.8481 0.5299 -0.0000
vn -0.3438 0.9390 -0.0000
vn -0.2626 0.9649 -0.0000
vn -0.1224 0.9925 -0.0000
vn -0.8885 0.4589 -0.0022
vn -0.7385 0.6742 -0.0028
vn -0.7242 0.6896 -0.0036
vn -0.5873 0.8093 -0.0040
vn -0.5833 0.8122 -0.0042
vn -0.4489 0.8936 -0.0044
vn -0.4581 0.8889 -0.0040
vn -0.3242 0.9460 -0.0041
vn -0.3460 0.9382 -0.0032
vn -0.1903 0.9817 -0.0032
vn 0.1219 0.9925 -0.0000
vn 0.3438 0.9390 -0.0000
vn 0.4555 0.8902 -0.0000
vn 0.1128 0.9936 -0.0000
vn 0.2688 0.9632 -0.0000
vn 0.9845 0.1754 -0.0000
vn 0.2709 0.9626 -0.0000
vn 0.3438 0.9391 -0.0000
vn 0.5812 0.8138 -0.0000
vn 0.5811 0.8138 -0.0000
vn 0.7228 0.6910 -0.0000
vn 0.8559 0.5171 -0.0000
vn 0.8481 0.5299 -0.0000
vn 0.9854 0.1700 -0.0000
vn 0.1989 0.9800 -0.0032
vn 0.3242 0.9460 -0.0032
vn 0.3467 0.9380 -0.0041
vn 0.4489 0.8936 -0.0040
vn 0.4583 0.8888 -0.0044
vn 0.5873 0.8094 -0.0041
vn 0.5832 0.8123 -0.0040
vn 0.7385 0.6743 -0.0035
vn 0.7239 0.6899 -0.0029
vn 0.8943 0.4476 -0.0021
vn 0.1936 0.9811 0.0032
vn 0.3460 0.9382 0.0032
vn 0.3242 0.9460 0.0041
vn 0.4581 0.8889 0.0040
vn 0.4489 0.8936 0.0044
vn 0.5833 0.8122 0.0042
vn 0.5873 0.8093 0.0040
vn 0.7242 0.6896 0.0036
vn 0.7385 0.6742 0.0028
vn 0.8889 0.4582 0.0022
vn 0.0016 0.9944 0.1058
vn 0.0016 0.9778 0.2096
vn 0.0029 0.9700 0.2432
vn 0.0028 0.9460 0.3242
vn 0.0037 0.9381 0.3463
vn 0.0036 0.8936 0.4489
vn 0.0039 0.8890 0.4579
vn 0.0037 0.8093 0.5873
vn 0.0035 0.8125 0.5829
vn 0.0030 0.6568 0.7541
vn -0.8947 0.4467 0.0021
vn -0.7239 0.6899 0.0029
vn -0.7385 0.6743 0.0035
vn -0.5832 0.8123 0.0040
vn -0.5873 0.8093 0.0041
vn -0.4583 0.8888 0.0044
vn -0.4489 0.8936 0.0040
vn -0.3467 0.9380 0.0041
vn -0.3242 0.9460 0.0032
vn -0.2043 0.9789 0.0032
vn -0.0016 0.9944 -0.1058
vn -0.0016 0.9778 -0.2096
vn -0.0029 0.9700 -0.2432
vn -0.0028 0.9460 -0.3242
vn -0.0037 0.9381 -0.3463
vn -0.0036 0.8936 -0.4489
vn -0.0039 0.8890 -0.4579
vn -0.0037 0.8093 -0.5873
vn -0.0035 0.8125 -0.5829
vn -0.0030 0.6568 -0.7541
vn -0.0000 -0.1933 0.9811
vn -0.0000 -0.5187 0.8550
vn -0.0000 -0.7303 0.6831
vn -0.0000 -0.8712 0.4909
vn -0.0000 -0.8735 0.4868
vn -0.0000 -0.9228 0.3853
vn -0.0000 -0.9267 0.3758
vn -0.0000 -0.9632 0.2686
vn -0.0000 -0.9657 0.2598
vn -0.0000 -0.9860 0.1668
vn 0.0001 -0.9885 0.1514
vn 0.0002 -0.9989 0.0469
vn -0.0000 -0.1933 -0.9811
vn -0.0000 -0.5187 -0.8550
vn -0.0000 -0.7303 -0.6831
vn -0.0000 -0.8712 -0.4909
vn -0.0000 -0.8735 -0.4868
vn -0.0000 -0.9228 -0.3853
vn -0.0000 -0.9267 -0.3758
vn -0.0000 -0.9632 -0.2686
vn -0.0000 -0.9657 -0.2598
vn -0.0000 -0.9856 -0.1693
vn -0.0000 -0.9864 -0.1644
vn -0.0029 0.9804 0.1971
vn -0.0028 0.9383 0.3457
vn -0.0037 0.9460 0.3242
vn -0.0036 0.8891 0.4577
vn -0.0039 0.8936 0.4489
vn -0.0037 0.8124 0.5830
vn -0.0035 0.8093 0.5873
vn -0.0031 0.6898 0.7240
vn -0.0025 0.6742 0.7385
vn -0.0019 0.4582 0.8889
vn -0.0000 0.8138 0.5811
vn -0.0000 0.6910 0.7228
vn -0.0001 0.9933 0.1152
vn -0.0001 0.9639 0.2662
vn -0.0000 0.1755 0.9845
vn -0.0000 0.9890 0.1480
vn -0.0000 0.8902 0.4555
vn -0.0000 0.9705 0.2411
vn -0.0000 0.9391 0.3438
vn -0.0000 0.9390 0.3438
vn 0.0002 0.7347 0.6783
vn 0.0001 0.4698 0.8828
vn -0.0000 0.5297 0.8482
vn -0.0000 0.1700 0.9854
vn 0.0029 0.9804 -0.1971
vn 0.0028 0.9383 -0.3457
vn 0.0037 0.9460 -0.3242
vn 0.0036 0.8891 -0.4577
vn 0.0039 0.8936 -0.4489
vn 0.0037 0.8124 -0.5830
vn 0.0035 0.8093 -0.5873
vn 0.0031 0.6898 -0.7240
vn 0.0025 0.6742 -0.7385
vn 0.0019 0.4582 -0.8889
vn -0.0000 0.8138 -0.5811
vn -0.0000 0.6910 -0.7228
vn 0.0001 0.9933 -0.1152
vn 0.0001 0.9639 -0.2662
vn -0.0000 0.1755 -0.9845
vn -0.0000 0.9890 -0.1480
vn -0.0000 0.9390 -0.3438
vn -0.0000 0.8902 -0.4555
vn -0.0000 0.9705 -0.2411
vn -0.0000 0.9391 -0.3438
vn -0.0002 0.7347 -0.6783
vn -0.0001 0.4698 -0.8828
vn -0.0000 0.5297 -0.8482
vn -0.0000 0.1700 -0.9854
vn -0.0000 1.0000 -0.0000
vn 0.9757 0.1922 0.1056
vn 0.9729 0.2104 0.0958
vn 0.8507 0.5161 0.0993
vn 0.8382 0.5390 0.0828
vn 0.6808 0.7278 0.0833
vn 0.6674 0.7414 0.0695
vn 0.5360 0.8417 0.0651
vn 0.9351 0.1900 0.2990
vn 0.9336 0.2194 0.2832
vn 0.8096 0.5200 0.2722
vn 0.8010 0.5412 0.2561
vn 0.6494 0.7249 0.2296
vn 0.6424 0.7341 0.2200
vn 0.4826 0.8566 0.1827
vn 0.4857 0.8537 0.1879
vn 0.8597 0.1819 0.4774
vn 0.8616 0.2134 0.4605
vn 0.7452 0.5136 0.4253
vn 0.7423 0.5258 0.4153
vn 0.6044 0.7136 0.3542
vn 0.6060 0.7105 0.3576
vn 0.4649 0.8346 0.2955
vn 0.4679 0.8306 0.3019
vn 0.7555 0.1835 0.6289
vn 0.7580 0.1963 0.6220
vn 0.6602 0.5078 0.5534
vn 0.6602 0.5090 0.5523
vn 0.5367 0.6946 0.4791
vn 0.5271 0.7199 0.4515
vn 0.4451 0.8067 0.3887
vn 0.4539 0.7896 0.4130
vn 0.1314 0.9900 0.0511
vn 0.1530 0.9759 0.1557
vn 0.1514 0.9758 0.1577
vn 0.1795 0.9482 0.2620
vn 0.1543 0.9456 0.2864
vn 0.1413 0.9111 0.3871
vn 0.2858 0.9463 0.1511
vn 0.2588 0.9488 0.1811
vn 0.2731 0.9167 0.2916
vn 0.2914 0.9195 0.2640
vn 0.3046 0.8814 0.3610
vn 0.3809 0.9137 0.1415
vn 0.0958 0.2106 0.9729
vn 0.1055 0.1922 0.9757
vn 0.2833 0.2179 0.9340
vn 0.3008 0.1849 0.9356
vn 0.4608 0.2109 0.8621
vn 0.4777 0.1791 0.8601
vn 0.6222 0.1952 0.7581
vn 0.6285 0.1834 0.7559
vn 0.0853 0.5368 0.8394
vn 0.1000 0.5161 0.8507
vn 0.2575 0.5392 0.8019
vn 0.2737 0.5181 0.8103
vn 0.4147 0.5252 0.7430
vn 0.4263 0.5112 0.7463
vn 0.5508 0.5096 0.6610
vn 0.5541 0.5058 0.6611
vn 0.0706 0.7413 0.6675
vn 0.0843 0.7277 0.6807
vn 0.2215 0.7335 0.6426
vn 0.2297 0.7257 0.6486
vn 0.3457 0.7360 0.5820
vn 0.3707 0.7099 0.5988
vn 0.4867 0.6592 0.5732
vn 0.0662 0.8371 0.5431
vn 0.1888 0.8537 0.4853
vn 0.1809 0.8581 0.4806
vn 0.3277 0.8059 0.4931
vn 0.2941 0.8352 0.4647
vn -0.1056 0.1922 0.9757
vn -0.0958 0.2104 0.9729
vn -0.0992 0.5161 0.8507
vn -0.0828 0.5390 0.8382
vn -0.0833 0.7277 0.6808
vn -0.0695 0.7414 0.6674
vn -0.0652 0.8415 0.5363
vn -0.2990 0.1901 0.9351
vn -0.2832 0.2194 0.9336
vn -0.2722 0.5200 0.8096
vn -0.2561 0.5411 0.8010
vn -0.2295 0.7250 0.6494
vn -0.2200 0.7341 0.6424
vn -0.1874 0.8540 0.4854
vn -0.1879 0.8537 0.4857
vn -0.4774 0.1819 0.8597
vn -0.4605 0.2134 0.8616
vn -0.4253 0.5136 0.7452
vn -0.4153 0.5258 0.7423
vn -0.3542 0.7136 0.6044
vn -0.3576 0.7105 0.6061
vn -0.2955 0.8346 0.4649
vn -0.3020 0.8306 0.4679
vn -0.6289 0.1835 0.7556
vn -0.6221 0.1964 0.7580
vn -0.5535 0.5077 0.6602
vn -0.5523 0.5090 0.6602
vn -0.4791 0.6946 0.5367
vn -0.4515 0.7199 0.5272
vn -0.3887 0.8067 0.4451
vn -0.4130 0.7896 0.4539
vn -0.1377 0.9893 0.0489
vn -0.1577 0.9755 0.1531
vn -0.1576 0.9755 0.1532
vn -0.2678 0.9477 0.1735
vn -0.2864 0.9456 0.1543
vn -0.3903 0.9098 0.1416
vn -0.1511 0.9463 0.2858
vn -0.1756 0.9485 0.2638
vn -0.2916 0.9167 0.2731
vn -0.2640 0.9195 0.2913
vn -0.3610 0.8814 0.3046
vn -0.1415 0.9125 0.3839
vn -0.9729 0.2106 0.0958
vn -0.9757 0.1922 0.1055
vn -0.9339 0.2179 0.2833
vn -0.9356 0.1849 0.3008
vn -0.8621 0.2109 0.4608
vn -0.8601 0.1791 0.4777
vn -0.7581 0.1952 0.6222
vn -0.7559 0.1834 0.6285
vn -0.8394 0.5368 0.0853
vn -0.8507 0.5161 0.1000
vn -0.8018 0.5392 0.2575
vn -0.8103 0.5181 0.2737
vn -0.7430 0.5253 0.4147
vn -0.7463 0.5111 0.4264
vn -0.6610 0.5096 0.5508
vn -0.6611 0.5058 0.5542
vn -0.6675 0.7413 0.0706
vn -0.6807 0.7277 0.0843
vn -0.6426 0.7335 0.2214
vn -0.6485 0.7257 0.2297
vn -0.5820 0.7361 0.3457
vn -0.5988 0.7099 0.3707
vn -0.5732 0.6592 0.4867
vn -0.5444 0.8362 0.0664
vn -0.4853 0.8537 0.1888
vn -0.4828 0.8560 0.1846
vn -0.4931 0.8059 0.3277
vn -0.4647 0.8352 0.2941
vn 0.1056 0.1922 -0.9757
vn 0.0958 0.2103 -0.9729
vn 0.0993 0.5161 -0.8507
vn 0.0828 0.5390 -0.8382
vn 0.0833 0.7278 -0.6807
vn 0.0695 0.7414 -0.6674
vn 0.0652 0.8415 -0.5363
vn 0.2990 0.1901 -0.9351
vn 0.2832 0.2194 -0.9336
vn 0.2722 0.5200 -0.8096
vn 0.2561 0.5411 -0.8010
vn 0.2295 0.7250 -0.6494
vn 0.2200 0.7341 -0.6424
vn 0.1874 0.8540 -0.4854
vn 0.1879 0.8537 -0.4857
vn 0.4774 0.1819 -0.8597
vn 0.4605 0.2134 -0.8616
vn 0.4253 0.5136 -0.7452
vn 0.4153 0.5258 -0.7423
vn 0.3542 0.7136 -0.6044
vn 0.3576 0.7105 -0.6061
vn 0.2955 0.8346 -0.4649
vn 0.3020 0.8306 -0.4679
vn 0.6289 0.1835 -0.7556
vn 0.6221 0.1964 -0.7580
vn 0.5535 0.5077 -0.6602
vn 0.5523 0.5090 -0.6602
vn 0.4791 0.6946 -0.5367
vn 0.4515 0.7199 -0.5272
vn 0.3887 0.8067 -0.4451
vn 0.4130 0.7896 -0.4539
vn 0.1377 0.9893 -0.0489
vn 0.1577 0.9755 -0.1531
vn 0.1576 0.9755 -0.1532
vn 0.2678 0.9477 -0.1735
vn 0.2864 0.9456 -0.1543
vn 0.3903 0.9098 -0.1416
vn 0.1511 0.9463 -0.2858
vn 0.1756 0.9485 -0.2638
vn 0.2916 0.9167 -0.2731
vn 0.2640 0.9195 -0.2913
vn 0.3610 0.8814 -0.3046
vn 0.1415 0.9125 -0.3839
vn 0.9729 0.2106 -0.0958
vn 0.9757 0.1922 -0.1055
vn 0.9339 0.2179 -0.2833
vn 0.9356 0.1849 -0.3008
vn 0.8621 0.2109 -0.4608
vn 0.8601 0.1791 -0.4777
vn 0.7581 0.1952 -0.6222
vn 0.7559 0.1834 -0.6285
vn 0.8394 0.5368 -0.0853
vn 0.8507 0.5161 -0.1000
vn 0.8018 0.5392 -0.2575
vn 0.8103 0.5181 -0.2737
vn 0.7430 0.5253 -0.4147
vn 0.7463 0.5111 -0.4264
vn 0.6610 0.5096 -0.5508
vn 0.6611 0.5058 -0.5542
vn 0.6675 0.7413 -0.0706
vn 0.6807 0.7277 -0.0843
vn 0.6426 0.7335 -0.2214
vn 0.6485 0.7257 -0.2297
vn 0.5820 0.7361 -0.3457
vn 0.5988 0.7099 -0.3707
vn 0.5732 0.6592 -0.4867
vn 0.5444 0.8362 -0.0664
vn 0.4853 0.8537 -0.1888
vn 0.4828 0.8560 -0.1846
vn 0.4931 0.8059 -0.3277
vn 0.4647 0.8352 -0.2941
vn -0.9757 0.1922 -0.1056
vn -0.9729 0.2104 -0.0958
vn -0.8507 0.5161 -0.0993
vn -0.8382 0.5390 -0.0828
vn -0.6808 0.7278 -0.0833
vn -0.6674 0.7414 -0.0695
vn -0.5360 0.8417 -0.0651
vn -0.9351 0.1900 -0.2990
vn -0.9336 0.2194 -0.2832
vn -0.8096 0.5200 -0.2722
vn -0.8010 0.5412 -0.2561
vn -0.6494 0.7249 -0.2296
vn -0.6424 0.7341 -0.2200
vn -0.4826 0.8566 -0.1827
vn -0.4857 0.8537 -0.1879
vn -0.8597 0.1819 -0.4774
vn -0.8616 0.2134 -0.4605
vn -0.7452 0.5136 -0.4253
vn -0.7423 0.5258 -0.4153
vn -0.6044 0.7136 -0.3542
vn -0.6060 0.7105 -0.3576
vn -0.4649 0.8346 -0.2955
vn -0.4679 0.8306 -0.3019
vn -0.7555 0.1835 -0.6289
vn -0.7580 0.1963 -0.6220
vn -0.6602 0.5078 -0.5534
vn -0.6602 0.5090 -0.5523
vn -0.5367 0.6946 -0.4791
vn -0.5271 0.7199 -0.4515
vn -0.4451 0.8067 -0.3887
vn -0.4539 0.7896 -0.4130
vn -0.1314 0.9900 -0.0511
vn -0.1530 0.9759 -0.1557
vn -0.1514 0.9758 -0.1577
vn -0.1795 0.9482 -0.2620
vn -0.1543 0.9456 -0.2864
vn -0.1413 0.9111 -0.3871
vn -0.2858 0.9463 -0.1511
vn -0.2588 0.9488 -0.1811
vn -0.2731 0.9167 -0.2916
vn -0.2914 0.9195 -0.2640
vn -0.3046 0.8814 -0.3610
vn -0.3809 0.9137 -0.1415
vn -0.0958 0.2106 -0.9729
vn -0.1055 0.1922 -0.9757
vn -0.2833 0.2179 -0.9340
vn -0.3008 0.1849 -0.9356
vn -0.4608 0.2109 -0.8621
vn -0.4777 0.1791 -0.8601
vn -0.6222 0.1952 -0.7581
vn -0.6285 0.1834 -0.7559
vn -0.0853 0.5368 -0.8394
vn -0.1000 0.5161 -0.8507
vn -0.2575 0.5392 -0.8019
vn -0.2737 0.5181 -0.8103
vn -0.4147 0.5252 -0.7430
vn -0.4263 0.5112 -0.7463
vn -0.5508 0.5096 -0.6610
vn -0.5541 0.5058 -0.6611
vn -0.0706 0.7413 -0.6675
vn -0.0843 0.7277 -0.6807
vn -0.2215 0.7335 -0.6426
vn -0.2297 0.7257 -0.6486
vn -0.3457 0.7360 -0.5820
vn -0.3707 0.7099 -0.5988
vn -0.4867 0.6592 -0.5732
vn -0.0662 0.8371 -0.5431
vn -0.1888 0.8537 -0.4853
vn -0.1809 0.8581 -0.4806
vn -0.3277 0.8059 -0.4931
vn -0.2941 0.8352 -0.4647
vn -0.9161 -0.3907 -0.0902
vn -0.9416 -0.2523 -0.2230
vn -0.8565 -0.4460 -0.2598
vn -0.8588 -0.4503 -0.2443
vn -0.7997 -0.4217 -0.4274
vn -0.8047 -0.4683 -0.3649
vn -0.7052 -0.4096 -0.5787
vn -0.7150 -0.4329 -0.5489
vn -0.8727 -0.4284 -0.2342
vn -0.8591 -0.4408 -0.2601
vn -0.8706 -0.4509 -0.1970
vn -0.7902 -0.4859 -0.3735
vn -0.6927 -0.4975 -0.5222
vn -0.6971 -0.5084 -0.5055
vn -0.8176 -0.5318 -0.2206
vn -0.8169 -0.5211 -0.2474
vn -0.7533 -0.5757 -0.3180
vn -0.6445 -0.6054 -0.4670
vn -0.6445 -0.6047 -0.4680
vn -0.2344 -0.2644 -0.9355
vn -0.0892 -0.4141 -0.9058
vn -0.2481 -0.4035 -0.8807
vn -0.1844 -0.4537 -0.8718
vn -0.2134 -0.5336 -0.8184
vn -0.2594 -0.4794 -0.8384
vn -0.2540 -0.4843 -0.8372
vn -0.2811 -0.4175 -0.8641
vn -0.2692 -0.4236 -0.8649
vn -0.2529 -0.5475 -0.7977
vn -0.2411 -0.5526 -0.7978
vn -0.3365 -0.5030 -0.7961
vn -0.4217 -0.4471 -0.7888
vn -0.3690 -0.4526 -0.8118
vn -0.3741 -0.4654 -0.8021
vn -0.3270 -0.5788 -0.7470
vn -0.3163 -0.5840 -0.7476
vn -0.5262 -0.4539 -0.7191
vn -0.5777 -0.4132 -0.7039
vn -0.5102 -0.4948 -0.7034
vn -0.5145 -0.4918 -0.7024
vn -0.4551 -0.6145 -0.6444
vn -0.4670 -0.6054 -0.6445
vn -0.1258 -0.6764 -0.7257
vn -0.1681 -0.7767 -0.6070
vn -0.2286 -0.7135 -0.6623
vn -0.3131 -0.7787 -0.5437
vn -0.3906 -0.7933 -0.4670
vn -0.3835 -0.7893 -0.4796
vn -0.1917 -0.7197 -0.6673
vn -0.4008 -0.6251 -0.6698
vn -0.2237 -0.7113 -0.6663
vn -0.2891 -0.7367 -0.6113
vn -0.2720 -0.7262 -0.6314
vn -0.3670 -0.7502 -0.5500
vn -0.1747 -0.5980 -0.7822
vn -0.2083 -0.6454 -0.7349
vn -0.4178 -0.7276 -0.5440
vn -0.6024 -0.7783 -0.1769
vn -0.7346 -0.6658 -0.1310
vn -0.6763 -0.7124 -0.1872
vn -0.6571 -0.7269 -0.1994
vn -0.7782 -0.5992 -0.1879
vn -0.7406 -0.6406 -0.2028
vn -0.6563 -0.7100 -0.2554
vn -0.6442 -0.7323 -0.2209
vn -0.6531 -0.7260 -0.2153
vn -0.7004 -0.6748 -0.2327
vn -0.6050 -0.7457 -0.2792
vn -0.5696 -0.7636 -0.3041
vn -0.6813 -0.6741 -0.2853
vn -0.6516 -0.6973 -0.2986
vn -0.4703 -0.7927 -0.3879
vn -0.5144 -0.7762 -0.3646
vn -0.5659 -0.7155 -0.4096
vn -0.5437 -0.7290 -0.4159
vn 0.9161 -0.3907 0.0902
vn 0.9422 -0.2397 0.2343
vn 0.8565 -0.4460 0.2598
vn 0.8588 -0.4503 0.2443
vn 0.7997 -0.4217 0.4274
vn 0.8047 -0.4683 0.3649
vn 0.7052 -0.4096 0.5787
vn 0.7150 -0.4329 0.5489
vn 0.8846 -0.4165 0.2097
vn 0.8820 -0.4015 0.2467
vn 0.8591 -0.4408 0.2601
vn 0.7902 -0.4859 0.3735
vn 0.6927 -0.4975 0.5222
vn 0.6971 -0.5084 0.5055
vn 0.8178 -0.5385 0.2033
vn 0.8169 -0.5407 0.2009
vn 0.8169 -0.5211 0.2474
vn 0.7533 -0.5757 0.3180
vn 0.7532 -0.5757 0.3180
vn 0.6445 -0.6054 0.4670
vn 0.6445 -0.6047 0.4680
vn 0.2318 -0.2673 0.9353
vn 0.0892 -0.4141 0.9058
vn 0.2487 -0.4037 0.8804
vn 0.1852 -0.4558 0.8706
vn 0.2134 -0.5336 0.8184
vn 0.2594 -0.4794 0.8384
vn 0.2540 -0.4843 0.8372
vn 0.2811 -0.4175 0.8641
vn 0.2692 -0.4236 0.8649
vn 0.2529 -0.5475 0.7977
vn 0.2411 -0.5526 0.7978
vn 0.3365 -0.5030 0.7961
vn 0.4217 -0.4471 0.7888
vn 0.3690 -0.4526 0.8118
vn 0.3741 -0.4654 0.8021
vn 0.3270 -0.5788 0.7470
vn 0.3163 -0.5840 0.7476
vn 0.5262 -0.4539 0.7191
vn 0.5777 -0.4132 0.7039
vn 0.5102 -0.4948 0.7034
vn 0.5145 -0.4918 0.7024
vn 0.4551 -0.6145 0.6444
vn 0.4670 -0.6054 0.6445
vn 0.1258 -0.6764 0.7257
vn 0.1681 -0.7767 0.6070
vn 0.2286 -0.7135 0.6623
vn 0.3131 -0.7787 0.5437
vn 0.3906 -0.7933 0.4670
vn 0.3835 -0.7893 0.4796
vn 0.1917 -0.7197 0.6673
vn 0.4004 -0.6254 0.6698
vn 0.2237 -0.7113 0.6663
vn 0.2891 -0.7367 0.6113
vn 0.2720 -0.7262 0.6314
vn 0.3670 -0.7502 0.5500
vn 0.1747 -0.5980 0.7822
vn 0.2083 -0.6454 0.7349
vn 0.4178 -0.7276 0.5440
vn 0.6176 -0.7674 0.1722
vn 0.7346 -0.6658 0.1310
vn 0.6513 -0.7294 0.2092
vn 0.7302 -0.6612 0.1721
vn 0.7420 -0.6394 0.2017
vn 0.6563 -0.7100 0.2554
vn 0.6442 -0.7323 0.2209
vn 0.6531 -0.7260 0.2153
vn 0.7004 -0.6748 0.2327
vn 0.6050 -0.7457 0.2792
vn 0.5696 -0.7636 0.3041
vn 0.6813 -0.6741 0.2853
vn 0.6516 -0.6973 0.2986
vn 0.4703 -0.7927 0.3879
vn 0.5144 -0.7762 0.3646
vn 0.5659 -0.7155 0.4096
vn 0.5437 -0.7290 0.4159
vn 0.9353 -0.2673 -0.2318
vn 0.9059 -0.4141 -0.0892
vn 0.8804 -0.4037 -0.2487
vn 0.8706 -0.4558 -0.1852
vn 0.8184 -0.5336 -0.2134
vn 0.8384 -0.4794 -0.2594
vn 0.8372 -0.4843 -0.2540
vn 0.8641 -0.4175 -0.2811
vn 0.8649 -0.4236 -0.2692
vn 0.7977 -0.5475 -0.2528
vn 0.7978 -0.5526 -0.2411
vn 0.7961 -0.5030 -0.3365
vn 0.7888 -0.4471 -0.4216
vn 0.8118 -0.4526 -0.3690
vn 0.8021 -0.4654 -0.3741
vn 0.7471 -0.5788 -0.3270
vn 0.7476 -0.5840 -0.3163
vn 0.7191 -0.4539 -0.5262
vn 0.7039 -0.4132 -0.5777
vn 0.7034 -0.4948 -0.5102
vn 0.7025 -0.4918 -0.5145
vn 0.6444 -0.6145 -0.4551
vn 0.6445 -0.6054 -0.4670
vn 0.7257 -0.6764 -0.1258
vn 0.6070 -0.7767 -0.1681
vn 0.6623 -0.7135 -0.2286
vn 0.5437 -0.7787 -0.3131
vn 0.4670 -0.7933 -0.3906
vn 0.4795 -0.7893 -0.3835
vn 0.6673 -0.7197 -0.1917
vn 0.6699 -0.6249 -0.4010
vn 0.6663 -0.7113 -0.2237
vn 0.6112 -0.7367 -0.2891
vn 0.6314 -0.7262 -0.2720
vn 0.5500 -0.7502 -0.3670
vn 0.7822 -0.5980 -0.1747
vn 0.7349 -0.6454 -0.2083
vn 0.5440 -0.7277 -0.4178
vn 0.1713 -0.7654 -0.6204
vn 0.1310 -0.6658 -0.7346
vn 0.2091 -0.7294 -0.6513
vn 0.1734 -0.6603 -0.7308
vn 0.2017 -0.6394 -0.7420
vn 0.2554 -0.7100 -0.6563
vn 0.2209 -0.7323 -0.6442
vn 0.2153 -0.7260 -0.6531
vn 0.2327 -0.6748 -0.7004
vn 0.2792 -0.7457 -0.6050
vn 0.3041 -0.7636 -0.5696
vn 0.2853 -0.6741 -0.6813
vn 0.2986 -0.6973 -0.6516
vn 0.3879 -0.7927 -0.4703
vn 0.3646 -0.7762 -0.5144
vn 0.4096 -0.7155 -0.5659
vn 0.4159 -0.7290 -0.5437
vn 0.0902 -0.3907 -0.9161
vn 0.2343 -0.2397 -0.9422
vn 0.2598 -0.4460 -0.8565
vn 0.2442 -0.4503 -0.8588
vn 0.4275 -0.4217 -0.7997
vn 0.3649 -0.4683 -0.8047
vn 0.5787 -0.4096 -0.7052
vn 0.5489 -0.4329 -0.7150
vn 0.2097 -0.4165 -0.8846
vn 0.2467 -0.4015 -0.8820
vn 0.2602 -0.4408 -0.8591
vn 0.3735 -0.4859 -0.7902
vn 0.5222 -0.4974 -0.6927
vn 0.5056 -0.5084 -0.6971
vn 0.2033 -0.5385 -0.8178
vn 0.2009 -0.5407 -0.8169
vn 0.2474 -0.5211 -0.8169
vn 0.3180 -0.5757 -0.7533
vn 0.4670 -0.6054 -0.6445
vn 0.4680 -0.6047 -0.6445
vn -0.9362 -0.2484 0.2486
vn -0.9059 -0.4141 0.0892
vn -0.8897 -0.3950 0.2289
vn -0.8897 -0.3950 0.2287
vn -0.8226 -0.5371 0.1869
vn -0.8238 -0.5295 0.2022
vn -0.8384 -0.4794 0.2594
vn -0.8372 -0.4843 0.2540
vn -0.8641 -0.4175 0.2811
vn -0.8649 -0.4236 0.2692
vn -0.7977 -0.5475 0.2528
vn -0.7978 -0.5526 0.2411
vn -0.7961 -0.5030 0.3365
vn -0.7888 -0.4471 0.4216
vn -0.8118 -0.4526 0.3690
vn -0.8021 -0.4654 0.3741
vn -0.7471 -0.5788 0.3270
vn -0.7476 -0.5840 0.3163
vn -0.7191 -0.4539 0.5262
vn -0.7039 -0.4132 0.5777
vn -0.7034 -0.4948 0.5102
vn -0.7025 -0.4918 0.5145
vn -0.6444 -0.6145 0.4551
vn -0.6445 -0.6054 0.4670
vn -0.7257 -0.6764 0.1258
vn -0.6258 -0.7630 0.1620
vn -0.6623 -0.7135 0.2286
vn -0.5437 -0.7787 0.3131
vn -0.4670 -0.7933 0.3906
vn -0.4795 -0.7893 0.3835
vn -0.6671 -0.7148 0.2098
vn -0.6613 -0.7169 0.2206
vn -0.7265 -0.6636 0.1783
vn -0.6575 -0.7155 0.2363
vn -0.6112 -0.7367 0.2891
vn -0.6314 -0.7262 0.2720
vn -0.5500 -0.7502 0.3670
vn -0.7358 -0.6461 0.2029
vn -0.7330 -0.6480 0.2070
vn -0.5440 -0.7277 0.4178
vn -0.1713 -0.7653 0.6204
vn -0.1310 -0.6658 0.7346
vn -0.2091 -0.7294 0.6513
vn -0.1734 -0.6603 0.7308
vn -0.2017 -0.6394 0.7420
vn -0.2554 -0.7100 0.6563
vn -0.2209 -0.7323 0.6442
vn -0.2153 -0.7260 0.6531
vn -0.2327 -0.6748 0.7004
vn -0.2792 -0.7457 0.6050
vn -0.3041 -0.7636 0.5696
vn -0.2853 -0.6741 0.6813
vn -0.2986 -0.6973 0.6516
vn -0.3879 -0.7927 0.4703
vn -0.3646 -0.7762 0.5144
vn -0.4096 -0.7155 0.5659
vn -0.4159 -0.7290 0.5437
vn -0.0902 -0.3907 0.9161
vn -0.2343 -0.2397 0.9422
vn -0.2598 -0.4460 0.8565
vn -0.2442 -0.4503 0.8588
vn -0.4275 -0.4217 0.7997
vn -0.3649 -0.4683 0.8047
vn -0.5787 -0.4096 0.7052
vn -0.5489 -0.4329 0.7150
vn -0.2097 -0.4165 0.8846
vn -0.2436 -0.4028 0.8823
vn -0.2601 -0.4408 0.8591
vn -0.3735 -0.4859 0.7902
vn -0.5222 -0.4974 0.6927
vn -0.5056 -0.5084 0.6971
vn -0.2063 -0.5373 0.8178
vn -0.2009 -0.5425 0.8157
vn -0.2474 -0.5211 0.8169
vn -0.3180 -0.5757 0.7533
vn -0.4670 -0.6054 0.6445
vn -0.4680 -0.6047 0.6445
vn -0.9952 -0.0000 -0.0980
vn -0.9569 -0.0000 -0.2903
vn -0.8819 -0.0000 -0.4714
vn -0.7730 -0.0000 -0.6344
vn -0.6344 -0.0000 -0.7730
vn -0.4714 -0.0000 -0.8819
vn -0.2903 -0.0000 -0.9569
vn 0.9952 -0.0000 0.0980
vn 0.9569 -0.0000 0.2903
vn 0.8819 -0.0000 0.4714
vn 0.7730 -0.0000 0.6344
vn 0.6344 -0.0000 0.7730
vn 0.4714 -0.0000 0.8819
vn 0.2903 -0.0000 0.9569
vn -0.0000 0.9990 -0.0449
vn -0.0000 0.9622 -0.2725
vn -0.0000 0.9296 -0.3685
vn -0.0000 0.9981 -0.0611
vn -0.0000 0.9890 -0.1477
vn -0.0000 0.9868 -0.1622
vn -0.0000 0.9663 -0.2575
vn -0.0000 0.8693 -0.4943
vn -0.0000 0.7303 -0.6831
vn -0.0000 0.5187 -0.8550
vn -0.0000 0.1933 -0.9811
vn -0.0000 0.9196 -0.3928
vn -0.0000 0.8763 -0.4818
vn -0.0000 0.9990 0.0449
vn -0.0000 0.9622 0.2725
vn -0.0000 0.9296 0.3685
vn -0.0000 0.9981 0.0611
vn -0.0000 0.9890 0.1477
vn -0.0000 0.9868 0.1622
vn -0.0000 0.9663 0.2575
vn -0.0000 0.8693 0.4943
vn -0.0000 0.7303 0.6831
vn -0.0000 0.5187 0.8550
vn -0.0000 0.1933 0.9811
vn -0.0000 0.9196 0.3928
vn -0.0000 0.8763 0.4818
vn 0.9569 -0.0000 -0.2903
vn 0.8819 -0.0000 -0.4714
vn 0.7730 -0.0000 -0.6344
vn 0.6344 -0.0000 -0.7730
vn 0.4714 -0.0000 -0.8819
vn 0.2903 -0.0000 -0.9569
vn 0.0980 -0.0000 -0.9952
vn -0.9569 -0.0000 0.2903
vn -0.8819 -0.0000 0.4714
vn -0.7730 -0.0000 0.6344
vn -0.6344 -0.0000 0.7730
vn -0.4714 -0.0000 0.8819
vn -0.2903 -0.0000 0.9569
vn -0.0980 -0.0000 0.9952
vn -0.0000 -0.7326 -0.6806
vn 0.0001 -0.7193 -0.6947
vn 0.0001 -0.4465 -0.8948
vn 0.0001 -0.2571 -0.9664
vn -0.0001 -0.0930 -0.9957
vn -0.0001 -0.6498 -0.7601
vn 0.0001 -0.5907 -0.8069
vn -0.0001 -0.5276 -0.8495
vn -0.0002 -0.3546 -0.9350
vn -0.0000 -0.1135 -0.9935
vn 0.0001 -0.1221 0.9925
vn 0.0002 -0.3549 0.9349
vn 0.0001 -0.6498 0.7601
vn -0.0000 -0.7326 0.6806
vn -0.0000 -0.0931 0.9957
vn -0.0001 -0.2640 0.9645
vn -0.0001 -0.4468 0.8946
vn 0.0001 -0.5276 0.8495
vn -0.0001 -0.5906 0.8069
vn -0.0001 -0.7193 0.6947
vn -0.6807 -0.7326 -0.0000
vn 0.6907 -0.7232 -0.0000
vn 0.9811 0.1933 -0.0000
vn 0.9812 0.1932 -0.0000
vn 0.8549 0.5187 -0.0000
vn 0.8550 0.5187 -0.0000
vn 0.6831 0.7303 -0.0000
vn 0.4909 0.8712 -0.0000
vn 0.4868 0.8735 -0.0000
vn 0.3853 0.9228 -0.0000
vn 0.3759 0.9267 -0.0000
vn 0.2686 0.9632 -0.0000
vn 0.2597 0.9657 -0.0000
vn 0.1668 0.9860 -0.0000
vn 0.1644 0.9864 -0.0000
vn -0.9811 0.1933 -0.0000
vn -0.9812 0.1932 -0.0000
vn -0.8549 0.5187 -0.0000
vn -0.8550 0.5187 -0.0000
vn -0.6831 0.7303 -0.0000
vn -0.4909 0.8712 -0.0000
vn -0.4868 0.8735 -0.0000
vn -0.3853 0.9228 -0.0000
vn -0.3759 0.9267 -0.0000
vn -0.2686 0.9632 -0.0000
vn -0.2597 0.9657 -0.0000
vn -0.1668 0.9860 -0.0000
vn -0.1644 0.9864 -0.0000
vn -0.9937 -0.1122 -0.0000
vn -0.9957 -0.0931 -0.0001
vn -0.9643 -0.2650 0.0001
vn -0.9392 -0.3433 -0.0002
vn -0.8943 -0.4475 0.0001
vn -0.8555 -0.5178 -0.0001
vn -0.8067 -0.5910 0.0001
vn -0.7604 -0.6495 -0.0001
vn -0.6941 -0.7198 0.0001
vn 0.9349 -0.3548 -0.0002
vn 0.7601 -0.6498 -0.0001
vn 0.9957 -0.0931 -0.0000
vn 0.9925 -0.1221 -0.0001
vn 0.9664 -0.2571 0.0001
vn 0.8948 -0.4465 0.0001
vn 0.8495 -0.5276 -0.0001
vn 0.8066 -0.5910 0.0001
vn 0.6807 -0.7326 0.0001
vn -0.0594 0.7953 0.6033
vn -0.1657 0.8328 0.5283
vn -0.1589 0.8370 0.5237
vn -0.2316 0.8589 0.4568
vn -0.2470 0.8517 0.4621
vn -0.3084 0.8670 0.3915
vn -0.3232 0.8605 0.3939
vn -0.3939 0.8605 0.3232
vn -0.4657 0.8508 0.2433
vn -0.4536 0.8576 0.2424
vn -0.5372 0.8279 0.1613
vn -0.5316 0.8315 0.1613
vn -0.6033 0.7953 0.0594
vn 0.0594 0.7953 -0.6033
vn 0.1657 0.8328 -0.5283
vn 0.1589 0.8370 -0.5237
vn 0.2316 0.8589 -0.4568
vn 0.2470 0.8517 -0.4621
vn 0.3084 0.8670 -0.3915
vn 0.3232 0.8605 -0.3939
vn 0.3939 0.8605 -0.3232
vn 0.4657 0.8508 -0.2433
vn 0.4536 0.8576 -0.2424
vn 0.5372 0.8279 -0.1613
vn 0.5316 0.8315 -0.1613
vn 0.6033 0.7953 -0.0594
vn -0.6033 0.7953 -0.0594
vn -0.5282 0.8328 -0.1657
vn -0.5237 0.8370 -0.1589
vn -0.4568 0.8589 -0.2316
vn -0.4621 0.8517 -0.2470
vn -0.3915 0.8670 -0.3084
vn -0.3938 0.8605 -0.3232
vn -0.3232 0.8605 -0.3939
vn -0.3232 0.8605 -0.3938
vn -0.2433 0.8508 -0.4657
vn -0.2424 0.8576 -0.4536
vn -0.1613 0.8279 -0.5372
vn -0.1613 0.8315 -0.5316
vn -0.0594 0.7953 -0.6033
vn 0.0594 0.7953 0.6033
vn 0.1613 0.8315 0.5316
vn 0.1613 0.8279 0.5372
vn 0.2424 0.8576 0.4536
vn 0.2433 0.8508 0.4657
vn 0.3232 0.8605 0.3939
vn 0.3938 0.8605 0.3232
vn 0.3915 0.8670 0.3084
vn 0.4621 0.8517 0.2470
vn 0.4568 0.8589 0.2316
vn 0.5237 0.8370 0.1589
vn 0.5283 0.8328 0.1657
vn 0.6034 0.7953 0.0594
vn 0.0527 -0.5753 -0.8163
vn 0.0217 -0.9444 -0.3280
vn 0.0207 -0.9735 -0.2278
vn 0.0048 -0.9958 -0.0920
vn 0.0059 -0.9995 -0.0313
vn 0.0537 -0.6832 -0.7282
vn 0.0457 -0.8068 -0.5890
vn 0.0022 -0.9950 -0.1001
vn 0.0004 -0.9996 -0.0284
vn 0.1271 0.3092 -0.9425
vn 0.1848 0.1566 -0.9702
vn 0.1205 -0.8210 -0.5581
vn 0.0484 -0.9752 -0.2161
vn 0.0544 -0.9709 -0.2331
vn 0.0208 -0.9947 -0.1011
vn 0.0225 -0.9979 -0.0614
vn 0.0030 -0.9996 -0.0279
vn 0.1726 -0.6114 -0.7723
vn 0.2589 -0.2050 -0.9439
vn 0.0055 -0.9997 -0.0243
vn 0.0209 -0.9979 -0.0621
vn 0.3069 -0.4450 -0.8413
vn 0.0255 -0.9993 -0.0261
vn 0.0834 -0.9709 -0.2244
vn 0.0932 -0.9653 -0.2438
vn 0.0313 -0.9969 -0.0718
vn 0.2800 -0.6205 -0.7326
vn 0.3866 -0.2322 -0.8925
vn 0.0270 -0.9942 -0.1041
vn -0.0001 -0.9991 -0.0416
vn 0.0148 -0.9988 -0.0459
vn 0.4314 -0.3803 -0.8181
vn 0.1323 -0.9644 -0.2288
vn 0.1044 -0.9758 -0.1920
vn 0.0551 -0.9932 -0.1027
vn 0.0184 -0.9989 -0.0436
vn 0.3783 -0.6343 -0.6742
vn 0.2861 -0.8156 -0.5030
vn 0.0370 -0.9978 -0.0542
vn 0.5031 -0.1765 -0.8460
vn 0.5561 0.2739 -0.7847
vn 0.0398 -0.9979 -0.0519
vn 0.5934 -0.1057 -0.7979
vn 0.3396 -0.8312 -0.4403
vn 0.1336 -0.9757 -0.1736
vn 0.1345 -0.9754 -0.1745
vn 0.0408 -0.9971 -0.0645
vn 0.3128 -0.8577 -0.4081
vn 0.5713 0.4438 -0.6905
vn 0.6516 0.0893 -0.7533
vn 0.0185 -0.9997 -0.0159
vn 0.6858 0.2115 -0.6964
vn 0.5766 0.5729 -0.5825
vn 0.4143 -0.8152 -0.4049
vn 0.1528 -0.9768 -0.1499
vn 0.1834 -0.9676 -0.1737
vn 0.0562 -0.9971 -0.0519
vn 0.0471 -0.9985 -0.0286
vn 0.0134 -0.9997 -0.0203
vn 0.5730 -0.6081 -0.5494
vn -0.0459 -0.9854 -0.1640
vn 0.7329 -0.2264 -0.6415
vn 0.4407 -0.7319 -0.5197
vn 0.7373 -0.3868 -0.5538
vn 0.0316 -0.9992 -0.0253
vn 0.1969 -0.9695 -0.1462
vn 0.2489 -0.9521 -0.1774
vn 0.1185 -0.9920 -0.0425
vn 0.0662 -0.9968 -0.0447
vn 0.6397 -0.6162 -0.4594
vn 0.8011 -0.2654 -0.5365
vn 0.0730 -0.9950 -0.0684
vn 0.0247 -0.9995 -0.0196
vn 0.0273 -0.9996 -0.0015
vn 0.0062 -0.9998 -0.0187
vn 0.8422 -0.2826 -0.4593
vn 0.2923 -0.9442 -0.1517
vn 0.1555 -0.9856 -0.0670
vn 0.0861 -0.9953 -0.0439
vn 0.0556 -0.9985 -0.0013
vn 0.7106 -0.6007 -0.3663
vn 0.2065 -0.9709 -0.1216
vn 0.0462 -0.9981 -0.0406
vn 0.8952 -0.1783 -0.4085
vn 0.0421 -0.9990 -0.0179
vn 0.0419 -0.9990 -0.0181
vn 0.8418 -0.4480 -0.3010
vn 0.2198 -0.9724 -0.0781
vn 0.2470 -0.9653 -0.0844
vn 0.1059 -0.9939 -0.0311
vn 0.7480 -0.6126 -0.2554
vn 0.9156 -0.2932 -0.2750
vn 0.0427 -0.9989 -0.0203
vn 0.0473 -0.9988 -0.0092
vn 0.9221 -0.3301 -0.2020
vn 0.2594 -0.9646 -0.0477
vn 0.2329 -0.9714 -0.0455
vn 0.1042 -0.9943 -0.0206
vn 0.1113 -0.9936 -0.0205
vn 0.0451 -0.9990 -0.0065
vn 0.7361 -0.6641 -0.1312
vn 0.6885 -0.7150 -0.1215
vn 0.9516 0.2754 -0.1366
vn 0.0463 -0.9989 -0.0011
vn 0.9377 0.3432 -0.0546
vn 0.2403 -0.9707 -0.0063
vn 0.2180 -0.9759 -0.0082
vn 0.1067 -0.9943 -0.0065
vn 0.0523 -0.9986 0.0035
vn 0.5339 -0.8454 -0.0175
vn 0.5771 -0.8164 -0.0207
vn 0.9424 -0.3333 -0.0284
vn 0.0629 -0.9979 -0.0125
vn 0.0301 -0.9995 0.0013
vn 0.0238 -0.9997 0.0103
vn 0.0161 -0.9998 -0.0125
vn 0.9185 0.3948 0.0216
vn 0.9838 0.1645 0.0719
vn 0.5851 -0.8085 0.0640
vn 0.2162 -0.9761 0.0223
vn 0.2337 -0.9720 0.0257
vn 0.0746 -0.9971 0.0119
vn 0.6949 -0.7146 0.0800
vn 0.6845 -0.7248 0.0788
vn 0.9760 0.1611 0.1468
vn 0.1032 -0.9947 0.0005
vn 0.0303 -0.9995 -0.0042
vn 0.0422 -0.9991 0.0080
vn 0.0139 -0.9999 0.0019
vn 0.8861 0.4210 0.1937
vn 0.5134 -0.8476 0.1339
vn 0.2303 -0.9701 0.0765
vn 0.1730 -0.9839 0.0451
vn 0.1120 -0.9932 0.0319
vn 0.0345 -0.9990 0.0284
vn 0.9500 -0.1824 0.2535
vn 0.5685 -0.8087 0.1511
vn 0.9417 -0.2221 0.2528
vn 0.2176 -0.9751 0.0426
vn 0.1677 -0.9854 0.0291
vn 0.0471 -0.9987 0.0171
vn 0.0281 -0.9996 0.0004
vn 0.8725 0.3849 0.3011
vn 0.9309 0.0010 0.3654
vn 0.5424 -0.8080 0.2301
vn 0.1943 -0.9766 0.0923
vn 0.1645 -0.9839 0.0698
vn 0.0483 -0.9983 0.0320
vn 0.7144 -0.6311 0.3023
vn 0.5430 -0.8076 0.2303
vn 0.8586 0.3055 0.4117
vn 0.2092 -0.9751 0.0738
vn 0.0667 -0.9977 0.0121
vn 0.0452 -0.9988 0.0208
vn 0.0261 -0.9997 0.0028
vn 0.8253 0.3366 0.4535
vn 0.0436 -0.9988 0.0240
vn 0.8475 -0.1802 0.4992
vn 0.5289 -0.7851 0.3223
vn 0.1840 -0.9765 0.1119
vn 0.1852 -0.9762 0.1129
vn 0.0521 -0.9980 0.0358
vn 0.0312 -0.9991 0.0302
vn 0.5280 -0.7859 0.3217
vn 0.0645 -0.9972 0.0373
vn 0.0374 -0.9993 0.0011
vn 0.0394 -0.9966 0.0720
vn 0.5008 -0.7636 0.4075
vn 0.1714 -0.9747 0.1432
vn 0.1860 -0.9697 0.1587
vn 0.0400 -0.9986 0.0336
vn 0.0226 -0.9996 0.0154
vn 0.6494 -0.5286 0.5467
vn 0.0588 -0.9981 0.0206
vn 0.7402 -0.0724 0.6685
vn 0.6310 -0.6291 0.4540
vn 0.6312 0.3774 0.6776
vn 0.3842 -0.8183 0.4275
vn 0.1669 -0.9682 0.1862
vn 0.1610 -0.9709 0.1774
vn 0.0472 -0.9975 0.0526
vn 0.0169 -0.9995 0.0274
vn 0.0512 -0.9972 0.0542
vn 0.6422 -0.1106 0.7585
vn 0.6225 -0.2566 0.7393
vn 0.0192 -0.9997 0.0153
vn 0.6858 -0.2144 0.6954
vn 0.0275 -0.9969 0.0741
vn 0.5481 -0.3320 0.7677
vn 0.1237 -0.9705 0.2068
vn 0.1074 -0.9819 0.1559
vn 0.0303 -0.9981 0.0536
vn 0.0160 -0.9997 0.0182
vn 0.4119 -0.6642 0.6238
vn 0.3228 -0.8070 0.4945
vn 0.1338 -0.9751 0.1771
vn 0.0419 -0.9985 0.0360
vn 0.5260 -0.1302 0.8405
vn 0.4470 0.2894 0.8464
vn 0.0209 -0.9987 0.0462
vn 0.4469 -0.0243 0.8942
vn 0.2464 -0.8203 0.5161
vn 0.0962 -0.9765 0.1931
vn 0.1367 -0.9456 0.2951
vn 0.0171 -0.9982 0.0580
vn 0.3336 -0.6201 0.7100
vn 0.1062 -0.9938 0.0327
vn 0.3747 -0.1289 0.9181
vn 0.2691 -0.4458 0.8537
vn 0.0941 -0.9492 0.3004
vn 0.0486 -0.9837 0.1730
vn 0.0389 -0.9909 0.1288
vn -0.0049 -0.9990 0.0435
vn 0.2224 -0.6360 0.7389
vn 0.1485 -0.8509 0.5038
vn 0.0180 -0.9968 0.0780
vn 0.0217 -0.9996 0.0179
vn 0.2045 0.3104 0.9284
vn 0.1609 -0.1281 0.9786
vn 0.0736 -0.8710 0.4857
vn 0.0220 -0.9846 0.1734
vn 0.0220 -0.9847 0.1728
vn 0.0078 -0.9967 0.0809
vn -0.0059 -0.9977 0.0678
vn 0.0056 -0.9998 0.0211
vn 0.0934 -0.7522 0.6523
vn 0.0224 -0.9845 0.1742
vn 0.0239 -0.9985 0.0491
vn -0.0037 -0.9459 0.3245
vn 0.0077 -0.9844 0.1759
vn -0.0037 -0.9989 0.0462
vn 0.0009 -0.6365 0.7713
vn -0.0002 -0.9915 0.1302
vn -0.0315 -0.1622 0.9863
vn 0.0005 -0.9991 0.0422
vn 0.0497 -0.3000 0.9527
vn -0.1197 -0.3852 0.9150
vn -0.0038 -0.9991 0.0417
vn -0.0423 -0.9491 0.3121
vn -0.0257 -0.9900 0.1384
vn -0.0248 -0.9905 0.1353
vn -0.0251 -0.9981 0.0559
vn -0.1120 -0.6357 0.7638
vn -0.0788 -0.8530 0.5160
vn -0.0228 -0.9868 0.1603
vn 0.0094 -0.9980 0.0628
vn -0.0073 -0.9991 0.0424
vn -0.0123 -0.9996 0.0262
vn 0.0020 -0.9998 0.0211
vn -0.2137 0.3463 0.9134
vn -0.2680 -0.0822 0.9599
vn -0.1411 -0.8711 0.4703
vn -0.0459 -0.9872 0.1529
vn -0.0479 -0.9865 0.1564
vn -0.0319 -0.9985 0.0444
vn -0.2255 -0.6296 0.7435
vn -0.1518 -0.8524 0.5004
vn -0.0459 -0.9868 0.1552
vn -0.0011 -0.9978 0.0660
vn -0.3412 0.2353 0.9101
vn -0.0135 -0.9990 0.0418
vn -0.0004 -0.9998 0.0204
vn -0.4067 -0.0551 0.9119
vn -0.0170 -0.9990 0.0403
vn -0.0279 -0.9985 0.0461
vn -0.4101 0.0559 0.9103
vn -0.2072 -0.8709 0.4456
vn -0.1015 -0.9719 0.2122
vn -0.0661 -0.9866 0.1490
vn -0.0372 -0.9977 0.0564
vn -0.2215 -0.8526 0.4734
vn -0.4336 0.3470 0.8316
vn -0.0348 -0.9946 0.0977
vn -0.0157 -0.9989 0.0431
vn -0.5463 -0.0132 0.8375
vn -0.3618 -0.7546 0.5475
vn -0.1468 -0.9701 0.1933
vn -0.0986 -0.9839 0.1492
vn -0.0644 -0.9936 0.0933
vn -0.0268 -0.9991 0.0341
vn -0.2423 -0.8890 0.3886
vn -0.1106 -0.9751 0.1922
vn -0.0781 -0.9865 0.1439
vn -0.5260 0.4203 0.7394
vn -0.0299 -0.9989 0.0352
vn -0.3634 -0.6550 0.6625
vn -0.0270 -0.9990 0.0365
vn -0.4474 -0.7359 0.5082
vn -0.1424 -0.9765 0.1617
vn -0.1757 -0.9653 0.1930
vn -0.0532 -0.9974 0.0488
vn -0.5103 -0.6417 0.5726
vn -0.6629 -0.2794 0.6946
vn -0.0625 -0.9942 0.0877
vn -0.0268 -0.9990 0.0370
vn -0.0295 -0.9989 0.0366
vn -0.4404 -0.6786 0.5879
vn -0.7533 -0.1017 0.6498
vn -0.7065 -0.3531 0.6134
vn -0.2053 -0.9644 0.1665
vn -0.1661 -0.9758 0.1421
vn -0.0882 -0.9932 0.0763
vn -0.0441 -0.9989 0.0176
vn -0.4379 -0.8236 0.3605
vn -0.0570 -0.9975 0.0409
vn -0.6610 0.5573 0.5025
vn -0.0223 -0.9995 0.0240
vn -0.5526 -0.7637 0.3338
vn -0.1906 -0.9756 0.1093
vn -0.1449 -0.9852 0.0919
vn -0.0589 -0.9975 0.0400
vn -0.0252 -0.9996 0.0158
vn -0.6784 -0.6080 0.4125
vn -0.4459 -0.8501 0.2800
vn -0.0498 -0.9984 0.0274
vn -0.0163 -0.9997 0.0197
vn -0.6113 -0.6556 0.4433
vn -0.8459 0.2935 0.4453
vn -0.0565 -0.9983 0.0154
vn -0.9096 0.0176 0.4151
vn -0.4469 -0.8734 0.1936
vn -0.1762 -0.9820 0.0675
vn -0.1579 -0.9854 0.0642
vn -0.0609 -0.9980 0.0139
vn -0.0194 -0.9998 0.0092
vn -0.7493 -0.5812 0.3173
vn -0.2613 -0.9537 0.1491
vn -0.0318 -0.9984 0.0477
vn -0.9106 -0.2290 0.3439
vn -0.0872 -0.9955 0.0374
vn -0.9479 -0.1764 0.2652
vn -0.8896 -0.3823 0.2500
vn -0.3217 -0.9429 0.0865
vn -0.2123 -0.9759 0.0503
vn -0.0907 -0.9955 0.0266
vn -0.0658 -0.9978 0.0109
vn -0.0336 -0.9994 0.0095
vn -0.0243 -0.9997 0.0033
vn -0.5966 -0.7878 0.1527
vn -0.0664 -0.9978 -0.0011
vn -0.6275 -0.7755 0.0695
vn -0.2198 -0.9755 0.0139
vn -0.1777 -0.9839 0.0197
vn -0.0614 -0.9981 0.0024
vn -0.0239 -0.9997 0.0064
vn -0.5731 -0.8167 0.0673
vn -0.2186 -0.9751 0.0381
vn -0.0512 -0.9985 0.0207
vn -0.7595 -0.6348 0.1420
vn -0.0170 -0.9999 -0.0011
vn -0.0505 -0.9987 -0.0022
vn -0.6492 -0.7604 -0.0183
vn -0.2153 -0.9765 -0.0074
vn -0.2391 -0.9709 -0.0112
vn -0.0534 -0.9986 -0.0057
vn -0.7908 -0.6113 -0.0315
vn -0.0693 -0.9975 0.0151
vn -0.9632 -0.2577 -0.0761
vn -0.7964 -0.6036 0.0378
vn -0.0203 -0.9998 -0.0077
vn -0.0171 -0.9997 0.0176
vn -0.0620 -0.9977 -0.0279
vn -0.9086 -0.3933 -0.1403
vn -0.2358 -0.9708 -0.0435
vn -0.2155 -0.9758 -0.0367
vn -0.0515 -0.9986 -0.0095
vn -0.7491 -0.6477 -0.1391
vn -0.5857 -0.8027 -0.1120
vn -0.0928 -0.9926 0.0787
vn -0.9777 -0.0103 -0.2096
vn -0.0149 -0.9999 -0.0027
vn -0.9119 0.3274 -0.2476
vn -0.0646 -0.9965 -0.0532
vn -0.9475 -0.0953 -0.3053
vn -0.5391 -0.8215 -0.1859
vn -0.2047 -0.9755 -0.0806
vn -0.1591 -0.9859 -0.0511
vn -0.0519 -0.9984 -0.0221
vn -0.0288 -0.9995 -0.0088
vn -0.7460 -0.6151 -0.2552
vn -0.4951 -0.8524 -0.1683
vn -0.0545 -0.9985 0.0076
vn -0.1464 -0.9879 -0.0506
vn -0.0137 -0.9999 -0.0043
vn -0.8695 0.3132 -0.3820
vn -0.0358 -0.9992 -0.0183
vn -0.4322 -0.8741 -0.2216
vn -0.1601 -0.9837 -0.0821
vn -0.1409 -0.9876 -0.0688
vn -0.0395 -0.9987 -0.0307
vn -0.7081 -0.6038 -0.3661
vn -0.4640 -0.8527 -0.2399
vn -0.0633 -0.9978 -0.0177
vn -0.8581 0.1788 -0.4813
vn -0.0296 -0.9994 -0.0186
vn -0.0294 -0.9994 -0.0178
vn -0.8256 -0.0439 -0.5625
vn -0.3951 -0.8743 -0.2820
vn -0.1465 -0.9837 -0.1045
vn -0.1425 -0.9846 -0.1009
vn -0.0649 -0.9968 -0.0460
vn -0.0301 -0.9994 -0.0180
vn -0.6312 -0.6289 -0.4540
vn -0.4263 -0.8510 -0.3067
vn -0.0654 -0.9968 -0.0462
vn -0.0313 -0.9992 -0.0236
vn -0.7548 0.2331 -0.6132
vn -0.7333 0.1730 -0.6575
vn -0.3511 -0.8739 -0.3362
vn -0.1557 -0.9759 -0.1530
vn -0.1318 -0.9835 -0.1243
vn -0.0632 -0.9962 -0.0605
vn -0.0218 -0.9993 -0.0292
vn -0.6279 -0.4976 -0.5985
vn -0.4156 -0.8154 -0.4029
vn -0.0454 -0.9977 -0.0510
vn -0.5754 0.5357 -0.6180
vn -0.0237 -0.9995 -0.0201
vn -0.3548 -0.8145 -0.4589
vn -0.1349 -0.9757 -0.1725
vn -0.1408 -0.9732 -0.1821
vn -0.0423 -0.9974 -0.0579
vn -0.0186 -0.9996 -0.0223
vn -0.3607 -0.8066 -0.4683
vn -0.0711 -0.9950 -0.0700
vn -0.5720 0.1895 -0.7981
vn -0.0184 -0.9996 -0.0230
vn -0.6485 0.1524 -0.7458
vn -0.5103 -0.6155 -0.6006
vn -0.5114 0.2130 -0.8325
vn -0.2799 -0.8207 -0.4980
vn -0.0987 -0.9755 -0.1964
vn -0.0876 -0.9839 -0.1558
vn -0.0487 -0.9945 -0.0926
vn -0.0170 -0.9975 -0.0692
vn -0.0180 -0.9996 -0.0232
vn -0.3758 -0.6395 -0.6707
vn -0.2892 -0.8063 -0.5160
vn -0.1206 -0.9751 -0.1864
vn -0.0392 -0.9985 -0.0392
vn -0.4478 0.1583 -0.8800
vn -0.0059 -0.9998 -0.0163
vn -0.3811 0.2234 -0.8971
vn -0.0177 -0.9987 -0.0480
vn -0.2074 -0.8210 -0.5320
vn -0.0685 -0.9766 -0.2040
vn -0.0656 -0.9814 -0.1806
vn -0.0123 -0.9980 -0.0617
vn -0.0083 -0.9999 -0.0144
vn -0.2870 -0.5923 -0.7529
vn -0.0984 -0.9708 -0.2188
vn -0.0327 -0.9985 -0.0434
vn -0.3101 -0.2143 -0.9263
vn 0.0007 -1.0000 -0.0084
vn -0.0002 -0.9999 -0.0143
vn -0.0004 -0.9999 -0.0111
vn -0.0074 -0.9999 -0.0097
vn -0.0033 -1.0000 -0.0042
vn -0.0085 -0.9999 -0.0098
vn -0.0145 -0.9999 -0.0039
vn -0.0093 -0.9999 -0.0044
vn -0.0051 -1.0000 -0.0024
vn -0.0092 -1.0000 0.0021
vn -0.0102 -0.9999 0.0056
vn -0.0083 -0.9999 0.0065
vn -0.0037 -1.0000 0.0047
vn -0.0089 -0.9999 0.0087
vn -0.0071 -0.9999 0.0092
vn 0.0013 -0.9999 0.0110
vn -0.0010 -0.9999 0.0117
vn 0.0017 -1.0000 0.0073
vn 0.0089 -0.9999 0.0114
vn 0.0012 -0.9999 0.0106
vn 0.0103 -0.9999 0.0070
vn 0.0084 -0.9999 0.0097
vn 0.0095 -0.9999 0.0066
vn 0.0138 -0.9999 0.0022
vn 0.0081 -1.0000 0.0033
vn 0.0053 -1.0000 0.0007
vn 0.0124 -0.9999 -0.0028
vn 0.0125 -0.9999 -0.0088
vn 0.0124 -0.9999 -0.0075
vn 0.0068 -1.0000 -0.0072
vn 0.0032 -0.9999 -0.0137
vn 0.0090 -0.9999 -0.0098
vn 0.0041 -0.9999 -0.0102
vn -0.0003 -1.0000 -0.0052
vn -0.0053 -1.0000 -0.0002
vn 0.0009 -1.0000 0.0047
vn 0.0049 -1.0000 0.0006
vn -0.0030 -1.0000 0.0039
vn 0.0035 -1.0000 -0.0025
vn -0.0058 -0.9999 -0.0146
vn -0.0128 -0.9999 -0.0079
vn -0.0100 -0.9999 -0.0134
vn -0.0172 -0.9998 0.0066
vn -0.0108 -0.9999 0.0047
vn -0.0078 -0.9999 0.0132
vn -0.0039 -0.9999 0.0144
vn -0.0076 -0.9999 0.0134
vn -0.0089 -0.9999 0.0082
vn 0.0022 -0.9998 0.0187
vn 0.0085 -0.9998 0.0164
vn 0.0095 -0.9999 0.0053
vn 0.0129 -0.9999 -0.0057
vn 0.0143 -0.9999 -0.0017
vn 0.0067 -0.9999 -0.0104
vn -0.0128 -0.9988 -0.0483
vn -0.2109 -0.4196 -0.8829
vn -0.0488 -0.9725 -0.2278
vn -0.0454 -0.9836 -0.1743
vn -0.0104 -0.9980 -0.0619
vn 0.0013 -0.9992 -0.0412
vn -0.1723 -0.6110 -0.7727
vn -0.1095 -0.8539 -0.5088
vn -0.0240 -0.9965 -0.0802
vn -0.0242 -0.9993 -0.0268
vn -0.1351 0.3750 -0.9171
vn -0.0908 -0.1137 -0.9894
vn -0.0389 -0.8734 -0.4854
vn -0.0195 -0.9518 -0.3061
vn -0.0165 -0.9835 -0.1804
vn -0.0016 -0.9968 -0.0795
vn 0.0003 -0.9964 -0.0847
vn 0.0126 -0.9989 -0.0456
vn -0.0034 -0.9996 -0.0274
vn -0.0568 -0.6199 -0.7826
vn -0.0110 -0.1359 -0.9907
vn -0.0075 -0.9961 -0.0883
vn -0.0100 -0.9993 -0.0357
vn -0.5488 0.3828 -0.7432
vn -0.5484 0.3243 -0.7708
vn -0.4880 0.3971 -0.7773
vn -0.5103 0.5385 -0.6705
vn -0.3832 0.6449 -0.6613
vn -0.3323 0.7514 -0.5701
vn -0.3277 0.8182 -0.4724
vn -0.0656 0.9934 -0.0941
vn -0.1840 0.9515 -0.2464
vn -0.0199 0.9784 0.2058
vn -0.0021 0.9987 -0.0516
vn -0.0439 0.9675 0.2489
vn -0.0119 0.9978 0.0646
vn 0.0257 0.9903 -0.1367
vn -0.0439 0.9642 0.2617
vn -0.1030 0.9520 0.2883
vn -0.0730 0.9807 0.1816
vn -0.0784 0.9735 0.2149
vn -0.0003 0.9999 0.0119
vn 0.0042 0.9999 -0.0106
vn 0.0330 0.9952 -0.0918
vn 0.0572 0.9894 -0.1338
vn -0.0952 0.9849 0.1444
vn -0.0100 0.9999 0.0031
vn 0.0773 0.9871 -0.1402
vn -0.2267 0.9382 0.2616
vn -0.0580 0.9933 0.0997
vn 0.0508 0.9967 -0.0627
vn 0.0782 0.9904 -0.1136
vn 0.0561 0.9968 -0.0571
vn 0.1013 0.9910 -0.0879
vn -0.0503 0.9970 0.0591
vn -0.3172 0.9166 0.2433
vn -0.0954 0.9933 0.0657
vn -0.1130 0.9907 0.0761
vn 0.0208 0.9997 -0.0131
vn -0.1398 0.9867 0.0828
vn 0.0425 0.9988 -0.0222
vn 0.1209 0.9904 -0.0677
vn 0.1411 0.9870 -0.0764
vn -0.1738 0.9829 0.0616
vn -0.2106 0.9741 0.0828
vn -0.0348 0.9993 0.0131
vn -0.2482 0.9678 0.0426
vn -0.2029 0.9788 0.0291
vn 0.0965 0.9951 -0.0211
vn 0.1197 0.9925 -0.0255
vn -0.2818 0.9587 0.0381
vn -0.0450 0.9990 0.0021
vn 0.0110 0.9999 0.0023
vn -0.2096 0.9778 -0.0021
vn -0.3559 0.9340 -0.0309
vn -0.0973 0.9953 -0.0007
vn 0.0281 0.9996 0.0105
vn 0.0638 0.9979 0.0092
vn -0.1667 0.9851 -0.0423
vn -0.1698 0.9846 -0.0427
vn 0.1212 0.9920 0.0348
vn -0.0219 0.9997 -0.0061
vn 0.0902 0.9952 0.0385
vn -0.1326 0.9879 -0.0800
vn -0.0220 0.9997 -0.0065
vn -0.0264 0.9995 -0.0186
vn -0.0235 0.9997 -0.0078
vn 0.0884 0.9935 0.0720
vn -0.0070 0.9999 -0.0076
vn 0.0242 0.9994 0.0249
vn 0.1307 0.9832 0.1276
vn -0.0959 0.9876 -0.1242
vn -0.1427 0.9745 -0.1729
vn 0.0704 0.9925 0.0998
vn -0.1039 0.9699 -0.2202
vn -0.0646 0.9855 -0.1568
vn -0.0707 0.9890 -0.1300
vn 0.0626 0.9911 0.1174
vn -0.0412 0.9851 -0.1672
vn -0.0051 1.0000 -0.0068
vn 0.0286 0.9968 0.0744
vn -0.0053 0.9999 -0.0087
vn -0.0299 0.9774 -0.2092
vn 0.0033 1.0000 -0.0011
vn -0.0646 0.9412 -0.3317
vn 0.0077 0.9932 0.1160
vn -0.0200 0.9923 -0.1221
vn 0.0042 0.9994 -0.0357
vn 0.0012 0.9971 0.0766
vn 0.0172 0.9741 -0.2255
vn 0.0060 0.9636 -0.2674
vn -0.0134 0.9702 -0.2420
vn 0.0367 0.9804 -0.1934
vn 0.0090 0.9995 -0.0317
vn -0.0111 0.9953 0.0964
vn 0.0468 0.9734 -0.2241
vn 0.0435 0.9925 -0.1146
vn 0.0071 0.9996 -0.0283
vn -0.0169 0.9980 0.0617
vn 0.1207 0.9331 -0.3387
vn -0.0482 0.9908 0.1267
vn 0.0952 0.9804 -0.1724
vn -0.0588 0.9921 0.1111
vn 0.0092 0.9997 -0.0207
vn 0.0917 0.9821 -0.1648
vn 0.1103 0.9862 -0.1233
vn 0.0586 0.9959 -0.0691
vn -0.0304 0.9988 0.0385
vn -0.0665 0.9957 0.0643
vn 0.0410 0.9982 -0.0427
vn -0.0773 0.9950 0.0639
vn 0.1824 0.9717 -0.1502
vn 0.2462 0.9425 -0.2259
vn 0.1782 0.9768 -0.1191
vn 0.0581 0.9977 -0.0335
vn -0.0512 0.9983 0.0271
vn 0.0721 0.9967 -0.0383
vn 0.2109 0.9738 -0.0852
vn 0.0527 0.9982 -0.0273
vn -0.0479 0.9985 0.0271
vn 0.2423 0.9644 -0.1057
vn 0.1241 0.9920 -0.0241
vn -0.0164 0.9999 0.0033
vn -0.0428 0.9990 0.0145
vn -0.1052 0.9941 0.0248
vn 0.2505 0.9667 -0.0516
vn 0.2584 0.9646 -0.0520
vn 0.2034 0.9772 -0.0609
vn 0.0948 0.9953 -0.0209
vn -0.1182 0.9927 0.0228
vn 0.1672 0.9859 0.0086
vn 0.2556 0.9668 -0.0063
vn 0.0328 0.9995 0.0035
vn -0.0944 0.9955 0.0012
vn -0.0921 0.9957 -0.0066
vn -0.0916 0.9958 0.0020
vn -0.0427 0.9990 -0.0129
vn 0.2746 0.9600 0.0554
vn 0.1315 0.9906 0.0387
vn 0.2001 0.9775 0.0661
vn 0.0811 0.9963 0.0294
vn -0.0345 0.9993 -0.0115
vn 0.2285 0.9685 0.0989
vn -0.1244 0.9914 -0.0400
vn 0.0966 0.9945 0.0394
vn 0.2558 0.9609 0.1064
vn 0.0659 0.9956 0.0667
vn 0.0611 0.9974 0.0380
vn -0.0667 0.9967 -0.0470
vn 0.2779 0.9429 0.1834
vn -0.0588 0.9973 -0.0448
vn 0.1197 0.9814 0.1499
vn 0.1341 0.9848 0.1102
vn 0.0253 0.9996 0.0151
vn 0.1299 0.9774 0.1665
vn 0.0172 0.9995 0.0262
vn -0.0753 0.9932 -0.0892
vn -0.0732 0.9934 -0.0880
vn 0.1584 0.9696 0.1863
vn 0.0497 0.9949 0.0875
vn 0.0405 0.9968 0.0688
vn -0.0171 0.9994 -0.0290
vn 0.0885 0.9699 0.2270
vn 0.0410 0.9915 0.1237
vn 0.0081 0.9998 0.0196
vn -0.0281 0.9974 -0.0666
vn 0.0278 0.9889 0.1458
vn 0.0086 0.9705 0.2410
vn 0.0207 0.9880 0.1534
vn 0.0067 0.9969 0.0778
vn 0.0017 0.9990 0.0444
vn -0.0012 0.9993 -0.0380
vn -0.0066 0.9980 -0.0628
vn -0.0153 0.9906 -0.1359
vn -0.9639 0.1437 -0.2242
vn -0.9065 0.3750 -0.1939
vn -0.5309 0.3390 0.7767
vn -0.5880 0.3598 0.7245
vn -0.5732 0.4416 0.6903
vn -0.4059 0.7781 0.4793
vn -0.3490 0.8328 0.4298
vn -0.1390 0.9710 0.1943
vn -0.2218 0.9384 0.2652
vn -0.0889 0.9895 0.1136
vn -0.2367 0.9007 0.3642
vn -0.3028 0.8457 0.4395
vn 0.8085 0.5726 -0.1357
vn 0.8385 0.5393 -0.0774
vn 0.7240 0.6892 -0.0285
vn 0.3780 0.9253 -0.0298
vn 0.2445 0.9693 -0.0256
vn 0.0835 0.9965 -0.0099
vn 0.5203 0.8480 -0.1005
vn -0.3962 0.4125 -0.8203
vn -0.3313 0.5605 -0.7590
vn -0.2581 0.7442 -0.6161
vn -0.2233 0.8726 -0.4344
vn -0.1375 0.9524 -0.2723
vn -0.1091 0.9653 -0.2374
vn -0.0960 0.9603 -0.2618
vn -0.0621 0.9904 -0.1235
vn -0.6721 0.3199 0.6678
vn -0.6044 0.5682 0.5585
vn -0.4473 0.7812 0.4355
vn -0.2841 0.9250 0.2522
vn -0.6609 0.4979 0.5615
vn 0.8100 0.5864 0.0069
vn 0.7713 0.6341 0.0553
vn 0.7875 0.6130 0.0636
vn 0.1718 0.9851 -0.0033
vn 0.2321 0.9724 0.0232
vn 0.3650 0.9306 0.0260
vn 0.1052 0.9945 -0.0023
vn 0.4091 0.9122 -0.0237
vn -0.3215 0.2924 -0.9006
vn -0.2371 0.2926 -0.9264
vn -0.2569 0.5264 -0.8105
vn -0.2056 0.7422 -0.6379
vn -0.2044 0.7897 -0.5785
vn -0.0727 0.9397 -0.3341
vn -0.0754 0.9660 -0.2474
vn -0.0354 0.9886 -0.1460
vn -0.0341 0.9946 -0.0981
vn -0.6746 0.5619 0.4787
vn -0.6311 0.6249 0.4595
vn -0.4445 0.8402 0.3106
vn -0.2665 0.9380 0.2218
vn -0.1805 0.9739 0.1376
vn -0.1971 0.9728 0.1217
vn -0.1128 0.9889 0.0972
vn -0.4273 0.8668 0.2572
vn -0.0677 0.9967 0.0442
vn 0.9224 0.3477 0.1684
vn 0.9160 0.3448 0.2052
vn 0.7708 0.6286 0.1037
vn 0.5083 0.8553 0.1007
vn 0.3221 0.9461 0.0322
vn 0.4101 0.9086 0.0792
vn 0.1800 0.9829 0.0381
vn 0.0826 0.9964 0.0175
vn -0.1772 0.4567 -0.8718
vn -0.1544 0.3033 -0.9403
vn -0.0858 0.4565 -0.8856
vn -0.1183 0.8236 -0.5547
vn -0.1152 0.8299 -0.5460
vn -0.0461 0.8203 -0.5701
vn -0.0203 0.9598 -0.2799
vn -0.0158 0.9884 -0.1510
vn -0.0445 0.7340 -0.6776
vn -0.0156 0.9704 -0.2409
vn -0.7249 0.5473 0.4183
vn -0.7656 0.4790 0.4294
vn -0.7981 0.4605 0.3887
vn -0.7919 0.4798 0.3777
vn -0.3470 0.9185 0.1895
vn -0.4199 0.8895 0.1801
vn -0.1273 0.9901 0.0591
vn -0.6030 0.7542 0.2598
vn 0.7857 0.5499 0.2835
vn 0.6775 0.7118 0.1854
vn 0.6484 0.7314 0.2112
vn 0.5280 0.8295 0.1821
vn 0.2916 0.9528 0.0848
vn 0.2549 0.9639 0.0770
vn 0.0854 0.9956 0.0386
vn 0.0215 0.1958 -0.9804
vn 0.0641 0.5472 -0.8346
vn -0.0153 0.6893 -0.7243
vn 0.0357 0.7069 -0.7065
vn -0.0183 0.9368 -0.3495
vn -0.0024 0.9941 -0.1088
vn -0.9227 0.1461 0.3568
vn -0.8434 0.4588 0.2797
vn -0.8651 0.4420 0.2373
vn -0.8273 0.5096 0.2364
vn -0.6388 0.7497 0.1731
vn -0.3921 0.9071 0.1533
vn -0.1419 0.9886 0.0499
vn -0.2365 0.9694 0.0662
vn 0.6969 0.6296 0.3434
vn 0.7274 0.5643 0.3906
vn 0.4740 0.8525 0.2203
vn 0.2982 0.9414 0.1578
vn 0.2178 0.9703 0.1054
vn 0.1813 0.9790 0.0929
vn 0.8350 0.4250 0.3494
vn 0.0974 0.4637 -0.8806
vn 0.1390 0.5886 -0.7964
vn 0.0291 0.9022 -0.4302
vn 0.0537 0.9391 -0.3395
vn 0.0428 0.9700 -0.2391
vn 0.0268 0.9818 -0.1878
vn 0.0189 0.9903 -0.1375
vn 0.1043 0.8632 -0.4940
vn -0.9746 0.1646 0.1516
vn -0.9186 0.3646 0.1525
vn -0.6520 0.7535 0.0837
vn -0.5196 0.8470 0.1123
vn -0.6035 0.7935 0.0789
vn -0.2537 0.9653 0.0623
vn -0.2536 0.9665 0.0399
vn 0.6838 0.5392 0.4916
vn 0.7014 0.4782 0.5285
vn 0.5672 0.7340 0.3736
vn 0.3454 0.9093 0.2320
vn 0.2945 0.9303 0.2186
vn 0.1599 0.9782 0.1323
vn 0.1307 0.9868 0.0957
vn 0.0615 0.9971 0.0439
vn 0.2222 0.2681 -0.9374
vn 0.2634 0.4232 -0.8669
vn 0.2291 0.6795 -0.6970
vn 0.1631 0.8353 -0.5251
vn 0.1414 0.9059 -0.3991
vn 0.0717 0.9692 -0.2355
vn 0.0264 0.9951 -0.0957
vn -0.9766 0.2048 0.0653
vn -0.9106 0.4104 0.0482
vn -0.8546 0.5193 -0.0038
vn -0.8816 0.4718 -0.0138
vn -0.4747 0.8791 0.0422
vn -0.6281 0.7781 -0.0040
vn -0.3572 0.9336 0.0289
vn -0.1450 0.9894 0.0038
vn -0.3034 0.9528 -0.0095
vn 0.6458 0.5270 0.5525
vn 0.6135 0.5793 0.5366
vn 0.5665 0.5811 0.5843
vn 0.3737 0.8672 0.3291
vn 0.3115 0.8917 0.3285
vn 0.1477 0.9766 0.1564
vn 0.3899 0.5470 -0.7408
vn 0.3076 0.6326 -0.7108
vn 0.3110 0.6894 -0.6542
vn 0.3693 0.6009 -0.7089
vn 0.1730 0.9034 -0.3923
vn 0.1368 0.9573 -0.2548
vn 0.0682 0.9848 -0.1599
vn 0.0563 0.9899 -0.1304
vn -0.8945 0.4423 -0.0657
vn -0.8657 0.4772 -0.1512
vn -0.7897 0.6071 -0.0878
vn -0.4844 0.8742 -0.0340
vn -0.5389 0.8402 -0.0597
vn -0.2052 0.9786 -0.0161
vn -0.1996 0.9795 -0.0275
vn 0.4941 0.5925 0.6363
vn 0.4834 0.5705 0.6639
vn 0.1353 0.9791 0.1517
vn 0.4293 0.6312 0.6460
vn 0.1750 0.9481 0.2657
vn 0.0566 0.9954 0.0771
vn 0.3689 0.8304 0.4175
vn 0.4320 0.7549 0.4935
vn 0.4885 0.3019 -0.8187
vn 0.5508 0.3559 -0.7550
vn 0.5175 0.4586 -0.7224
vn 0.4006 0.7339 -0.5486
vn 0.3026 0.8337 -0.4620
vn 0.1642 0.9510 -0.2618
vn 0.0576 0.9945 -0.0877
vn 0.1560 0.9634 -0.2180
vn -0.9128 0.3235 -0.2493
vn -0.9001 0.3227 -0.2927
vn -0.8871 0.3662 -0.2810
vn -0.7871 0.5942 -0.1658
vn -0.6131 0.7783 -0.1359
vn -0.6277 0.7512 -0.2042
vn -0.3131 0.9472 -0.0688
vn -0.1403 0.9895 -0.0338
vn -0.4808 0.8722 -0.0899
vn 0.3142 0.7858 0.5327
vn 0.3232 0.7220 0.6117
vn 0.1721 0.9452 0.2776
vn 0.1287 0.9619 0.2412
vn 0.0554 0.9911 0.1207
vn 0.0463 0.9959 0.0781
vn 0.6355 0.2562 -0.7283
vn 0.5834 0.5091 -0.6328
vn 0.3888 0.8002 -0.4567
vn 0.3055 0.8893 -0.3402
vn 0.1109 0.9843 -0.1370
vn 0.2995 0.9004 -0.3157
vn -0.8033 0.4781 -0.3552
vn -0.8069 0.4686 -0.3597
vn -0.5284 0.8260 -0.1961
vn -0.4092 0.8983 -0.1599
vn -0.2788 0.9553 -0.0987
vn -0.1714 0.9827 -0.0695
vn -0.1553 0.9852 -0.0725
vn -0.1332 0.9888 -0.0667
vn 0.3076 0.4395 0.8439
vn 0.3117 0.5847 0.7490
vn 0.2744 0.7341 0.6212
vn 0.1883 0.8619 0.4708
vn 0.1338 0.9348 0.3290
vn 0.0473 0.9897 0.1348
vn -0.0561 0.4336 0.8994
vn -0.0710 0.6239 0.7783
vn -0.0382 0.8569 0.5140
vn -0.0467 0.9173 0.3955
vn -0.0323 0.9681 0.2485
vn 0.6312 0.5468 -0.5501
vn 0.6115 0.5926 -0.5243
vn 0.4837 0.7718 -0.4127
vn 0.3687 0.8867 -0.2790
vn 0.1955 0.9656 -0.1712
vn 0.1371 0.9834 -0.1184
vn 0.1354 0.9840 -0.1158
vn 0.7183 0.4732 -0.5100
vn 0.6464 0.4300 -0.6304
vn -0.7531 0.4154 -0.5102
vn -0.7559 0.5245 -0.3918
vn -0.6131 0.7073 -0.3520
vn -0.6997 0.5340 -0.4746
vn -0.4279 0.8716 -0.2391
vn -0.2720 0.9464 -0.1742
vn -0.2570 0.9487 -0.1841
vn 0.1799 0.4718 0.8631
vn 0.1664 0.4843 0.8589
vn 0.1989 0.6567 0.7274
vn 0.1674 0.7836 0.5982
vn 0.0885 0.9121 0.4002
vn 0.0675 0.9665 0.2477
vn 0.0626 0.9598 0.2735
vn 0.2622 0.4818 0.8361
vn -0.2389 0.3627 0.9008
vn -0.1587 0.4542 0.8767
vn -0.1656 0.4886 0.8566
vn -0.1261 0.8298 0.5436
vn -0.0358 0.9761 0.2142
vn -0.0174 0.9958 0.0903
vn -0.1488 0.8512 0.5033
vn -0.0165 0.9954 0.0947
vn 0.6898 0.5551 -0.4649
vn 0.8075 0.3687 -0.4605
vn 0.4160 0.8650 -0.2807
vn 0.3594 0.9121 -0.1971
vn 0.3201 0.9326 -0.1666
vn 0.1464 0.9846 -0.0950
vn 0.1065 0.9930 -0.0505
vn -0.6457 0.5307 -0.5491
vn -0.5590 0.6969 -0.4493
vn -0.4823 0.7821 -0.3946
vn -0.1763 0.9732 -0.1475
vn -0.1198 0.9873 -0.1042
vn -0.1049 0.9898 -0.0967
vn -0.6643 0.4312 -0.6105
vn 0.1221 0.2084 0.9704
vn 0.0512 0.5618 0.8257
vn 0.0261 0.3932 0.9191
vn 0.0800 0.7871 0.6117
vn 0.0462 0.7730 0.6327
vn 0.0175 0.8641 0.5030
vn 0.0192 0.9753 0.2202
vn 0.0153 0.9784 0.2063
vn 0.0073 0.9941 0.1083
vn 0.0134 0.9954 0.0953
vn -0.2989 0.3941 0.8691
vn -0.3074 0.5863 0.7495
vn -0.1456 0.8759 0.4600
vn -0.2339 0.7889 0.5682
vn -0.0994 0.9497 0.2971
vn -0.1030 0.9648 0.2421
vn -0.0460 0.9930 0.1087
vn -0.3972 0.3463 0.8499
vn -0.2518 0.4881 0.8356
vn 0.8145 0.4668 -0.3445
vn 0.7667 0.5727 -0.2900
vn 0.7191 0.6435 -0.2624
vn 0.4175 0.8950 -0.1570
vn 0.3219 0.9344 -0.1524
vn 0.1649 0.9849 -0.0533
vn 0.1347 0.9898 -0.0461
vn 0.7310 0.5682 -0.3778
vn -0.5642 0.5606 -0.6061
vn -0.4981 0.6678 -0.5531
vn -0.3339 0.8723 -0.3572
vn -0.2951 0.8995 -0.3222
vn -0.2263 0.9301 -0.2894
vn -0.0907 0.9899 -0.1092
vn -0.4251 0.3799 0.8216
vn -0.4072 0.5175 0.7526
vn -0.2297 0.8511 0.4722
vn -0.2098 0.8829 0.4201
vn -0.4490 0.5559 0.6996
vn -0.1246 0.9763 0.1767
vn -0.0491 0.9960 0.0751
vn -0.0887 0.9776 0.1906
vn 0.8082 0.5516 -0.2062
vn 0.3392 0.9363 -0.0912
vn 0.2337 0.9706 -0.0573
vn 0.7229 0.6762 -0.1423
vn 0.0087 0.9987 -0.0509
vn -0.0100 0.9991 0.0408
vn -0.0262 0.9991 0.0332
vn 0.2032 0.9491 -0.2406
vn 0.0218 0.9990 -0.0396
vn -0.0047 0.9999 -0.0106
vn -0.0262 0.9991 0.0335
vn 0.0646 0.9964 -0.0543
vn 0.0616 0.9975 -0.0339
vn -0.0528 0.9980 0.0351
vn 0.0474 0.9980 -0.0417
vn 0.0115 0.9999 -0.0053
vn -0.0064 1.0000 0.0048
vn -0.0204 0.9998 0.0046
vn 0.0346 0.9993 0.0113
vn 0.0256 0.9997 -0.0063
vn -0.0366 0.9993 0.0112
vn 0.0910 0.9958 -0.0119
vn 0.0897 0.9959 -0.0122
vn -0.0772 0.9970 0.0101
vn -0.0830 0.9965 0.0062
vn 0.0188 0.9998 0.0014
vn -0.0193 0.9998 -0.0038
vn -0.0182 0.9998 -0.0029
vn 0.0901 0.9955 0.0297
vn -0.0479 0.9988 -0.0138
vn -0.0630 0.9979 -0.0122
vn 0.0432 0.9990 0.0071
vn -0.0609 0.9976 -0.0318
vn 0.0410 0.9985 0.0373
vn 0.0500 0.9979 0.0413
vn 0.0140 0.9999 0.0054
vn 0.0998 0.9889 0.1105
vn -0.0541 0.9976 -0.0421
vn -0.0055 0.9999 -0.0090
vn 0.0308 0.9977 0.0605
vn -0.0060 0.9999 -0.0102
vn -0.0265 0.9988 -0.0407
vn -0.0242 0.9991 -0.0336
vn 0.0072 0.9999 0.0093
vn 0.0356 0.9970 0.0680
vn -0.0230 0.9974 -0.0686
vn -0.0042 0.9984 -0.0559
vn -0.0025 0.9987 -0.0506
vn 0.0048 0.9989 0.0458
vn -0.0031 1.0000 0.0040
vn 0.0130 0.9988 -0.0477
vn -0.0251 0.9975 0.0658
vn -0.0044 0.9999 0.0161
vn 0.0119 0.9997 -0.0219
vn 0.0156 0.9993 -0.0350
vn -0.0264 0.9982 0.0532
vn 0.0422 0.9974 -0.0588
vn 0.0499 0.9976 -0.0472
vn -0.0586 0.9974 0.0430
vn -0.0065 0.9999 0.0092
vn 0.0377 0.9990 -0.0228
vn 0.0378 0.9990 -0.0223
vn -0.0688 0.9957 0.0617
vn -0.0225 0.9997 0.0036
vn 0.0320 0.9994 -0.0147
vn -0.0856 0.9962 0.0157
vn -0.0922 0.9957 0.0129
vn -0.0270 0.9996 0.0086
vn 0.0047 1.0000 -0.0009
vn 0.0515 0.9986 -0.0076
vn 0.0052 1.0000 0.0047
vn 0.0420 0.9991 0.0077
vn -0.0807 0.9967 -0.0029
vn 0.0819 0.9965 0.0176
vn -0.0381 0.9991 -0.0163
vn -0.0991 0.9939 -0.0485
vn -0.0500 0.9986 -0.0182
vn -0.0029 1.0000 -0.0017
vn 0.0261 0.9996 0.0087
vn 0.0373 0.9989 0.0281
vn 0.0511 0.9979 0.0399
vn -0.0239 0.9994 -0.0267
vn -0.0020 1.0000 -0.0077
vn 0.0038 0.9999 0.0138
vn 0.0063 0.9998 0.0174
vn 0.0136 0.9992 0.0369
vn -0.0256 0.9974 -0.0673
vn -0.0141 0.9986 -0.0514
vn 0.0140 0.9993 -0.0360
vn -0.0009 1.0000 -0.0049
vn -0.0006 1.0000 -0.0019
vn 0.0013 1.0000 0.0095
vn 0.0047 1.0000 0.0084
vn -0.0006 1.0000 0.0014
vn -0.0003 1.0000 -0.0009
vn -0.0005 1.0000 0.0008
vn 0.0026 0.9998 -0.0189
vn 0.0005 1.0000 -0.0001
vn 0.0060 1.0000 -0.0046
vn -0.0003 1.0000 -0.0011
vn 0.2141 0.1320 0.9678
vn 0.1920 0.1585 0.9685
vn 0.1042 0.1741 0.9792
vn 0.0869 0.6160 0.7829
vn 0.2101 0.5167 0.8300
vn 0.8878 0.1268 -0.4424
vn 0.8741 0.1667 -0.4562
vn 0.8324 0.3804 -0.4030
vn 0.7266 0.5521 -0.4088
vn -0.9591 0.1098 -0.2608
vn -0.8878 0.2782 -0.3666
vn -0.8274 0.4704 -0.3070
vn -0.8325 0.5013 -0.2358
vn -0.0315 0.1779 0.9835
vn 0.0591 0.1305 0.9897
vn 0.9324 0.1130 -0.3434
vn 0.9268 0.2493 -0.2809
vn 0.8707 0.3926 -0.2962
vn 0.7834 0.5783 -0.2278
vn -0.8792 0.2157 -0.4249
vn -0.8410 0.2101 -0.4986
vn -0.1408 0.0269 0.9897
vn -0.0885 0.3919 0.9157
vn 0.9631 0.2053 -0.1738
vn 0.9605 0.2428 -0.1363
vn 0.8395 0.5233 -0.1460
vn -0.8224 0.2389 -0.5164
vn -0.2439 0.1704 0.9547
vn -0.2504 0.2648 0.9312
vn -0.2004 0.3622 0.9103
vn -0.3245 0.3109 0.8933
vn 0.9974 0.0712 -0.0128
vn 0.9616 0.2410 -0.1316
vn -0.6706 0.1098 -0.7337
vn -0.7616 0.1320 -0.6345
vn -0.7132 0.1759 -0.6785
vn -0.5911 0.5486 -0.5913
vn -0.5869 0.5532 -0.5912
vn -0.4349 0.1938 0.8794
vn 0.9879 0.0395 0.1498
vn 0.9501 0.3036 0.0722
vn 0.9295 0.3382 0.1471
vn 0.9158 0.4008 0.0267
vn 0.9905 0.1273 0.0512
vn -0.6109 0.1492 -0.7775
vn -0.5555 0.3189 -0.7679
vn -0.5390 0.4650 -0.7023
vn -0.5463 0.1113 0.8302
vn -0.4992 0.2208 0.8379
vn -0.5042 0.3318 0.7973
vn 0.9461 0.1232 0.2994
vn 0.9544 0.1688 0.2463
vn 0.9439 0.2386 0.2284
vn 0.7938 0.5431 0.2738
vn -0.4609 0.1469 -0.8752
vn -0.4573 0.2455 -0.8547
vn -0.5381 0.0423 -0.8418
vn -0.6425 0.0768 0.7625
vn -0.6890 0.1755 0.7031
vn -0.6462 0.3472 0.6796
vn -0.6095 0.5315 0.5882
vn 0.9022 0.1787 0.3925
vn 0.8877 0.2198 0.4046
vn -0.3785 0.0663 -0.9232
vn -0.2813 0.1686 -0.9447
vn -0.3732 0.4269 -0.8237
vn -0.2800 0.3386 -0.8983
vn 0.0983 0.1686 -0.9808
vn 0.0549 0.2133 -0.9754
vn 0.0345 0.4532 -0.8907
vn -0.7416 0.1102 0.6617
vn 0.8060 0.1603 0.5698
vn 0.8386 0.2594 0.4790
vn -0.2640 0.2375 -0.9348
vn 0.1476 0.1778 -0.9729
vn 0.2095 0.3087 -0.9278
vn 0.1642 0.4983 -0.8513
vn -0.8045 0.1489 0.5749
vn -0.8043 0.2548 0.5369
vn -0.8166 0.3203 0.4802
vn -0.7593 0.4900 0.4281
vn 0.7951 0.1695 0.5823
vn 0.7374 0.1375 0.6614
vn 0.6343 0.4548 0.6251
vn 0.6454 0.5240 0.5558
vn -0.0696 0.1201 -0.9903
vn -0.1328 0.2714 -0.9533
vn -0.0873 0.4806 -0.8726
vn 0.4260 0.1440 -0.8932
vn 0.3167 0.2607 -0.9120
vn 0.3326 0.2729 -0.9027
vn 0.3255 0.5864 -0.7418
vn -0.9080 0.1844 0.3763
vn -0.9127 0.2234 0.3420
vn -0.7797 0.5571 0.2857
vn 0.6948 0.2032 0.6899
vn 0.5208 0.1842 -0.8335
vn 0.4519 0.4870 -0.7474
vn -0.9619 0.1630 0.2194
vn 0.5921 0.1413 0.7934
vn 0.5582 0.1917 0.8072
vn 0.5480 0.2458 0.7996
vn 0.5548 0.1427 -0.8197
vn 0.6374 0.2873 -0.7150
vn -0.9334 0.3387 0.1184
vn -0.9550 0.2872 0.0735
vn 0.4667 0.1010 0.8786
vn 0.3461 0.4642 0.8154
vn 0.3432 0.4502 0.8243
vn 0.7201 0.1637 -0.6743
vn 0.6971 0.2416 -0.6751
vn 0.6989 0.4026 -0.5912
vn -0.9537 0.2967 -0.0493
vn -0.9893 0.1056 -0.1010
vn -0.9012 0.4254 -0.0832
vn 0.3189 0.1496 0.9359
vn 0.3596 0.2288 0.9046
vn 0.7961 0.0778 -0.6002
vn 0.8221 0.1785 -0.5407
vn 0.7531 0.3715 -0.5430
vn -0.0383 0.9370 -0.3473
vn -0.0630 0.8315 -0.5519
vn -0.0313 0.9458 -0.3231
vn -0.0364 0.7776 -0.6277
vn -0.0011 0.9065 -0.4221
vn -0.0019 0.8412 -0.5408
vn -0.0143 0.9854 -0.1694
vn -0.0422 0.6889 -0.7236
vn -0.0474 0.6900 -0.7223
vn -0.1096 0.6883 -0.7171
vn -0.1040 0.9254 -0.3645
vn -0.0959 0.9067 -0.4106
vn -0.1114 0.8173 -0.5653
vn -0.0930 0.7913 -0.6043
vn -0.0584 0.9771 -0.2044
vn -0.1745 0.6880 -0.7044
vn -0.1087 0.6881 -0.7175
vn -0.1661 0.6892 -0.7053
vn -0.2414 0.7878 -0.5666
vn -0.1860 0.8122 -0.5529
vn -0.1512 0.9306 -0.3332
vn -0.1028 0.9262 -0.3627
vn -0.0558 0.9897 -0.1320
vn -0.2816 0.6891 -0.6677
vn -0.2835 0.6887 -0.6674
vn -0.2158 0.6887 -0.6921
vn -0.2218 0.6901 -0.6889
vn -0.2396 0.9039 -0.3543
vn -0.1161 0.9721 -0.2037
vn -0.2656 0.8227 -0.5026
vn -0.1063 0.9733 -0.2035
vn -0.2240 0.8514 -0.4743
vn -0.3555 0.6901 -0.6303
vn -0.3985 0.6910 -0.6031
vn -0.3735 0.6885 -0.6217
vn -0.3347 0.6874 -0.6445
vn -0.3522 0.8345 -0.4237
vn -0.2699 0.8981 -0.3472
vn -0.2446 0.9011 -0.3581
vn -0.4475 0.6887 -0.5705
vn -0.4472 0.6887 -0.5707
vn -0.4334 0.6870 -0.5832
vn -0.4470 0.7989 -0.4024
vn -0.2652 0.9380 -0.2234
vn -0.3268 0.8931 -0.3091
vn -0.3752 0.8548 -0.3586
vn -0.1351 0.9802 -0.1445
vn -0.4104 0.7999 -0.4379
vn -0.1995 0.9542 -0.2231
vn -0.5401 0.6895 -0.4827
vn -0.4976 0.6887 -0.5273
vn -0.5350 0.6882 -0.4901
vn -0.4966 0.6884 -0.5287
vn -0.3610 0.8962 -0.2580
vn -0.4855 0.7933 -0.3674
vn -0.1863 0.9761 -0.1124
vn -0.1902 0.9684 -0.1611
vn -0.1406 0.9856 -0.0940
vn -0.6139 0.6908 -0.3820
vn -0.5818 0.6905 -0.4297
vn -0.5694 0.6883 -0.4496
vn -0.5959 0.6883 -0.4138
vn -0.2241 0.9694 -0.1005
vn -0.4393 0.8670 -0.2350
vn -0.4180 0.8753 -0.2433
vn -0.3468 0.9120 -0.2191
vn -0.6670 0.6894 -0.2826
vn -0.6645 0.6883 -0.2910
vn -0.6503 0.6909 -0.3159
vn -0.6355 0.6868 -0.3529
vn -0.6230 0.7615 -0.1788
vn -0.4851 0.8562 -0.1780
vn -0.3611 0.9222 -0.1385
vn -0.3285 0.9346 -0.1364
vn -0.6989 0.6899 -0.1887
vn -0.6947 0.6915 -0.1978
vn -0.6874 0.6877 -0.2338
vn -0.5574 0.8257 -0.0872
vn -0.2522 0.9671 -0.0342
vn -0.2290 0.9727 -0.0366
vn -0.2345 0.9709 -0.0494
vn -0.4699 0.8756 -0.1120
vn -0.3344 0.9384 -0.0874
vn -0.7177 0.6889 -0.1013
vn -0.7149 0.6903 -0.1114
vn -0.7118 0.6879 -0.1422
vn -0.4777 0.8785 0.0029
vn -0.5019 0.8644 -0.0301
vn -0.4627 0.8855 -0.0430
vn -0.7225 0.6898 -0.0467
vn -0.7262 0.6873 -0.0143
vn -0.7230 0.6880 -0.0628
vn -0.5338 0.8417 0.0806
vn -0.5237 0.8488 0.0728
vn -0.3558 0.9343 0.0245
vn -0.3567 0.9339 0.0261
vn -0.2286 0.9735 0.0051
vn -0.7221 0.6890 0.0626
vn -0.7237 0.6896 0.0272
vn -0.7145 0.6892 0.1206
vn -0.7219 0.6866 0.0861
vn -0.7244 0.6885 0.0358
vn -0.5228 0.8410 0.1396
vn -0.3372 0.9377 0.0835
vn -0.4527 0.8850 0.1086
vn -0.2623 0.9639 0.0452
vn -0.6929 0.6874 0.2177
vn -0.7039 0.6887 0.1741
vn -0.7132 0.6879 0.1345
vn -0.7045 0.6900 0.1661
vn -0.5512 0.7897 0.2696
vn -0.1968 0.9765 0.0879
vn -0.4852 0.8461 0.2208
vn -0.4934 0.8492 0.1881
vn -0.5280 0.8270 0.1932
vn -0.2173 0.9727 0.0814
vn -0.2744 0.9571 0.0933
vn -0.6515 0.6902 0.3150
vn -0.6793 0.6897 0.2506
vn -0.6811 0.6890 0.2475
vn -0.6633 0.6878 0.2948
vn -0.3715 0.8968 0.2402
vn -0.4327 0.8594 0.2722
vn -0.2722 0.9479 0.1655
vn -0.5289 0.7924 0.3038
vn -0.2654 0.9533 0.1444
vn -0.1808 0.9745 0.1326
vn -0.5977 0.6895 0.4091
vn -0.6243 0.6899 0.3664
vn -0.6407 0.6875 0.3418
vn -0.6104 0.6877 0.3931
vn -0.4977 0.7466 0.4416
vn -0.2830 0.9276 0.2438
vn -0.4426 0.8209 0.3610
vn -0.3774 0.8754 0.3020
vn -0.5392 0.6885 0.4850
vn -0.5420 0.6896 0.4803
vn -0.5840 0.6886 0.4298
vn -0.5808 0.6876 0.4357
vn -0.3541 0.8295 0.4320
vn -0.2065 0.9508 0.2310
vn -0.4280 0.7626 0.4851
vn -0.1735 0.9639 0.2018
vn -0.4032 0.8185 0.4093
vn -0.2667 0.9271 0.2634
vn -0.4772 0.6910 0.5430
vn -0.4626 0.6879 0.5593
vn -0.5071 0.6865 0.5211
vn -0.1617 0.9517 0.2609
vn -0.1503 0.9596 0.2377
vn -0.3194 0.8235 0.4689
vn -0.3371 0.8073 0.4845
vn -0.4118 0.6904 0.5948
vn -0.3775 0.6873 0.6206
vn -0.4277 0.6874 0.5870
vn -0.2120 0.8319 0.5128
vn -0.2241 0.8594 0.4595
vn -0.1827 0.9150 0.3597
vn -0.2929 0.7800 0.5530
vn -0.3389 0.6889 0.6408
vn -0.2634 0.6904 0.6738
vn -0.2972 0.6875 0.6626
vn -0.3445 0.6904 0.6361
vn -0.1518 0.8300 0.5368
vn -0.1341 0.8854 0.4450
vn -0.0818 0.9686 0.2346
vn -0.1342 0.8957 0.4239
vn -0.0617 0.9807 0.1858
vn -0.1600 0.6869 0.7089
vn -0.2152 0.6897 0.6914
vn -0.2476 0.6884 0.6817
vn -0.2129 0.6893 0.6925
vn -0.0643 0.8915 0.4484
vn -0.0557 0.9358 0.3481
vn -0.0407 0.9608 0.2741
vn -0.1244 0.7732 0.6218
vn -0.0374 0.9769 0.2105
vn -0.0488 0.8318 0.5529
vn -0.0795 0.6890 0.7204
vn -0.0929 0.6872 0.7205
vn -0.1349 0.6906 0.7105
vn 0.0071 0.9601 0.2794
vn 0.0320 0.7918 0.6100
vn 0.0055 0.9584 0.2853
vn -0.0061 0.8456 0.5337
vn -0.0156 0.8286 0.5596
vn -0.0197 0.6885 0.7250
vn 0.0371 0.6890 0.7238
vn -0.0257 0.6874 0.7258
vn 0.0474 0.6873 0.7248
vn 0.0932 0.8981 0.4299
vn 0.1030 0.8297 0.5487
vn 0.0473 0.9552 0.2920
vn 0.0771 0.8081 0.5840
vn 0.0606 0.8303 0.5541
vn 0.0316 0.9464 0.3215
vn 0.0376 0.9836 0.1762
vn 0.0913 0.6889 0.7191
vn 0.1612 0.6890 0.7066
vn 0.1000 0.6876 0.7192
vn 0.1641 0.8844 0.4369
vn 0.0813 0.9668 0.2421
vn 0.1287 0.9083 0.3981
vn 0.1285 0.9072 0.4006
vn 0.0441 0.9851 0.1661
vn 0.1610 0.6889 0.7067
vn 0.2043 0.6897 0.6947
vn 0.2174 0.6880 0.6924
vn 0.1446 0.9475 0.2853
vn 0.2310 0.8536 0.4669
vn 0.1899 0.8953 0.4029
vn 0.1089 0.9682 0.2254
vn 0.3413 0.6877 0.6408
vn 0.3061 0.6899 0.6560
vn 0.2568 0.6903 0.6765
vn 0.3045 0.6901 0.6565
vn 0.2746 0.6883 0.6715
vn 0.1375 0.9739 0.1804
vn 0.2616 0.8933 0.3655
vn 0.2504 0.8920 0.3763
vn 0.2988 0.8208 0.4868
vn 0.3010 0.8060 0.5097
vn 0.1928 0.9310 0.3098
vn 0.3654 0.8092 0.4601
vn 0.4213 0.6883 0.5906
vn 0.4047 0.6890 0.6013
vn 0.3925 0.6880 0.6105
vn 0.3629 0.6904 0.6258
vn 0.4392 0.6904 0.5748
vn 0.4307 0.7757 0.4613
vn 0.2513 0.9260 0.2817
vn 0.3708 0.8284 0.4199
vn 0.2284 0.9494 0.2155
vn 0.2103 0.9420 0.2615
vn 0.1028 0.9857 0.1333
vn 0.4936 0.6888 0.5309
vn 0.4958 0.6895 0.5279
vn 0.4600 0.6879 0.5614
vn 0.4423 0.8361 0.3246
vn 0.3714 0.8735 0.3146
vn 0.2607 0.9377 0.2297
vn 0.4383 0.8077 0.3942
vn 0.2049 0.9682 0.1438
vn 0.5794 0.6893 0.4349
vn 0.5789 0.6894 0.4355
vn 0.5450 0.6891 0.4776
vn 0.5407 0.6880 0.4840
vn 0.5902 0.6874 0.4232
vn 0.5656 0.6879 0.4548
vn 0.3846 0.9006 0.2026
vn 0.4596 0.8519 0.2511
vn 0.5231 0.7870 0.3270
vn 0.3074 0.9307 0.1983
vn 0.4369 0.8457 0.3063
vn 0.1427 0.9851 0.0955
vn 0.1421 0.9866 0.0808
vn 0.6451 0.6903 0.3274
vn 0.6158 0.6900 0.3803
vn 0.6358 0.6883 0.3494
vn 0.6121 0.6887 0.3886
vn 0.5927 0.6880 0.4188
vn 0.5028 0.8427 0.1923
vn 0.2969 0.9456 0.1327
vn 0.3407 0.9273 0.1549
vn 0.6673 0.6905 0.2792
vn 0.6669 0.6903 0.2807
vn 0.6569 0.6888 0.3067
vn 0.5309 0.8418 0.0974
vn 0.3744 0.9227 0.0921
vn 0.2206 0.9737 0.0570
vn 0.6467 0.7423 0.1755
vn 0.5275 0.8334 0.1650
vn 0.1903 0.9802 0.0538
vn 0.6976 0.6911 0.1891
vn 0.6970 0.6901 0.1950
vn 0.6876 0.6871 0.2347
vn 0.7138 0.6894 0.1238
vn 0.7096 0.6878 0.1528
vn 0.5697 0.8212 0.0327
vn 0.3027 0.9528 0.0235
vn 0.5167 0.8537 0.0657
vn 0.5517 0.8295 0.0869
vn 0.7225 0.6907 0.0318
vn 0.7131 0.6928 0.1068
vn 0.7196 0.6885 0.0901
vn 0.7227 0.6878 0.0676
vn 0.7199 0.6867 0.1005
vn 0.1997 0.9798 -0.0135
vn 0.4626 0.8865 -0.0122
vn 0.2062 0.9785 -0.0049
vn 0.4364 0.8997 -0.0051
vn 0.2705 0.9627 0.0030
vn 0.7214 0.6899 -0.0600
vn 0.7249 0.6887 0.0143
vn 0.7236 0.6900 -0.0161
vn 0.7246 0.6879 -0.0413
vn 0.3536 0.9335 -0.0595
vn 0.4655 0.8815 -0.0794
vn 0.5060 0.8592 -0.0758
vn 0.1866 0.9809 -0.0546
vn 0.5314 0.8358 -0.1381
vn 0.5286 0.8468 -0.0597
vn 0.7071 0.6882 -0.1626
vn 0.7157 0.6890 -0.1143
vn 0.7180 0.6878 -0.1069
vn 0.5598 0.7990 -0.2195
vn 0.3094 0.9444 -0.1113
vn 0.4558 0.8783 -0.1442
vn 0.2138 0.9740 -0.0744
vn 0.6832 0.6884 -0.2438
vn 0.6707 0.6927 -0.2652
vn 0.6964 0.6886 -0.2019
vn 0.6989 0.6908 -0.1852
vn 0.6831 0.6860 -0.2507
vn 0.4476 0.8619 -0.2382
vn 0.4252 0.8772 -0.2231
vn 0.4275 0.8826 -0.1955
vn 0.2671 0.9501 -0.1612
vn 0.5082 0.8056 -0.3045
vn 0.6491 0.6901 -0.3201
vn 0.6645 0.6878 -0.2922
vn 0.6616 0.6896 -0.2946
vn 0.6354 0.6871 -0.3523
vn 0.2558 0.9430 -0.2127
vn 0.4523 0.8375 -0.3067
vn 0.4820 0.8046 -0.3468
vn 0.2902 0.9372 -0.1934
vn 0.4311 0.8282 -0.3582
vn 0.5914 0.6895 -0.4181
vn 0.6194 0.6901 -0.3742
vn 0.5781 0.6874 -0.4396
vn 0.6046 0.6879 -0.4015
vn 0.2388 0.9351 -0.2617
vn 0.4404 0.7842 -0.4370
vn 0.2069 0.9604 -0.1865
vn 0.4494 0.8075 -0.3821
vn 0.5541 0.6894 -0.4665
vn 0.5091 0.6908 -0.5135
vn 0.5246 0.6887 -0.5005
vn 0.4986 0.6888 -0.5263
vn 0.5476 0.6881 -0.4762
vn 0.2368 0.9006 -0.3645
vn 0.3413 0.8116 -0.4742
vn 0.1696 0.9608 -0.2192
vn 0.3752 0.7912 -0.4830
vn 0.3185 0.8803 -0.3517
vn 0.4073 0.6886 -0.6000
vn 0.4501 0.6902 -0.5665
vn 0.4003 0.6896 -0.6035
vn 0.4168 0.6854 -0.5971
vn 0.4279 0.6885 -0.5855
vn 0.4647 0.6877 -0.5578
vn 0.2216 0.8862 -0.4069
vn 0.2143 0.9011 -0.3770
vn 0.2006 0.8785 -0.4336
vn 0.3609 0.6900 -0.6275
vn 0.3694 0.6890 -0.6236
vn 0.3353 0.6875 -0.6441
vn 0.1506 0.8696 -0.4702
vn 0.0829 0.9715 -0.2221
vn 0.1549 0.8683 -0.4713
vn 0.1647 0.9035 -0.3957
vn 0.2400 0.6887 -0.6842
vn 0.2911 0.6895 -0.6632
vn 0.2433 0.6883 -0.6835
vn 0.2916 0.6894 -0.6631
vn 0.0811 0.8821 -0.4641
vn 0.0320 0.9809 -0.1921
vn 0.0618 0.9592 -0.2760
vn 0.1169 0.8252 -0.5527
vn 0.0749 0.9557 -0.2846
vn 0.1497 0.8039 -0.5756
vn 0.1299 0.6892 -0.7128
vn 0.1922 0.6896 -0.6983
vn 0.1973 0.6888 -0.6976
vn 0.1424 0.6876 -0.7120
vn 0.0199 0.9428 -0.3327
vn 0.0234 0.7842 -0.6201
vn 0.0173 0.9694 -0.2450
vn 0.0584 0.8030 -0.5930
vn 0.0623 0.8747 -0.4806
vn 0.0270 0.6897 -0.7236
vn 0.0487 0.6875 -0.7246
vn 0.0830 0.6890 -0.7200
vn 0.0866 0.6885 -0.7200
vn -0.0086 0.6871 -0.7265
vn 0.5307 0.8298 -0.1725
vn 0.4339 0.8951 -0.1025
vn 0.5447 0.8330 -0.0966
vn 0.8186 0.5356 -0.2076
vn 0.8401 0.4999 -0.2106
vn 0.9018 0.3611 -0.2373
vn 0.9636 0.1313 -0.2329
vn 0.9703 -0.0011 -0.2417
vn 0.9482 0.0019 -0.3177
vn 0.9655 0.0037 -0.2602
vn -0.2699 0.8497 0.4530
vn -0.3008 0.7848 0.5419
vn -0.3886 0.4664 0.7946
vn -0.4859 0.3961 0.7791
vn -0.4919 0.2631 0.8299
vn -0.1838 0.9253 0.3317
vn -0.5172 -0.0011 0.8559
vn -0.4392 -0.0013 0.8984
vn -0.4790 0.0047 0.8778
vn -0.2336 0.9407 -0.2460
vn -0.2274 0.9180 -0.3248
vn -0.4940 0.6929 -0.5251
vn -0.5304 0.6029 -0.5959
vn -0.6941 0.3021 -0.6534
vn -0.6527 0.2679 -0.7086
vn -0.5966 0.2203 -0.7717
vn -0.6540 0.2160 -0.7250
vn -0.5549 0.3395 -0.7595
vn -0.6976 0.2728 -0.6625
vn -0.6686 0.0020 -0.7436
vn -0.6319 0.0027 -0.7751
vn -0.6762 0.0041 -0.7367
vn 0.6041 0.7453 -0.2820
vn 0.5600 0.8107 -0.1707
vn 0.6119 0.7385 -0.2832
vn 0.8833 0.2492 -0.3972
vn 0.8800 0.2736 -0.3883
vn 0.9187 0.2279 -0.3226
vn 0.7888 0.5373 -0.2985
vn 0.9206 0.2164 -0.3251
vn 0.9456 -0.0001 -0.3252
vn 0.9175 0.0029 -0.3976
vn 0.9159 0.0018 -0.4014
vn -0.2021 0.7036 0.6813
vn -0.3702 0.3014 0.8787
vn -0.3481 0.3609 0.8652
vn -0.2996 0.3147 0.9007
vn -0.2547 0.5854 0.7697
vn -0.1746 0.8917 0.4177
vn -0.2900 0.7223 0.6278
vn -0.3075 0.0004 0.9515
vn -0.3619 0.0008 0.9322
vn -0.3349 0.0044 0.9422
vn -0.4004 0.0050 0.9163
vn 0.0294 0.7713 0.6358
vn 0.0166 0.7617 0.6477
vn 0.1364 0.2699 0.9532
vn 0.0324 0.4584 0.8881
vn 0.0782 0.3816 0.9210
vn 0.0009 0.2337 0.9723
vn 0.0712 0.7556 0.6512
vn 0.0482 0.9260 0.3744
vn 0.1468 -0.0003 0.9892
vn 0.0102 0.0012 0.9999
vn 0.0714 -0.0006 0.9974
vn 0.1230 0.0053 0.9924
vn 0.0252 0.0040 0.9997
vn -0.5031 0.7486 -0.4318
vn -0.5023 0.7495 -0.4313
vn -0.6002 0.6579 -0.4549
vn -0.6970 0.2922 -0.6548
vn -0.7491 0.3665 -0.5519
vn -0.7729 0.1030 -0.6262
vn -0.1990 0.9688 -0.1480
vn -0.2765 0.9231 -0.2673
vn -0.7969 -0.0015 -0.6042
vn -0.7733 0.0045 -0.6340
vn -0.7262 -0.0003 -0.6874
vn -0.7290 0.0008 -0.6845
vn -0.8075 0.0022 -0.5899
vn 0.5860 0.7290 -0.3538
vn 0.5493 0.7756 -0.3109
vn 0.5408 0.7523 -0.3764
vn 0.7901 0.2240 -0.5706
vn 0.7729 0.4107 -0.4837
vn 0.8401 0.2885 -0.4593
vn 0.2661 0.9526 -0.1473
vn 0.8359 0.3176 -0.4476
vn 0.4104 0.8636 -0.2930
vn 0.8875 -0.0000 -0.4608
vn 0.8475 -0.0016 -0.5307
vn 0.8706 0.0072 -0.4920
vn -0.0986 0.8735 0.4768
vn -0.1900 0.7768 0.6004
vn -0.1163 0.5648 0.8170
vn -0.1338 0.7332 0.6667
vn -0.1571 0.2862 0.9452
vn -0.2094 0.3676 0.9061
vn -0.1663 0.2394 0.9566
vn -0.2839 0.2030 0.9371
vn -0.2397 -0.0001 0.9708
vn -0.2594 0.0038 0.9658
vn -0.1665 0.0032 0.9860
vn -0.1698 0.0022 0.9855
vn 0.1080 0.8942 0.4343
vn 0.1101 0.8833 0.4557
vn 0.1796 0.6995 0.6917
vn 0.1126 0.6495 0.7520
vn 0.1884 0.3276 0.9258
vn 0.2414 0.3315 0.9121
vn 0.2020 0.1845 0.9618
vn 0.1272 0.1893 0.9737
vn 0.3171 0.0096 0.9483
vn 0.2173 0.0003 0.9761
vn 0.2272 0.0036 0.9738
vn 0.2807 0.0030 0.9598
vn -0.3846 0.8910 -0.2413
vn -0.5941 0.7206 -0.3574
vn -0.7251 0.4648 -0.5082
vn -0.8200 0.2869 -0.4952
vn -0.8378 0.1182 -0.5330
vn -0.8462 0.2541 -0.4683
vn -0.3855 0.9002 -0.2024
vn -0.1956 0.9694 -0.1484
vn -0.8498 0.0025 -0.5272
vn -0.8799 0.0019 -0.4751
vn -0.8500 0.0026 -0.5269
vn -0.8777 0.0006 -0.4791
vn 0.2999 0.9165 -0.2648
vn 0.5237 0.6882 -0.5022
vn 0.6039 0.6597 -0.4473
vn 0.7124 0.2870 -0.6404
vn 0.7231 0.4030 -0.5610
vn 0.6582 0.4168 -0.6269
vn 0.7324 -0.0002 -0.6809
vn 0.7630 0.0044 -0.6464
vn 0.7896 -0.0015 -0.6136
vn 0.8089 0.0046 -0.5880
vn -0.0338 0.8382 0.5443
vn -0.0421 0.8185 0.5730
vn -0.0393 0.3602 0.9320
vn -0.0990 0.5919 0.7999
vn -0.0709 0.1654 0.9837
vn 0.0256 0.7969 0.6035
vn -0.0776 0.0011 0.9970
vn -0.0653 0.0045 0.9979
vn 0.1867 0.8655 0.4649
vn 0.3179 0.6604 0.6803
vn 0.3020 0.5300 0.7924
vn 0.2605 0.5999 0.7565
vn 0.2046 0.5104 0.8352
vn 0.3522 0.4409 0.8255
vn 0.3226 -0.0139 0.9464
vn 0.1637 0.9404 0.2982
vn 0.1144 0.9379 0.3275
vn 0.3509 0.0055 0.9364
vn 0.3247 0.0014 0.9458
vn 0.4077 0.0017 0.9131
vn 0.4137 0.0032 0.9104
vn -0.2820 0.9506 -0.1297
vn -0.5270 0.8195 -0.2254
vn -0.6621 0.6716 -0.3325
vn -0.7403 0.6128 -0.2764
vn -0.8506 0.3205 -0.4168
vn -0.9342 0.0753 -0.3488
vn -0.8956 0.2384 -0.3757
vn -0.8953 0.1306 -0.4260
vn -0.9195 -0.0018 -0.3932
vn -0.9136 0.0020 -0.4066
vn 0.2678 0.9044 -0.3322
vn 0.3827 0.8238 -0.4183
vn 0.5571 0.5108 -0.6548
vn 0.5569 0.5115 -0.6544
vn 0.6590 0.2179 -0.7199
vn 0.6632 0.0015 -0.7485
vn 0.6635 0.0016 -0.7482
vn 0.7138 0.0045 -0.7004
vn 0.2679 0.8042 0.5306
vn 0.3682 0.6468 0.6679
vn 0.4541 0.2557 0.8535
vn 0.5325 0.3559 0.7680
vn 0.4529 0.3146 0.8342
vn 0.1626 0.9532 0.2547
vn 0.1847 0.9297 0.3187
vn 0.4864 0.0022 0.8737
vn 0.5561 0.0015 0.8311
vn 0.4755 0.0048 0.8797
vn 0.5256 0.0056 0.8507
vn -0.3988 0.9104 -0.1101
vn -0.5803 0.8036 -0.1321
vn -0.2840 0.9512 -0.1204
vn -0.6038 0.7745 -0.1883
vn -0.8360 0.4772 -0.2709
vn -0.8434 0.4977 -0.2022
vn -0.7913 0.5726 -0.2144
vn -0.9669 0.0464 -0.2508
vn -0.9220 0.2585 -0.2882
vn -0.9545 0.2390 -0.1785
vn -0.9549 -0.0028 -0.2970
vn -0.9476 0.0029 -0.3194
vn -0.9704 0.0043 -0.2416
vn 0.2270 0.9066 -0.3559
vn 0.4519 0.5564 -0.6973
vn 0.4255 0.6938 -0.5810
vn 0.4817 0.4926 -0.7248
vn 0.4911 0.3627 -0.7920
vn 0.5884 0.2460 -0.7702
vn 0.5880 0.1900 -0.7863
vn 0.6043 -0.0016 -0.7967
vn 0.5802 0.0040 -0.8144
vn 0.5504 0.0001 -0.8349
vn 0.5164 0.0057 -0.8563
vn 0.3376 0.8302 0.4435
vn 0.4554 0.7334 0.5047
vn 0.4587 0.6668 0.5873
vn 0.3620 0.7763 0.5160
vn 0.5683 0.2511 0.7836
vn 0.5673 0.3200 0.7588
vn 0.3551 0.7290 0.5851
vn 0.6207 0.0010 0.7841
vn 0.6327 0.0042 0.7744
vn 0.5754 0.0044 0.8179
vn -0.4965 0.8644 -0.0800
vn -0.4670 0.8838 -0.0265
vn -0.7487 0.6519 -0.1200
vn -0.7496 0.6497 -0.1266
vn -0.8190 0.5622 -0.1149
vn -0.9380 0.3370 -0.0812
vn -0.9691 0.1784 -0.1705
vn -0.9560 0.2786 -0.0921
vn -0.3567 0.9337 -0.0309
vn -0.8741 0.4844 -0.0343
vn -0.9950 -0.0012 -0.1000
vn -0.9819 0.0044 -0.1891
vn -0.9962 0.0023 -0.0867
vn -0.9851 -0.0023 -0.1719
vn 0.1207 0.9495 -0.2895
vn 0.2469 0.8792 -0.4076
vn 0.1750 0.8447 -0.5058
vn 0.3261 0.6991 -0.6363
vn 0.3584 0.5818 -0.7301
vn 0.3781 0.4207 -0.8247
vn 0.4760 0.2337 -0.8478
vn 0.3340 0.3015 -0.8931
vn 0.2615 0.7015 -0.6630
vn 0.4785 0.0001 -0.8781
vn 0.3463 0.0015 -0.9381
vn 0.4206 0.0017 -0.9072
vn 0.3828 0.0051 -0.9238
vn 0.4350 0.0042 -0.9004
vn 0.2577 0.9322 0.2543
vn 0.5313 0.6580 0.5336
vn 0.5084 0.7009 0.5003
vn 0.6905 0.2536 0.6774
vn 0.6922 0.3605 0.6252
vn 0.6367 0.2127 0.7412
vn 0.6587 0.3272 0.6775
vn 0.2714 0.9255 0.2641
vn 0.7581 0.2333 0.6090
vn 0.6864 0.0027 0.7272
vn 0.7480 0.0016 0.6637
vn 0.6865 0.0027 0.7271
vn 0.7497 0.0023 0.6618
vn -0.5756 0.8177 -0.0062
vn -0.4394 0.8979 0.0270
vn -0.8241 0.5507 0.1329
vn -0.8805 0.4718 0.0464
vn -0.8926 0.4491 0.0402
vn -0.8555 0.5171 -0.0257
vn -0.9995 0.0300 -0.0069
vn -0.9987 0.0048 0.0516
vn -1.0000 0.0017 -0.0089
vn -0.9984 0.0033 0.0572
vn -0.9999 0.0029 -0.0147
vn 0.1720 0.7124 -0.6804
vn 0.1819 0.6898 -0.7008
vn 0.2363 0.2065 -0.9495
vn 0.2463 0.3167 -0.9160
vn 0.3412 0.2725 -0.8996
vn 0.1425 0.9136 -0.3808
vn 0.0869 0.9429 -0.3217
vn 0.2689 -0.0019 -0.9632
vn 0.3274 0.0048 -0.9449
vn 0.2217 0.0068 -0.9751
vn 0.5702 0.7371 0.3628
vn 0.5236 0.7505 0.4031
vn 0.6165 0.5990 0.5110
vn 0.7998 0.2519 0.5449
vn 0.7512 0.3749 0.5434
vn 0.2398 0.9547 0.1760
vn 0.8412 0.0049 0.5408
vn 0.8009 0.0016 0.5989
vn 0.8048 -0.0001 0.5936
vn -0.4827 0.8720 0.0809
vn -0.4754 0.8761 0.0808
vn -0.8324 0.5368 0.1380
vn -0.7162 0.6683 0.2010
vn -0.8409 0.5235 0.1375
vn -0.9445 0.2357 0.2287
vn -0.8253 0.5488 0.1327
vn -0.9905 0.0539 0.1263
vn -0.9911 -0.0021 0.1333
vn -0.9755 -0.0027 0.2199
vn -0.9868 0.0043 0.1619
vn -0.9680 0.0049 0.2510
vn 0.0692 0.8976 -0.4353
vn 0.0945 0.8529 -0.5134
vn 0.1014 0.6371 -0.7641
vn 0.0627 0.7509 -0.6574
vn 0.1002 0.1311 -0.9863
vn 0.1783 0.3772 -0.9088
vn 0.0893 0.0084 -0.9960
vn 0.1151 -0.0015 -0.9934
vn 0.1750 -0.0019 -0.9846
vn 0.5572 0.7936 0.2444
vn 0.6378 0.7203 0.2729
vn 0.5438 0.7817 0.3055
vn 0.5846 0.7239 0.3662
vn 0.7728 0.4783 0.4172
vn 0.8525 0.3502 0.3879
vn 0.8855 0.2589 0.3860
vn 0.8391 0.2302 0.4929
vn 0.2427 0.9590 0.1463
vn 0.7551 0.5539 0.3507
vn 0.8662 0.0011 0.4996
vn 0.8714 0.0040 0.4906
vn 0.9126 -0.0002 0.4089
vn -0.4498 0.8816 0.1428
vn -0.7333 0.6466 0.2102
vn -0.6435 0.7345 0.2156
vn -0.8827 0.3465 0.3174
vn -0.9114 0.2649 0.3150
vn -0.5367 0.8245 0.1795
vn -0.9487 0.2138 0.2330
vn -0.9445 -0.0023 0.3285
vn -0.9325 0.0054 0.3612
vn -0.9154 -0.0016 0.4026
vn 0.0167 0.8716 -0.4899
vn -0.0187 0.7911 -0.6114
vn 0.0603 0.6950 -0.7164
vn 0.0095 0.3562 -0.9343
vn -0.0089 0.2734 -0.9619
vn 0.0938 0.1661 -0.9816
vn -0.0512 0.7531 -0.6559
vn 0.0127 0.0031 -0.9999
vn -0.0674 0.0034 -0.9977
vn -0.0702 0.0039 -0.9975
vn 0.0141 0.0027 -0.9999
vn 0.4279 0.8913 0.1502
vn 0.8476 0.4681 0.2500
vn 0.7198 0.6364 0.2774
vn 0.9137 0.2655 0.3076
vn 0.8303 0.5099 0.2249
vn 0.9426 0.0002 0.3339
vn 0.9209 0.0052 0.3897
vn 0.9675 0.0036 0.2527
vn 0.9526 0.0055 0.3041
vn -0.2913 0.9462 0.1409
vn -0.5729 0.7744 0.2684
vn -0.6730 0.6635 0.3270
vn -0.8204 0.4326 0.3739
vn -0.8646 0.3024 0.4012
vn -0.8457 0.2156 0.4882
vn -0.9115 0.0984 0.3993
vn -0.8138 0.3204 0.4848
vn -0.3793 0.9029 0.2024
vn -0.7005 0.5856 0.4079
vn -0.8929 0.0054 0.4502
vn -0.8654 -0.0013 0.5011
vn -0.8589 0.0020 0.5122
vn -0.0678 0.8573 -0.5104
vn -0.1475 0.6909 -0.7077
vn -0.0473 0.7276 -0.6844
vn -0.1400 0.6004 -0.7873
vn -0.0923 0.3982 -0.9127
vn -0.1214 0.2882 -0.9498
vn -0.0635 0.0567 -0.9964
vn -0.2191 0.1403 -0.9656
vn -0.1283 -0.0012 -0.9917
vn -0.1582 0.0042 -0.9874
vn 0.5129 0.8506 0.1157
vn 0.4708 0.8786 0.0805
vn 0.6161 0.7775 0.1261
vn 0.8785 0.4349 0.1979
vn 0.8655 0.4673 0.1805
vn 0.8820 0.4632 0.0871
vn 0.9831 0.0014 0.1829
vn 0.9877 0.0043 0.1566
vn 0.9915 0.0009 0.1300
vn 0.9692 0.0051 0.2461
vn -0.4589 0.8343 0.3055
vn -0.5448 0.7617 0.3506
vn -0.7755 0.3680 0.5130
vn -0.6793 0.5277 0.5100
vn -0.8089 0.2691 0.5227
vn -0.7945 -0.2147 0.5681
vn -0.2784 0.9361 0.2151
vn -0.2405 0.9574 0.1597
vn -0.8169 0.0037 0.5768
vn -0.7971 0.0021 0.6038
vn -0.7710 0.0060 0.6369
vn -0.8187 0.0030 0.5742
vn -0.1326 0.8908 -0.4347
vn -0.1541 0.7883 -0.5957
vn -0.3022 0.4992 -0.8121
vn -0.2675 0.5081 -0.8187
vn -0.2317 0.4149 -0.8799
vn -0.3098 0.2897 -0.9056
vn -0.2681 0.4532 -0.8501
vn -0.1649 0.8623 -0.4787
vn -0.2119 -0.0025 -0.9773
vn -0.3143 -0.0012 -0.9493
vn -0.2562 0.0056 -0.9666
vn -0.3368 0.0049 -0.9416
vn 0.4656 0.8843 0.0342
vn 0.6588 0.7523 0.0086
vn 0.6587 0.7523 0.0086
vn 0.9666 0.2564 0.0031
vn 0.9299 0.3664 0.0330
vn 0.9717 0.1927 0.1368
vn 0.9961 0.0057 0.0881
vn 0.9993 -0.0019 0.0383
vn 1.0000 0.0050 -0.0024
vn -0.2615 0.9204 0.2907
vn -0.4440 0.8028 0.3980
vn -0.4723 0.7704 0.4282
vn -0.5793 0.5390 0.6115
vn -0.5743 0.5599 0.5973
vn -0.6562 0.5000 0.5651
vn -0.6818 0.4181 0.6003
vn -0.6773 0.0934 0.7297
vn -0.7265 0.2766 0.6291
vn -0.1557 0.9750 0.1588
vn -0.7408 -0.0013 0.6717
vn -0.7112 0.0050 0.7030
vn -0.6874 -0.0008 0.7263
vn -0.1462 0.9291 -0.3398
vn -0.2794 0.7797 -0.5604
vn -0.3455 0.5435 -0.7650
vn -0.3931 0.4074 -0.8243
vn -0.3981 0.2470 -0.8834
vn -0.4172 -0.0010 -0.9088
vn -0.4392 0.0051 -0.8984
vn 0.4941 0.8663 -0.0737
vn 0.7062 0.7023 -0.0899
vn 0.8742 0.4680 -0.1290
vn 0.8856 0.4635 -0.0311
vn 0.9426 0.3122 -0.1185
vn 0.9371 0.3436 -0.0622
vn 0.2575 0.9663 -0.0061
vn 0.4102 0.9116 -0.0260
vn 0.5974 0.8017 -0.0181
vn 0.8171 0.5750 -0.0412
vn 0.9904 -0.0003 -0.1380
vn 0.9990 0.0002 -0.0451
vn 0.9965 0.0057 -0.0837
vn 0.9864 0.0053 -0.1643
vn -0.2827 0.8703 0.4033
vn -0.4144 0.7103 0.5689
vn -0.4064 0.7286 0.5513
vn -0.3990 0.6892 0.6048
vn -0.5283 0.3881 0.7552
vn -0.6115 0.3747 0.6969
vn -0.5754 0.2462 0.7800
vn -0.1560 0.9676 0.1986
vn -0.6359 0.0045 0.7717
vn -0.6344 0.0040 0.7730
vn -0.5531 0.0055 0.8331
vn -0.5877 -0.0017 0.8090
vn -0.2254 0.9079 -0.3534
vn -0.3052 0.8689 -0.3898
vn -0.2861 0.8203 -0.4952
vn -0.4950 0.5290 -0.6893
vn -0.4601 0.5017 -0.7326
vn -0.3794 0.6376 -0.6705
vn -0.5513 0.4254 -0.7177
vn -0.5273 -0.1889 -0.8284
vn -0.4842 0.2143 -0.8483
vn -0.4815 0.6408 -0.5980
vn -0.4862 -0.0001 -0.8738
vn -0.6094 -0.0019 -0.7929
vn -0.5727 0.0043 -0.8198
vn -0.5437 0.0010 -0.8393
vn -0.5130 0.0042 -0.8584
vn 0.1353 0.9860 -0.0976
vn 0.5585 0.7206 -0.4108
vn 0.6541 0.5423 -0.5274
vn 0.8207 0.0807 -0.5657
vn 0.8191 0.0005 -0.5736
vn 0.8017 0.0029 -0.5977
vn 0.0289 0.9913 0.1283
vn 0.0934 0.9524 0.2903
vn 0.3062 0.4648 0.8308
vn 0.3452 0.0006 0.9385
vn 0.2169 0.0020 0.9762
vn 0.3510 0.0011 0.9364
vn -0.1690 0.9853 -0.0241
vn -0.2742 0.9616 0.0123
vn -0.6222 0.7827 0.0177
vn -0.5676 0.8233 -0.0010
vn -0.8719 0.4865 -0.0557
vn -0.8091 0.5875 -0.0122
vn -0.9960 0.0144 -0.0885
vn -0.9475 0.3163 0.0460
vn -0.9962 0.0016 -0.0867
vn -0.9976 0.0030 -0.0687
vn 0.1423 0.9768 -0.1602
vn 0.3383 0.8983 -0.2804
vn 0.6282 0.5993 -0.4963
vn 0.6574 0.3332 -0.6758
vn 0.3354 0.9011 -0.2747
vn 0.5510 0.6959 -0.4605
vn 0.6944 -0.0001 -0.7196
vn 0.6915 0.0002 -0.7223
vn 0.0908 0.9689 0.2302
vn 0.1813 0.9073 0.3794
vn 0.1813 0.8964 0.4045
vn 0.4407 0.4531 0.7749
vn 0.2047 0.6281 0.7507
vn 0.3797 0.5474 0.7458
vn 0.4577 0.0031 0.8891
vn -0.7893 0.5931 0.1587
vn -0.9779 0.1415 0.1540
vn -0.9975 0.0015 0.0706
vn -0.9986 0.0002 0.0529
vn 0.1273 0.9788 -0.1606
vn 0.2635 0.9110 -0.3172
vn 0.4417 0.6952 -0.5671
vn 0.4811 0.6477 -0.5908
vn 0.5150 0.3577 -0.7790
vn 0.6259 0.1196 -0.7707
vn 0.5505 -0.0002 -0.8348
vn 0.5788 0.0029 -0.8155
vn 0.2806 0.8799 0.3836
vn 0.4834 0.0012 0.8754
vn 0.6067 0.0029 0.7949
vn -0.1697 0.9843 0.0491
vn -0.2109 0.9762 0.0503
vn -0.3342 0.9372 0.1002
vn -0.3373 0.9360 0.1003
vn -0.5488 0.8343 0.0525
vn -0.9108 0.3398 0.2344
vn -0.9688 -0.0009 0.2480
vn -0.9801 0.0033 0.1985
vn 0.0867 0.9704 -0.2253
vn 0.1498 0.9158 -0.3727
vn 0.2597 0.8929 -0.3679
vn 0.3162 0.7751 -0.5470
vn 0.3587 0.5119 -0.7805
vn 0.1050 0.9878 0.1151
vn 0.1428 0.9726 0.1837
vn 0.1856 0.9578 0.2195
vn 0.2729 0.9078 0.3184
vn 0.4432 0.6966 0.5641
vn 0.5564 0.5299 0.6400
vn 0.5869 0.3677 0.7214
vn 0.6433 -0.0012 0.7656
vn -0.5491 0.7983 0.2475
vn -0.6459 0.7271 0.2326
vn -0.8672 0.3363 0.3674
vn -0.8881 0.2087 0.4096
vn -0.9210 0.0033 0.3895
vn -0.9155 0.0021 0.4023
vn 0.0495 0.9937 -0.1002
vn 0.1419 0.9458 -0.2923
vn 0.1730 0.7756 -0.6070
vn 0.3445 0.3320 -0.8781
vn 0.4264 0.2031 -0.8815
vn 0.3716 -0.0002 -0.9284
vn 0.2987 0.0026 -0.9544
vn 0.4090 0.0023 -0.9125
vn -0.0360 0.9572 -0.2871
vn -0.1073 0.4038 -0.9085
vn -0.1158 0.0045 -0.9933
vn -0.0815 0.0001 -0.9967
vn 0.3279 0.9121 0.2463
vn 0.3661 0.8617 0.3513
vn 0.6371 0.6021 0.4812
vn 0.7307 0.3427 0.5904
vn 0.7265 0.3999 0.5589
vn 0.7318 0.0033 0.6815
vn -0.3104 0.9271 0.2101
vn -0.5704 0.7272 0.3819
vn -0.7094 0.5055 0.4912
vn -0.8544 0.0752 0.5141
vn -0.4721 0.8347 0.2836
vn -0.8502 0.0010 0.5264
vn -0.8374 0.0023 0.5465
vn 0.0277 0.9761 -0.2156
vn 0.1431 0.7457 -0.6507
vn 0.1452 0.7027 -0.6965
vn 0.2582 0.5540 -0.7915
vn 0.2143 0.1491 -0.9653
vn 0.0169 0.9874 -0.1575
vn 0.2335 0.0010 -0.9724
vn 0.2019 0.0026 -0.9794
vn -0.0050 0.9930 -0.1184
vn -0.0822 0.8293 -0.5527
vn -0.2459 0.3791 -0.8921
vn -0.1239 0.7267 -0.6757
vn -0.0406 0.9636 -0.2641
vn -0.1505 0.2955 -0.9434
vn -0.2283 0.0031 -0.9736
vn 0.1396 0.9870 0.0796
vn 0.3075 0.9213 0.2380
vn 0.2328 0.9627 0.1379
vn 0.4090 0.8792 0.2445
vn 0.5280 0.8083 0.2604
vn 0.8383 0.3397 0.4265
vn 0.7400 0.5072 0.4417
vn 0.8795 0.0005 0.4759
vn 0.7961 -0.0012 0.6052
vn 0.8367 0.0030 0.5477
vn -0.1239 0.9888 0.0837
vn -0.3395 0.9091 0.2413
vn -0.6894 0.3369 0.6412
vn -0.1693 0.9761 0.1363
vn -0.6229 0.6777 0.3907
vn -0.5849 0.5973 0.5488
vn -0.3442 0.8808 0.3253
vn -0.7789 -0.0004 0.6272
vn -0.7435 0.0025 0.6687
vn 0.0467 0.8921 -0.4494
vn 0.0508 0.6704 -0.7402
vn 0.0388 0.7281 -0.6844
vn 0.0438 0.3033 -0.9519
vn 0.0703 0.4035 -0.9123
vn 0.0581 -0.0004 -0.9983
vn 0.0916 0.0018 -0.9958
vn -0.0426 0.9887 -0.1439
vn -0.2521 0.5246 -0.8132
vn -0.3039 0.4370 -0.8466
vn -0.1062 0.9111 -0.3982
vn -0.3084 -0.0007 -0.9513
vn -0.4361 -0.0000 -0.8999
vn -0.3756 0.0028 -0.9268
vn 0.2286 0.9695 0.0885
vn 0.4228 0.8949 0.1431
vn 0.7672 0.6012 0.2236
vn 0.7984 0.5333 0.2797
vn 0.9092 0.2247 0.3504
vn 0.0779 0.9965 0.0311
vn 0.9435 0.0005 0.3314
vn 0.9493 0.0017 0.3142
vn 0.9006 0.0025 0.4347
vn -0.1642 0.9659 0.2002
vn -0.3823 0.8245 0.4172
vn -0.6658 0.4831 0.5687
vn -0.6766 0.0705 0.7330
vn -0.4198 0.6846 0.5959
vn -0.6756 0.0009 0.7373
vn -0.6523 0.0022 0.7579
vn -0.0573 0.9920 -0.1125
vn -0.1462 0.9564 -0.2529
vn -0.1576 0.9438 -0.2905
vn -0.2665 0.8512 -0.4521
vn -0.3994 0.6388 -0.6576
vn -0.5159 0.4184 -0.7475
vn -0.3553 0.5639 -0.7455
vn -0.2608 0.8649 -0.4289
vn -0.5399 0.0027 -0.8417
vn 0.1711 0.9840 0.0494
vn 0.2762 0.9595 0.0554
vn 0.5404 0.8366 0.0902
vn 0.7899 0.5896 0.1687
vn -0.2197 0.9094 0.3531
vn -0.4094 0.7162 0.5652
vn -0.5830 0.3267 0.7439
vn -0.5928 -0.0001 0.8053
vn -0.5301 0.0025 0.8480
vn -0.5236 0.2566 -0.8124
vn -0.5688 -0.0001 -0.8224
vn 0.7811 0.6039 0.1588
vn 0.9582 0.2554 0.1288
vn 0.3911 0.9147 0.1021
vn 0.8550 0.5186 -0.0044
vn 0.9867 -0.0000 0.1624
vn 0.9884 0.0010 0.1520
vn -0.0773 0.9860 0.1481
vn -0.0767 0.9879 0.1349
vn -0.1835 0.9168 0.3548
vn -0.2542 0.6703 0.6972
vn -0.2493 0.7921 0.5571
vn -0.3819 0.3295 0.8635
vn -0.4065 0.4188 0.8120
vn -0.1707 0.8612 0.4788
vn -0.1306 0.9485 0.2887
vn -0.4850 0.0002 0.8745
vn -0.3746 0.0016 0.9272
vn -0.4010 0.0028 0.9161
vn -0.1027 0.9881 -0.1143
vn -0.2180 0.9575 -0.1887
vn -0.2815 0.9127 -0.2963
vn -0.3915 0.8399 -0.3759
vn -0.4975 0.7331 -0.4638
vn -0.5276 0.6336 -0.5659
vn -0.6816 0.2404 -0.6911
vn -0.6714 0.2687 -0.6907
vn -0.6848 0.0005 -0.7288
vn -0.6793 0.0010 -0.7338
vn 0.2055 0.9785 -0.0159
vn 0.1890 0.9820 -0.0052
vn 0.3795 0.9248 0.0278
vn 0.8309 0.5558 -0.0261
vn 0.9997 0.0022 -0.0263
vn 0.9997 0.0019 -0.0231
vn -0.3856 0.3205 0.8652
vn -0.2458 -0.0006 0.9693
vn -0.3124 0.0026 0.9499
vn -0.1023 0.9903 -0.0937
vn -0.4679 0.8290 -0.3064
vn -0.5961 0.7128 -0.3696
vn -0.7266 0.3788 -0.5732
vn -0.8498 0.1482 -0.5058
vn -0.8090 -0.0008 -0.5878
vn -0.7792 0.0024 -0.6267
vn 0.3963 0.9111 -0.1136
vn 0.7523 0.6403 -0.1552
vn 0.8366 0.5063 -0.2091
vn 0.9374 0.2892 -0.1941
vn 0.4505 0.8921 -0.0331
vn 0.9719 0.0017 -0.2353
vn 0.9768 -0.0007 -0.2140
vn -0.0018 0.9907 0.1360
vn -0.0361 0.9746 0.2208
vn -0.0455 0.8472 0.5293
vn -0.1389 0.4801 0.8662
vn -0.1124 0.1948 0.9744
vn -0.2106 0.4405 0.8727
vn -0.1412 0.0039 0.9900
vn -0.1485 0.9876 -0.0514
vn -0.2795 0.9511 -0.1312
vn -0.6278 0.6619 -0.4095
vn -0.8737 0.3245 -0.3624
vn -0.9054 -0.0008 -0.4245
vn -0.8600 0.0026 -0.5103
vn 0.1820 0.9799 -0.0822
vn 0.4395 0.8918 -0.1072
vn 0.1731 0.9837 -0.0486
vn 0.8874 0.2407 -0.3932
vn 0.9502 0.0027 -0.3117
vn -0.0600 0.8913 0.4494
vn -0.0469 0.9020 0.4293
vn 0.0392 0.6133 0.7889
vn 0.0166 0.1395 0.9901
vn -0.0554 0.4210 0.9054
vn -0.0434 -0.0027 0.9991
vn 0.0614 0.0035 0.9981
vn -0.2262 0.9667 -0.1199
vn -0.3921 0.9069 -0.1542
vn -0.7173 0.6455 -0.2623
vn -0.8183 0.4376 -0.3727
vn -0.9176 0.0013 -0.3975
vn -0.9567 0.0035 -0.2910
vn 0.3229 0.9271 -0.1905
vn 0.4360 0.8742 -0.2138
vn 0.6575 0.6824 -0.3194
vn 0.6372 0.7025 -0.3170
vn 0.8357 0.3655 -0.4099
vn 0.9130 -0.0011 -0.4080
vn 0.8892 0.0026 -0.4576
vn 0.0257 0.9797 0.1990
vn 0.0853 0.9264 0.3668
vn 0.0622 0.8954 0.4409
vn 0.1106 -0.4147 0.9032
vn 0.1019 0.5065 0.8562
vn 0.1179 0.5509 0.8262
vn 0.1882 0.2860 0.9396
vn 0.0234 0.9820 0.1876
vn 0.1760 -0.0009 0.9844
vn -0.2062 0.9784 -0.0175
vn -0.3914 0.9170 -0.0767
vn -0.4888 0.8692 -0.0746
vn -0.6268 0.7628 -0.1589
vn -0.8639 0.4528 -0.2208
vn -0.7910 0.5945 -0.1448
vn -0.9680 0.0001 -0.2510
vn 0.0250 0.8970 -0.4414
vn 0.0763 0.5832 -0.8087
vn 0.0583 0.9805 -0.1876
vn 0.0698 0.9433 -0.3244
vn 0.0594 0.9812 -0.1837
vn 0.2890 0.6662 -0.6875
vn 0.2065 0.7435 -0.6360
vn 0.0155 0.9996 -0.0225
vn 0.1820 0.9363 -0.3002
vn 0.1952 0.9350 -0.2962
vn 0.4198 0.7540 -0.5053
vn 0.4708 0.6446 -0.6023
vn 0.0950 0.9914 -0.0903
vn 0.4801 0.7474 -0.4592
vn 0.1454 0.9840 -0.1031
vn 0.3528 0.9053 -0.2366
vn 0.0885 0.9956 -0.0313
vn 0.4941 0.8259 -0.2717
vn 0.5206 0.8338 -0.1839
vn 0.1399 0.9899 -0.0221
vn 0.3095 0.9490 -0.0603
vn 0.1236 0.9923 -0.0091
vn 0.6626 0.7490 0.0057
vn 0.6241 0.7805 -0.0352
vn 0.3447 0.9365 0.0642
vn 0.5441 0.8356 0.0749
vn 0.7047 0.6951 0.1423
vn 0.0836 0.9956 0.0428
vn 0.2656 0.9578 0.1096
vn 0.2664 0.9576 0.1098
vn 0.7756 0.5540 0.3024
vn 0.5657 0.7649 0.3082
vn 0.6462 0.6887 0.3287
vn 0.0658 0.9967 0.0473
vn 0.1612 0.9771 0.1392
vn 0.5687 0.6926 0.4438
vn 0.2505 0.9312 0.2648
vn 0.2837 0.9116 0.2976
vn 0.4654 0.6526 0.5980
vn 0.4927 0.6072 0.6234
vn 0.1033 0.9759 0.1919
vn 0.0235 0.9994 0.0248
vn 0.1034 0.9760 0.1917
vn 0.1583 0.9170 0.3662
vn 0.3050 0.7233 0.6195
vn 0.0326 0.9936 0.1080
vn 0.0221 0.9885 0.1495
vn 0.0681 0.9025 0.4252
vn 0.0688 0.9184 0.3897
vn 0.1128 0.6885 0.7164
vn -0.0096 0.9946 0.1038
vn -0.0248 0.9897 0.1411
vn -0.0544 0.9108 0.4091
vn -0.0689 0.8829 0.4644
vn -0.0460 0.5827 0.8114
vn -0.1576 0.7975 0.5824
vn -0.0615 0.9876 0.1442
vn -0.1407 0.9546 0.2625
vn -0.2401 0.7824 0.5746
vn -0.2435 0.7970 0.5526
vn -0.2178 0.9361 0.2762
vn -0.0232 0.9993 0.0279
vn -0.4215 0.5991 0.6808
vn -0.4057 0.7336 0.5452
vn -0.2121 0.9504 0.2274
vn -0.6452 0.4443 0.6215
vn -0.0675 0.9961 0.0560
vn -0.4558 0.8155 0.3566
vn -0.4862 0.8103 0.3271
vn -0.1274 0.9910 0.0420
vn -0.3485 0.9233 0.1614
vn -0.1394 0.9887 0.0550
vn -0.7101 0.6670 0.2256
vn -0.2115 0.9769 0.0299
vn -0.2024 0.9793 0.0072
vn -0.7424 0.6538 0.1462
vn -0.8084 0.5756 0.1232
vn -0.2622 0.9650 0.0057
vn -0.6014 0.7976 -0.0459
vn -0.6385 0.7684 -0.0422
vn -0.5764 0.8091 -0.1145
vn -0.1528 0.9871 -0.0482
vn -0.1939 0.9781 -0.0751
vn -0.3429 0.9316 -0.1207
vn -0.0311 0.9995 -0.0053
vn -0.6239 0.7224 -0.2981
vn -0.1456 0.9834 -0.1085
vn -0.1699 0.9753 -0.1413
vn -0.6138 0.6770 -0.4061
vn -0.6481 0.6159 -0.4479
vn -0.1675 0.9776 -0.1275
vn -0.3249 0.8735 -0.3625
vn -0.0695 0.9895 -0.1266
vn -0.0861 0.9804 -0.1773
vn -0.2642 0.8655 -0.4256
vn -0.3291 0.7561 -0.5657
vn -0.3298 0.6717 -0.6634
vn -0.0034 0.9999 -0.0112
vn -0.0699 0.9717 -0.2257
vn -0.1444 0.8255 -0.5455
vn -0.1383 0.7283 -0.6711
vn -0.0028 0.9973 -0.0731
vn -0.0251 0.9844 -0.1740
vn 0.0077 0.9057 -0.4239
vn -0.1127 0.7122 -0.6929
vn 0.1207 -0.6778 -0.7253
vn 0.1316 -0.5515 -0.8237
vn 0.0994 -0.3913 -0.9149
vn 0.0919 -0.2768 -0.9565
vn 0.2959 -0.7875 -0.5407
vn 0.0914 -0.2772 -0.9565
vn 0.0798 -0.1554 -0.9846
vn 0.2440 -0.6697 -0.7013
vn 0.2896 -0.6247 -0.7252
vn 0.2052 -0.5267 -0.8249
vn 0.2375 -0.4603 -0.8554
vn 0.1837 -0.8373 -0.5150
vn 0.3060 -0.7170 -0.6263
vn 0.0381 0.0518 -0.9979
vn 0.1335 -0.4970 -0.8574
vn 0.1587 -0.3031 -0.9396
vn 0.0688 -0.0405 -0.9968
vn 0.0738 -0.0184 -0.9971
vn 0.0028 -0.8558 -0.5173
vn 0.0594 -0.7471 -0.6620
vn -0.0298 -0.7221 -0.6912
vn -0.0297 -0.6449 -0.7637
vn 0.0426 -0.5958 -0.8020
vn -0.0412 -0.4623 -0.8858
vn 0.0444 -0.2070 -0.9773
vn -0.1691 -0.8084 -0.5638
vn -0.0265 -0.4531 -0.8911
vn 0.0302 -0.3226 -0.9460
vn -0.0214 -0.2695 -0.9628
vn 0.0749 -0.1253 -0.9893
vn -0.1305 -0.8050 -0.5788
vn -0.1129 -0.7147 -0.6902
vn -0.2778 -0.6246 -0.7298
vn -0.1582 -0.5501 -0.8200
vn 0.1046 0.0037 -0.9945
vn -0.1970 -0.7874 -0.5842
vn -0.0336 -0.4990 -0.8660
vn -0.0254 -0.4539 -0.8907
vn 0.0445 -0.7884 -0.6135
vn 0.0888 -0.6861 -0.7220
vn 0.0555 0.2026 -0.9777
vn 0.0173 0.1364 -0.9905
vn 0.1472 0.1212 -0.9816
vn -0.1098 -0.8965 -0.4293
vn 0.2010 -0.8916 -0.4057
vn 0.1886 -0.8693 -0.4569
vn 0.2250 -0.6778 -0.7000
vn 0.2501 -0.5515 -0.7958
vn 0.2316 -0.3913 -0.8907
vn 0.2302 -0.2768 -0.9330
vn 0.3715 -0.7875 -0.4918
vn 0.2297 -0.2771 -0.9330
vn 0.2215 -0.1442 -0.9644
vn 0.3435 -0.6698 -0.6583
vn 0.3921 -0.6247 -0.6752
vn 0.3231 -0.5267 -0.7862
vn 0.3595 -0.4602 -0.8117
vn 0.2567 -0.8373 -0.4827
vn 0.3939 -0.7170 -0.5751
vn 0.2569 -0.4970 -0.8288
vn 0.2938 -0.3031 -0.9065
vn 0.2165 -0.0433 -0.9753
vn 0.2251 -0.0091 -0.9743
vn 0.0781 -0.8558 -0.5114
vn 0.1552 -0.7471 -0.6463
vn 0.0712 -0.7221 -0.6881
vn 0.0818 -0.6449 -0.7599
vn 0.1590 -0.5958 -0.7873
vn 0.0883 -0.4623 -0.8823
vn 0.1899 -0.1813 -0.9649
vn -0.0852 -0.8084 -0.5824
vn 0.1035 -0.4531 -0.8854
vn 0.1676 -0.3226 -0.9316
vn 0.1190 -0.2695 -0.9556
vn 0.2181 -0.1206 -0.9685
vn -0.0448 -0.8050 -0.5916
vn -0.0112 -0.7147 -0.6993
vn -0.1686 -0.6246 -0.7626
vn -0.0372 -0.5501 -0.8343
vn 0.2670 0.0324 -0.9632
vn -0.1098 -0.7874 -0.6066
vn 0.0928 -0.4989 -0.8617
vn 0.1046 -0.4539 -0.8849
vn 0.1334 -0.7885 -0.6004
vn 0.1931 -0.6861 -0.7015
vn 0.1485 0.0794 -0.9857
vn 0.1526 0.1348 -0.9791
vn 0.1957 0.1697 -0.9659
vn 0.2694 0.1081 -0.9569
vn -0.0461 -0.8965 -0.4406
vn 0.2579 -0.8916 -0.3721
vn 0.2532 -0.8693 -0.4246
vn 0.3245 -0.6777 -0.6598
vn 0.3633 -0.5515 -0.7509
vn 0.3588 -0.3913 -0.8475
vn 0.3635 -0.2768 -0.8895
vn 0.4392 -0.7875 -0.4325
vn 0.3631 -0.2771 -0.8896
vn 0.3589 -0.1322 -0.9240
vn 0.4357 -0.6698 -0.6013
vn 0.4862 -0.6247 -0.6110
vn 0.4342 -0.5267 -0.7308
vn 0.4739 -0.4602 -0.7508
vn 0.3243 -0.8373 -0.4402
vn 0.4734 -0.7170 -0.5116
vn 0.3493 -0.1432 -0.9260
vn 0.3495 -0.0169 -0.9368
vn 0.3749 -0.4970 -0.7826
vn 0.4227 -0.3031 -0.8541
vn 0.3576 -0.0466 -0.9327
vn 0.1517 -0.8558 -0.4946
vn 0.2477 -0.7471 -0.6169
vn 0.1706 -0.7221 -0.6704
vn 0.1916 -0.6449 -0.7399
vn 0.2719 -0.5958 -0.7557
vn 0.2158 -0.4622 -0.8601
vn 0.3377 -0.1202 -0.9335
vn 0.0005 -0.8084 -0.5886
vn 0.2313 -0.4531 -0.8609
vn 0.3015 -0.3226 -0.8972
vn 0.2569 -0.2695 -0.9281
vn 0.0418 -0.8050 -0.5919
vn 0.0907 -0.7147 -0.6935
vn -0.0557 -0.6246 -0.7789
vn 0.0847 -0.5501 -0.8308
vn 0.3805 0.0901 -0.9204
vn -0.0203 -0.7874 -0.6162
vn 0.2173 -0.4990 -0.8390
vn 0.2323 -0.4540 -0.8602
vn 0.2194 -0.7885 -0.5746
vn 0.2931 -0.6861 -0.6658
vn 0.3210 0.1674 -0.9321
vn 0.0160 -0.8856 -0.4642
vn 0.2713 -0.8902 -0.3659
vn 0.4171 -0.6778 -0.6055
vn 0.4688 -0.5515 -0.6900
vn 0.4784 -0.3913 -0.7861
vn 0.4892 -0.2768 -0.8271
vn 0.4974 -0.7875 -0.3639
vn 0.4888 -0.2771 -0.8272
vn 0.4901 -0.1494 -0.8588
vn 0.5186 -0.6698 -0.5315
vn 0.5700 -0.6247 -0.5337
vn 0.5360 -0.5267 -0.6598
vn 0.5781 -0.4603 -0.6738
vn 0.4414 0.1063 -0.8910
vn 0.3850 -0.8373 -0.3883
vn 0.5429 -0.7170 -0.4372
vn 0.4793 -0.0068 -0.8776
vn 0.4788 0.0385 -0.8771
vn 0.4848 -0.4970 -0.7197
vn 0.5425 -0.3032 -0.7834
vn 0.4850 -0.1558 -0.8605
vn 0.4892 -0.0379 -0.8713
vn 0.2221 -0.8558 -0.4672
vn 0.3348 -0.7471 -0.5742
vn 0.2664 -0.7221 -0.6384
vn 0.2972 -0.6449 -0.7041
vn 0.3790 -0.5958 -0.7081
vn 0.3387 -0.4623 -0.8195
vn 0.4694 -0.1242 -0.8742
vn 0.0862 -0.8084 -0.5823
vn 0.3543 -0.4531 -0.8180
vn 0.4289 -0.3226 -0.8438
vn 0.3893 -0.2695 -0.8808
vn 0.1275 -0.8050 -0.5795
vn 0.1907 -0.7147 -0.6729
vn 0.0583 -0.6246 -0.7788
vn 0.2048 -0.5501 -0.8096
vn 0.0696 -0.7874 -0.6125
vn 0.3371 -0.4989 -0.7984
vn 0.3551 -0.4539 -0.8172
vn 0.3006 -0.7885 -0.5365
vn 0.3869 -0.6860 -0.6161
vn 0.5494 0.1090 -0.8284
vn 0.0834 -0.8856 -0.4569
vn 0.3217 -0.8902 -0.3226
vn 0.5009 -0.6778 -0.5383
vn 0.5643 -0.5515 -0.6144
vn 0.5877 -0.3913 -0.7082
vn 0.6044 -0.2769 -0.7471
vn 0.5451 -0.7875 -0.2876
vn 0.6040 -0.2771 -0.7473
vn 0.6099 -0.1411 -0.7798
vn 0.5905 -0.6698 -0.4503
vn 0.6416 -0.6247 -0.4450
vn 0.6263 -0.5267 -0.5747
vn 0.6701 -0.4602 -0.5824
vn 0.4374 -0.8373 -0.3282
vn 0.6007 -0.7171 -0.3535
vn 0.6048 -0.1483 -0.7824
vn 0.6063 -0.0133 -0.7951
vn 0.5994 0.0530 -0.7987
vn 0.5844 -0.4970 -0.6414
vn 0.6508 -0.3032 -0.6961
vn 0.6079 -0.0174 -0.7939
vn 0.2878 -0.8558 -0.4299
vn 0.4149 -0.7471 -0.5193
vn 0.3565 -0.7221 -0.5928
vn 0.3966 -0.6449 -0.6533
vn 0.4781 -0.5958 -0.6454
vn 0.4544 -0.4623 -0.7614
vn 0.5919 -0.1228 -0.7966
vn 0.1700 -0.8084 -0.5635
vn 0.4417 -0.4698 -0.7643
vn 0.5077 -0.3702 -0.7780
vn 0.5472 -0.3226 -0.7723
vn 0.5012 -0.2511 -0.8281
vn 0.2105 -0.8050 -0.5547
vn 0.2866 -0.7147 -0.6379
vn 0.1710 -0.6246 -0.7620
vn 0.3205 -0.5501 -0.7712
vn 0.1580 -0.7874 -0.5959
vn 0.4414 -0.5027 -0.7433
vn 0.6481 0.1450 -0.7476
vn 0.3756 -0.7885 -0.4871
vn 0.4725 -0.6861 -0.5532
vn 0.6496 0.1379 -0.7477
vn 0.1453 -0.8965 -0.4186
vn 0.3915 -0.8916 -0.2275
vn 0.4095 -0.8693 -0.2770
vn 0.5739 -0.6778 -0.4596
vn 0.6592 -0.5273 -0.5361
vn 0.7094 -0.3226 -0.6266
vn 0.7184 -0.2637 -0.6437
vn 0.5812 -0.7875 -0.2052
vn 0.7049 -0.2876 -0.6483
vn 0.7172 -0.1282 -0.6849
vn 0.6497 -0.6698 -0.3595
vn 0.6996 -0.6247 -0.3468
vn 0.7021 -0.5092 -0.4978
vn 0.7037 -0.5073 -0.4974
vn 0.7317 -0.3946 -0.5558
vn 0.7102 0.0059 -0.7040
vn 0.4804 -0.8373 -0.2609
vn 0.6458 -0.7170 -0.2623
vn 0.7125 -0.1354 -0.6885
vn 0.6933 0.0965 -0.7142
vn 0.7003 -0.0380 -0.7128
vn 0.3473 -0.8558 -0.3834
vn 0.4861 -0.7471 -0.4534
vn 0.4390 -0.7221 -0.5346
vn 0.4875 -0.6449 -0.5886
vn 0.5670 -0.5958 -0.5689
vn 0.5598 -0.4568 -0.6913
vn 0.6901 -0.0958 -0.7173
vn 0.2503 -0.8084 -0.5328
vn 0.5800 -0.4305 -0.6916
vn 0.6562 -0.2894 -0.6969
vn 0.6559 -0.2806 -0.7008
vn 0.6979 -0.1809 -0.6930
vn 0.7305 0.1222 -0.6719
vn 0.2891 -0.8050 -0.5181
vn 0.3765 -0.7147 -0.5894
vn 0.2802 -0.6246 -0.7289
vn 0.4294 -0.5501 -0.7163
vn 0.5792 -0.4387 -0.6871
vn 0.7616 0.0621 -0.6451
vn 0.2431 -0.7874 -0.5665
vn 0.5528 -0.4990 -0.6674
vn 0.5814 -0.4414 -0.6835
vn 0.4425 -0.7885 -0.4272
vn 0.5480 -0.6860 -0.4785
vn 0.2115 -0.8856 -0.4135
vn 0.4010 -0.8902 -0.2162
vn 0.6347 -0.6778 -0.3711
vn 0.7173 -0.5515 -0.4258
vn 0.7664 -0.3908 -0.5097
vn 0.7982 -0.2834 -0.5316
vn 0.6049 -0.7875 -0.1183
vn 0.7994 -0.2819 -0.5305
vn 0.8013 -0.1970 -0.5649
vn 0.6952 -0.6698 -0.2610
vn 0.7427 -0.6246 -0.2413
vn 0.7653 -0.5267 -0.3699
vn 0.8094 -0.4602 -0.3647
vn 0.5133 -0.8373 -0.1882
vn 0.6771 -0.7170 -0.1655
vn 0.7875 0.0540 -0.6140
vn 0.7444 -0.4970 -0.4458
vn 0.8238 -0.3032 -0.4791
vn 0.8101 -0.1710 -0.5608
vn 0.8071 -0.0823 -0.5847
vn 0.8128 -0.0237 -0.5820
vn 0.3994 -0.8558 -0.3288
vn 0.5469 -0.7471 -0.3778
vn 0.5122 -0.7221 -0.4650
vn 0.5680 -0.6449 -0.5114
vn 0.6437 -0.5958 -0.4803
vn 0.6545 -0.4623 -0.5982
vn 0.8099 0.1206 -0.5741
vn 0.7962 -0.1237 -0.5923
vn 0.3252 -0.8084 -0.4906
vn 0.6680 -0.4531 -0.5903
vn 0.7465 -0.3226 -0.5819
vn 0.7263 -0.2695 -0.6323
vn 0.3614 -0.8049 -0.4706
vn 0.4583 -0.7147 -0.5283
vn 0.3833 -0.6246 -0.6804
vn 0.5291 -0.5501 -0.6461
vn 0.8426 0.0188 -0.5382
vn 0.8313 0.1160 -0.5436
vn 0.3230 -0.7874 -0.5251
vn 0.6441 -0.4989 -0.5798
vn 0.6684 -0.4539 -0.5892
vn 0.5000 -0.7885 -0.3582
vn 0.6118 -0.6861 -0.3937
vn 0.2695 -0.8856 -0.3783
vn 0.4282 -0.8902 -0.1555
vn 0.6821 -0.6777 -0.2747
vn 0.7717 -0.5515 -0.3167
vn 0.8327 -0.3913 -0.3917
vn 0.8643 -0.2768 -0.4199
vn 0.6157 -0.7875 -0.0290
vn 0.8641 -0.2771 -0.4202
vn 0.8838 -0.1342 -0.4483
vn 0.7257 -0.6698 -0.1571
vn 0.7699 -0.6247 -0.1306
vn 0.8110 -0.5267 -0.2545
vn 0.8539 -0.4603 -0.2429
vn 0.5353 -0.8373 -0.1115
vn 0.6940 -0.7170 -0.0651
vn 0.8785 -0.1446 -0.4554
vn 0.8856 -0.0090 -0.4644
vn 0.8014 -0.4970 -0.3327
vn 0.8848 -0.3031 -0.3540
vn 0.8855 -0.0081 -0.4646
vn 0.4430 -0.8558 -0.2671
vn 0.5961 -0.7471 -0.2941
vn 0.5745 -0.7221 -0.3854
vn 0.6364 -0.6449 -0.4232
vn 0.7068 -0.5958 -0.3814
vn 0.7347 -0.4623 -0.4965
vn 0.8666 -0.1130 -0.4861
vn 0.8925 0.0794 -0.4441
vn 0.3931 -0.8084 -0.4381
vn 0.7220 -0.4715 -0.5064
vn 0.7980 -0.3572 -0.4854
vn 0.7994 -0.3280 -0.5035
vn 0.8678 -0.1941 -0.4574
vn 0.4261 -0.8050 -0.4129
vn 0.5303 -0.7147 -0.4560
vn 0.4783 -0.6246 -0.6173
vn 0.6175 -0.5501 -0.5622
vn 0.3960 -0.7874 -0.4724
vn 0.7121 -0.5044 -0.4883
vn 0.5468 -0.7885 -0.2815
vn 0.6626 -0.6861 -0.3003
vn 0.8500 0.1581 -0.5025
vn 0.9069 0.1095 -0.4069
vn 0.3217 -0.8856 -0.3351
vn 0.4463 -0.8902 -0.0915
vn 0.7147 -0.6778 -0.1727
vn 0.8240 -0.5280 -0.2055
vn 0.8974 -0.3317 -0.2908
vn 0.6133 -0.7875 0.0609
vn 0.9204 -0.2863 -0.2663
vn 0.9263 -0.2033 -0.3173
vn 0.7409 -0.6698 -0.0497
vn 0.7807 -0.6247 -0.0171
vn 0.8471 -0.5090 -0.1528
vn 0.8753 -0.4658 -0.1297
vn 0.5458 -0.8373 -0.0323
vn 0.6961 -0.7170 0.0367
vn 0.9426 0.0512 -0.3300
vn 0.8414 -0.4970 -0.2124
vn 0.9269 -0.3031 -0.2214
vn 0.9399 -0.0522 -0.3375
vn 0.9469 0.0053 -0.3216
vn 0.4772 -0.8558 -0.1998
vn 0.6326 -0.7471 -0.2043
vn 0.6244 -0.7221 -0.2977
vn 0.6912 -0.6449 -0.3261
vn 0.7548 -0.5958 -0.2744
vn 0.7991 -0.4623 -0.3843
vn 0.8914 -0.2969 -0.3424
vn 0.4527 -0.8084 -0.3762
vn 0.8097 -0.4532 -0.3729
vn 0.8825 -0.3226 -0.3422
vn 0.8777 -0.2695 -0.3962
vn 0.9405 -0.1234 -0.3167
vn 0.4817 -0.8050 -0.3465
vn 0.5911 -0.7147 -0.3739
vn 0.5631 -0.6246 -0.5411
vn 0.6928 -0.5501 -0.4663
vn 0.9629 -0.0053 -0.2697
vn 0.4606 -0.7874 -0.4097
vn 0.7838 -0.4990 -0.3696
vn 0.8098 -0.4539 -0.3717
vn 0.5820 -0.7885 -0.1990
vn 0.6993 -0.6861 -0.2007
vn 0.9197 -0.0517 -0.3892
vn 0.9441 0.1515 -0.2929
vn 0.3671 -0.8856 -0.2846
vn 0.4549 -0.8902 -0.0256
vn 0.7323 -0.6777 -0.0666
vn 0.8302 -0.5515 -0.0810
vn 0.9103 -0.3913 -0.1352
vn 0.9486 -0.2769 -0.1530
vn 0.6023 -0.7918 0.1011
vn 0.9486 -0.2770 -0.1533
vn 0.9672 -0.2025 -0.1531
vn 0.7401 -0.6705 0.0519
vn 0.7485 -0.6594 0.0698
vn 0.8486 -0.5288 -0.0156
vn 0.8100 -0.5841 0.0522
vn 0.8938 -0.4481 -0.0148
vn 0.6472 -0.7457 0.1582
vn 0.5951 -0.8030 -0.0331
vn 0.7586 -0.6513 0.0172
vn 0.8633 -0.4970 -0.0877
vn 0.9439 -0.3193 -0.0846
vn 0.9797 0.0711 -0.1877
vn 0.9770 0.1052 -0.1855
vn 0.4770 -0.8445 -0.2436
vn 0.9472 -0.2442 -0.2079
vn 0.5671 -0.7843 -0.2518
vn 0.5701 -0.7737 -0.2764
vn 0.6839 -0.6803 -0.2637
vn 0.6951 -0.6207 -0.3627
vn 0.7733 -0.5549 -0.3068
vn 0.8263 -0.4894 -0.2787
vn 0.9117 -0.3212 -0.2562
vn 0.0207 -0.0301 -0.9993
vn 0.9784 -0.1152 -0.1715
vn 0.9799 -0.0698 -0.1868
vn 0.8239 -0.4976 -0.2712
vn 0.9858 0.0037 -0.1681
vn 0.9406 -0.2762 -0.1973
vn 0.6047 -0.7885 -0.1120
vn 0.7211 -0.6861 -0.0967
vn 0.9658 -0.1065 -0.2364
vn 0.9711 -0.0795 -0.2251
vn 0.9519 0.1742 -0.2520
vn 0.9688 0.1468 -0.1998
vn 0.4143 -0.9073 -0.0723
vn 0.5289 -0.8463 0.0633
vn 0.4647 -0.8816 0.0828
vn 0.5029 -0.8587 0.0990
vn 0.9777 -0.2077 0.0322
vn 0.7009 -0.6858 -0.1959
vn 0.7998 -0.5952 -0.0782
vn 0.8279 -0.5430 -0.1405
vn 0.5643 -0.8020 -0.1958
vn 0.6692 -0.7339 -0.1160
vn 0.8954 -0.4452 -0.0056
vn 0.9200 -0.3893 0.0447
vn 0.9446 -0.3259 -0.0385
vn 0.9799 -0.1797 0.0866
vn 0.9858 -0.0450 0.1619
vn 0.9902 0.0189 0.1380
vn 0.8767 -0.4700 0.1019
vn 0.7970 -0.5968 0.0926
vn 0.8110 -0.5833 0.0461
vn 0.5350 -0.8368 -0.1163
vn 0.8630 -0.4209 0.2794
vn 0.9102 -0.3294 0.2511
vn 0.4774 -0.8007 0.3618
vn 0.9140 -0.2868 0.2869
vn 0.9501 -0.1915 0.2462
vn 0.6351 -0.6761 0.3735
vn 0.7337 -0.5766 0.3595
vn 0.6657 -0.6268 0.4050
vn 0.7966 -0.4579 0.3947
vn 0.9767 0.0868 0.1964
vn 0.4730 -0.8373 0.2742
vn 0.5603 -0.7170 0.4146
vn 0.8189 -0.4970 0.2870
vn 0.8952 -0.3031 0.3267
vn 0.9669 -0.0657 0.2464
vn 0.9659 -0.0121 0.2585
vn 0.5082 -0.8558 0.0967
vn 0.6402 -0.7471 0.1787
vn 0.6850 -0.7221 0.0963
vn 0.7564 -0.6449 0.1094
vn 0.7809 -0.5958 0.1876
vn 0.8785 -0.4623 0.1205
vn 0.9428 -0.2562 0.2133
vn 0.5852 -0.8084 -0.0639
vn 0.8762 -0.4698 0.1075
vn 0.9145 -0.3702 0.1630
vn 0.9248 -0.3226 0.2015
vn 0.9582 -0.2510 0.1374
vn 0.9592 -0.1212 0.2554
vn 0.5929 -0.8049 -0.0232
vn 0.6992 -0.7147 0.0143
vn 0.7682 -0.6246 -0.1407
vn 0.8351 -0.5501 -0.0066
vn 0.6102 -0.7874 -0.0876
vn 0.8567 -0.5027 0.1156
vn 0.6652 -0.7373 0.1175
vn 0.6793 -0.7119 0.1782
vn 0.9743 0.1078 0.1979
vn 0.9547 0.1604 0.2506
vn 0.4433 -0.8959 -0.0303
vn 0.3968 -0.8771 0.2708
vn 0.4626 -0.8278 0.3173
vn 0.4078 -0.8722 0.2702
vn 0.6475 -0.6778 0.3485
vn 0.7512 -0.5274 0.3970
vn 0.8541 -0.3226 0.4079
vn 0.8734 -0.2637 0.4095
vn 0.4161 -0.7875 0.4547
vn 0.8724 -0.2877 0.3952
vn 0.9101 -0.1330 0.3925
vn 0.5850 -0.6698 0.4574
vn 0.5928 -0.6247 0.5083
vn 0.7327 -0.5091 0.4515
vn 0.7336 -0.5031 0.4569
vn 0.7950 -0.3976 0.4580
vn 0.4281 -0.8373 0.3401
vn 0.4939 -0.7170 0.4918
vn 0.9129 -0.1458 0.3813
vn 0.9180 -0.0590 0.3921
vn 0.9226 -0.0150 0.3854
vn 0.4887 -0.8558 0.1697
vn 0.6074 -0.7471 0.2700
vn 0.6637 -0.7221 0.1950
vn 0.7324 -0.6449 0.2184
vn 0.7453 -0.5958 0.2993
vn 0.8420 -0.4766 0.2528
vn 0.9204 -0.1229 0.3712
vn 0.9098 0.0494 0.4120
vn 0.5882 -0.8084 0.0219
vn 0.8465 -0.4590 0.2696
vn 0.8729 -0.4082 0.2673
vn 0.8943 -0.2893 0.3414
vn 0.9021 -0.2722 0.3349
vn 0.5899 -0.8050 0.0633
vn 0.6897 -0.7148 0.1160
vn 0.7805 -0.6246 -0.0272
vn 0.8272 -0.5500 0.1150
vn 0.6164 -0.7874 0.0023
vn 0.8305 -0.4990 0.2478
vn 0.8512 -0.4539 0.2636
vn 0.5662 -0.7885 0.2403
vn 0.6547 -0.6861 0.3173
vn 0.9480 0.0323 0.3165
vn 0.9434 0.0917 0.3188
vn 0.9200 0.1595 0.3581
vn 0.9089 0.1169 0.4003
vn 0.4417 -0.8965 0.0347
vn 0.3199 -0.8919 0.3197
vn 0.3765 -0.8620 0.3395
vn 0.5899 -0.6778 0.4390
vn 0.6724 -0.5515 0.4937
vn 0.7682 -0.3913 0.5068
vn 0.8087 -0.2768 0.5191
vn 0.3455 -0.7875 0.5104
vn 0.8088 -0.2771 0.5187
vn 0.8400 -0.1508 0.5211
vn 0.5121 -0.6698 0.5377
vn 0.5125 -0.6247 0.5891
vn 0.6398 -0.5267 0.5597
vn 0.6522 -0.4603 0.6023
vn 0.3740 -0.8373 0.3988
vn 0.4171 -0.7170 0.5585
vn 0.8540 0.0499 0.5179
vn 0.7015 -0.4970 0.5108
vn 0.7631 -0.3032 0.5708
vn 0.8549 -0.0418 0.5171
vn 0.8578 0.0345 0.5129
vn 0.8535 0.0919 0.5129
vn 0.4588 -0.8558 0.2390
vn 0.5617 -0.7471 0.3556
vn 0.6282 -0.7222 0.2896
vn 0.6928 -0.6449 0.3228
vn 0.6938 -0.5958 0.4046
vn 0.8066 -0.4623 0.3684
vn 0.8501 -0.1974 0.4883
vn 0.5788 -0.8084 0.1073
vn 0.8080 -0.4698 0.3554
vn 0.8288 -0.3702 0.4196
vn 0.8276 -0.3226 0.4594
vn 0.8779 -0.2511 0.4076
vn 0.8459 -0.1236 0.5188
vn 0.8531 -0.0521 0.5191
vn 0.5744 -0.8050 0.1486
vn 0.6655 -0.7147 0.2151
vn 0.7761 -0.6246 0.0867
vn 0.8016 -0.5501 0.2342
vn 0.6096 -0.7874 0.0920
vn 0.7871 -0.5027 0.3575
vn 0.5252 -0.7885 0.3201
vn 0.6015 -0.6861 0.4092
vn 0.8616 0.1714 0.4778
vn 0.4320 -0.8965 0.0986
vn 0.2699 -0.8919 0.3629
vn 0.3230 -0.8620 0.3906
vn 0.5196 -0.6778 0.5202
vn 0.6050 -0.5274 0.5966
vn 0.7004 -0.3226 0.6367
vn 0.7184 -0.2637 0.6438
vn 0.2675 -0.7875 0.5553
vn 0.7215 -0.2876 0.6298
vn 0.7574 -0.1389 0.6380
vn 0.4284 -0.6698 0.6065
vn 0.4213 -0.6247 0.6575
vn 0.5716 -0.5092 0.6435
vn 0.5714 -0.5073 0.6451
vn 0.6325 -0.3946 0.6665
vn 0.3119 -0.8373 0.4491
vn 0.3313 -0.7170 0.6132
vn 0.7621 -0.1507 0.6297
vn 0.7665 -0.0735 0.6380
vn 0.7987 0.0592 0.5988
vn 0.4191 -0.8558 0.3033
vn 0.5039 -0.7471 0.4336
vn 0.5794 -0.7221 0.3780
vn 0.6384 -0.6449 0.4202
vn 0.6275 -0.5958 0.5014
vn 0.7484 -0.4568 0.4809
vn 0.7744 -0.1230 0.6206
vn 0.5569 -0.8084 0.1905
vn 0.7509 -0.4304 0.5009
vn 0.7580 -0.2893 0.5846
vn 0.7687 -0.2696 0.5800
vn 0.5467 -0.8049 0.2307
vn 0.6271 -0.7147 0.3097
vn 0.7552 -0.6246 0.1988
vn 0.7590 -0.5501 0.3485
vn 0.7463 -0.4386 0.5006
vn 0.7563 -0.0013 0.6542
vn 0.7557 -0.0110 0.6549
vn 0.7322 0.0719 0.6773
vn 0.5896 -0.7874 0.1798
vn 0.7239 -0.4990 0.4765
vn 0.7429 -0.4414 0.5032
vn 0.4730 -0.7885 0.3932
vn 0.5355 -0.6861 0.4924
vn 0.7923 0.1697 0.5861
vn 0.7339 0.1524 0.6619
vn 0.4130 -0.8965 0.1605
vn 0.2143 -0.8919 0.3982
vn 0.2624 -0.8650 0.4278
vn 0.4383 -0.6778 0.5903
vn 0.5017 -0.5515 0.6665
vn 0.5905 -0.3908 0.7061
vn 0.6183 -0.2693 0.7383
vn 0.1838 -0.7875 0.5883
vn 0.6251 -0.2771 0.7297
vn 0.6543 -0.1508 0.7411
vn 0.3355 -0.6698 0.6625
vn 0.3211 -0.6247 0.7118
vn 0.4514 -0.5267 0.7203
vn 0.4510 -0.4602 0.7647
vn 0.2432 -0.8373 0.4897
vn 0.2385 -0.7170 0.6550
vn 0.5246 -0.4970 0.6912
vn 0.5663 -0.3032 0.7664
vn 0.6675 -0.0650 0.7418
vn 0.3705 -0.8558 0.3611
vn 0.4354 -0.7471 0.5023
vn 0.5182 -0.7221 0.4583
vn 0.5704 -0.6449 0.5087
vn 0.5478 -0.5958 0.5873
vn 0.6662 -0.4623 0.5852
vn 0.6733 -0.1973 0.7125
vn 0.6572 0.0734 0.7502
vn 0.5233 -0.8084 0.2695
vn 0.6599 -0.4531 0.5994
vn 0.6601 -0.3226 0.6784
vn 0.7079 -0.2695 0.6528
vn 0.6600 -0.1208 0.7415
vn 0.6449 0.1101 0.7563
vn 0.5072 -0.8050 0.3078
vn 0.5753 -0.7147 0.3977
vn 0.7183 -0.6246 0.3066
vn 0.7001 -0.5501 0.4552
vn 0.6503 0.0043 0.7596
vn 0.5572 -0.7874 0.2637
vn 0.6468 -0.4990 0.5768
vn 0.6588 -0.4539 0.6000
vn 0.4107 -0.7885 0.4578
vn 0.4581 -0.6861 0.5651
vn 0.3852 -0.8965 0.2189
vn 0.1539 -0.8919 0.4252
vn 0.1968 -0.8620 0.4671
vn 0.3477 -0.6778 0.6479
vn 0.3993 -0.5515 0.7324
vn 0.4804 -0.3913 0.7849
vn 0.5119 -0.2768 0.8132
vn 0.0962 -0.7875 0.6088
vn 0.5122 -0.2771 0.8129
vn 0.5425 -0.1331 0.8295
vn 0.2355 -0.6698 0.7042
vn 0.2140 -0.6247 0.7510
vn 0.3417 -0.5268 0.7783
vn 0.3349 -0.4602 0.8222
vn 0.5747 0.0955 0.8128
vn 0.1693 -0.8373 0.5199
vn 0.1406 -0.7170 0.6827
vn 0.5485 -0.1422 0.8239
vn 0.5739 0.0039 0.8189
vn 0.4184 -0.4970 0.7602
vn 0.4487 -0.3031 0.8407
vn 0.5534 -0.0271 0.8325
vn 0.5503 0.1317 0.8245
vn 0.3139 -0.8558 0.4112
vn 0.3576 -0.7471 0.5604
vn 0.4459 -0.7222 0.5288
vn 0.4903 -0.6449 0.5862
vn 0.4565 -0.5957 0.6609
vn 0.5739 -0.4623 0.6759
vn 0.5628 -0.1211 0.8177
vn 0.4785 -0.8084 0.3429
vn 0.5655 -0.4532 0.6891
vn 0.5543 -0.3226 0.7673
vn 0.6053 -0.2695 0.7490
vn 0.4570 -0.8050 0.3784
vn 0.5113 -0.7147 0.4773
vn 0.6659 -0.6246 0.4079
vn 0.6264 -0.5501 0.5523
vn 0.5171 0.1000 0.8501
vn 0.5137 0.0200 0.8577
vn 0.5130 -0.7873 0.3420
vn 0.5559 -0.4989 0.6649
vn 0.5644 -0.4539 0.6895
vn 0.3397 -0.7885 0.5127
vn 0.3710 -0.6861 0.6258
vn 0.3682 -0.8856 0.2831
vn 0.1398 -0.8902 0.4336
vn 0.2497 -0.6777 0.6916
vn 0.2884 -0.5515 0.7827
vn 0.3611 -0.3913 0.8465
vn 0.3880 -0.2768 0.8791
vn 0.0065 -0.7875 0.6163
vn 0.3884 -0.2771 0.8788
vn 0.4161 -0.1319 0.8997
vn 0.1304 -0.6698 0.7310
vn 0.1023 -0.6247 0.7741
vn 0.2247 -0.5267 0.8198
vn 0.2116 -0.4603 0.8622
vn 0.0918 -0.8373 0.5390
vn 0.0397 -0.7170 0.6959
vn 0.4242 -0.1432 0.8942
vn 0.4353 -0.0038 0.9003
vn 0.4202 0.0626 0.9053
vn 0.3032 -0.4970 0.8131
vn 0.3215 -0.3032 0.8971
vn 0.4237 -0.0440 0.9047
vn 0.2507 -0.8558 0.4525
vn 0.2722 -0.7471 0.6064
vn 0.3641 -0.7221 0.5882
vn 0.3997 -0.6449 0.6514
vn 0.3553 -0.5958 0.7203
vn 0.4694 -0.4623 0.7523
vn 0.4377 -0.1202 0.8911
vn 0.4234 -0.8084 0.4089
vn 0.4592 -0.4531 0.7641
vn 0.4367 -0.3226 0.8398
vn 0.4898 -0.2695 0.8291
vn 0.3971 -0.8050 0.4409
vn 0.4363 -0.7147 0.5467
vn 0.5995 -0.6246 0.5005
vn 0.5393 -0.5501 0.6376
vn 0.4577 -0.7874 0.4130
vn 0.4531 -0.4990 0.7387
vn 0.4580 -0.4540 0.7643
vn 0.3589 0.1178 0.9259
vn 0.2615 -0.7885 0.5567
vn 0.2760 -0.6861 0.6732
vn 0.4670 0.1362 0.8737
vn 0.3058 -0.8965 0.3206
vn 0.0233 -0.8916 0.4522
vn 0.0591 -0.8693 0.4908
vn 0.1464 -0.6778 0.7206
vn 0.1714 -0.5515 0.8164
vn 0.2339 -0.3913 0.8900
vn 0.2559 -0.2768 0.9262
vn -0.0833 -0.7875 0.6107
vn 0.2563 -0.2771 0.9260
vn 0.2781 -0.1493 0.9489
vn 0.0226 -0.6698 0.7422
vn -0.0114 -0.6247 0.7808
vn 0.1030 -0.5267 0.8438
vn 0.0838 -0.4603 0.8838
vn 0.3338 0.1084 0.9364
vn 0.0124 -0.8373 0.5466
vn -0.0621 -0.7170 0.6943
vn 0.2981 -0.0119 0.9544
vn 0.2952 0.0329 0.9549
vn 0.1816 -0.4970 0.8485
vn 0.1874 -0.3031 0.9343
vn 0.2828 -0.1558 0.9464
vn 0.2875 -0.0467 0.9566
vn 0.1822 -0.8558 0.4842
vn 0.1810 -0.7471 0.6396
vn 0.2747 -0.7221 0.6349
vn 0.3006 -0.6449 0.7027
vn 0.2467 -0.5958 0.7643
vn 0.3549 -0.4623 0.8126
vn 0.3035 -0.1242 0.9447
vn 0.3594 -0.8084 0.4662
vn 0.3431 -0.4532 0.8228
vn 0.3097 -0.3226 0.8944
vn 0.3639 -0.2695 0.8916
vn 0.3286 -0.8050 0.4940
vn 0.3521 -0.7147 0.6044
vn 0.5202 -0.6246 0.5825
vn 0.4407 -0.5501 0.7094
vn 0.3926 -0.7874 0.4752
vn 0.3408 -0.4989 0.7968
vn 0.3418 -0.4539 0.8228
vn 0.1775 -0.7885 0.5888
vn 0.1750 -0.6860 0.7062
vn 0.2559 -0.8965 0.3617
vn -0.0428 -0.8916 0.4507
vn -0.0130 -0.8693 0.4942
vn 0.0399 -0.6778 0.7342
vn 0.0507 -0.5515 0.8326
vn 0.1019 -0.3913 0.9146
vn 0.1183 -0.2768 0.9536
vn -0.1713 -0.7875 0.5920
vn 0.1187 -0.2771 0.9535
vn 0.1380 -0.1411 0.9803
vn -0.0857 -0.6698 0.7376
vn -0.1250 -0.6247 0.7708
vn -0.0210 -0.5267 0.8498
vn -0.0458 -0.4602 0.8866
vn -0.0673 -0.8373 0.5426
vn -0.1625 -0.7170 0.6778
vn 0.1465 -0.1523 0.9774
vn 0.1562 -0.0093 0.9877
vn 0.1549 0.0353 0.9873
vn 0.0561 -0.4970 0.8659
vn 0.0494 -0.3032 0.9516
vn 0.1434 -0.0607 0.9878
vn 0.1487 0.0448 0.9879
vn 0.1097 -0.8558 0.5055
vn 0.0859 -0.7471 0.6591
vn 0.1793 -0.7221 0.6681
vn 0.1951 -0.6449 0.7390
vn 0.1328 -0.5958 0.7921
vn 0.2328 -0.4623 0.8556
vn 0.1626 -0.1229 0.9790
vn 0.2877 -0.8084 0.5135
vn 0.2196 -0.4532 0.8640
vn 0.1762 -0.3226 0.9300
vn 0.2302 -0.2695 0.9351
vn 0.2532 -0.8049 0.5366
vn 0.2603 -0.7147 0.6492
vn 0.4298 -0.6246 0.6520
vn 0.3327 -0.5501 0.7660
vn 0.3192 -0.7875 0.5273
vn 0.2211 -0.4990 0.8379
vn 0.2184 -0.4539 0.8639
vn 0.0900 -0.7885 0.6084
vn 0.0703 -0.6860 0.7242
vn 0.2287 0.0756 0.9705
vn 0.1282 0.1391 0.9820
vn 0.0939 0.1754 0.9800
vn 0.2005 -0.8965 0.3951
vn -0.1079 -0.8916 0.4397
vn -0.0848 -0.8693 0.4870
vn -0.0675 -0.6777 0.7322
vn -0.0711 -0.5515 0.8311
vn -0.0324 -0.3913 0.9197
vn -0.0218 -0.2768 0.9607
vn -0.2557 -0.7875 0.5608
vn -0.0214 -0.2771 0.9606
vn -0.0072 -0.1508 0.9885
vn -0.1922 -0.6698 0.7173
vn -0.2359 -0.6247 0.7444
vn -0.1445 -0.5267 0.8377
vn -0.1744 -0.4602 0.8705
vn -0.1456 -0.8373 0.5270
vn -0.2595 -0.7170 0.6470
vn 0.0188 0.0553 0.9983
vn 0.0053 0.0273 0.9996
vn -0.0706 -0.4970 0.8649
vn -0.0897 -0.3032 0.9487
vn 0.0056 -0.0377 0.9993
vn 0.0349 -0.8558 0.5161
vn -0.0110 -0.7471 0.6646
vn 0.0801 -0.7221 0.6871
vn 0.0854 -0.6449 0.7595
vn 0.0160 -0.5958 0.8030
vn 0.1057 -0.4623 0.8804
vn 0.0261 -0.1974 0.9800
vn 0.2099 -0.8084 0.5499
vn 0.0915 -0.4531 0.8867
vn 0.0389 -0.3226 0.9457
vn 0.0916 -0.2695 0.9586
vn -0.0009 -0.1267 0.9919
vn -0.0023 -0.0642 0.9979
vn 0.1724 -0.8049 0.5678
vn 0.1630 -0.7147 0.6801
vn 0.3303 -0.6246 0.7076
vn 0.2177 -0.5501 0.8062
vn 0.2391 -0.7874 0.5682
vn 0.0968 -0.4990 0.8612
vn 0.0903 -0.4539 0.8865
vn 0.0004 -0.7885 0.6151
vn -0.0359 -0.6861 0.7266
vn 0.0241 0.1418 0.9896
vn -0.0142 0.1909 0.9815
vn 0.1408 -0.8965 0.4201
vn -0.1708 -0.8916 0.4193
vn -0.1548 -0.8693 0.4695
vn -0.1734 -0.6777 0.7146
vn -0.1914 -0.5515 0.8119
vn -0.1659 -0.3913 0.9052
vn -0.1614 -0.2768 0.9473
vn -0.3346 -0.7875 0.5176
vn -0.1610 -0.2771 0.9473
vn -0.1515 -0.1554 0.9762
vn -0.2946 -0.6698 0.6816
vn -0.3418 -0.6247 0.7021
vn -0.2649 -0.5267 0.8077
vn -0.2993 -0.4602 0.8358
vn -0.2208 -0.8373 0.5002
vn -0.3509 -0.7170 0.6023
vn -0.1022 0.0648 0.9927
vn -0.1957 -0.4970 0.8454
vn -0.2269 -0.3032 0.9255
vn -0.1415 -0.0420 0.9890
vn -0.1484 -0.0110 0.9889
vn -0.0406 -0.8558 0.5157
vn -0.1076 -0.7471 0.6559
vn -0.0208 -0.7221 0.6915
vn -0.0261 -0.6449 0.7638
vn -0.1011 -0.5958 0.7968
vn -0.0236 -0.4623 0.8864
vn -0.1156 -0.2070 0.9715
vn 0.1275 -0.8084 0.5746
vn -0.0386 -0.4531 0.8906
vn -0.0992 -0.3226 0.9413
vn -0.0490 -0.2695 0.9618
vn -0.1469 -0.1253 0.9812
vn 0.0879 -0.8050 0.5868
vn 0.0623 -0.7147 0.6966
vn 0.2238 -0.6246 0.7482
vn 0.0979 -0.5501 0.8294
vn -0.1723 0.0057 0.9850
vn -0.2058 0.0583 0.9769
vn 0.1538 -0.7874 0.5970
vn -0.0297 -0.4990 0.8661
vn -0.0397 -0.4539 0.8902
vn -0.0892 -0.7885 0.6086
vn -0.1413 -0.6861 0.7136
vn -0.1059 0.1509 0.9829
vn -0.2035 0.1476 0.9679
vn 0.0782 -0.8965 0.4361
vn -0.2300 -0.8916 0.3900
vn -0.2215 -0.8693 0.4420
vn -0.2756 -0.6777 0.6817
vn -0.3076 -0.5515 0.7754
vn -0.2960 -0.3913 0.8714
vn -0.2976 -0.2768 0.9137
vn -0.4064 -0.7875 0.4634
vn -0.2972 -0.2771 0.9137
vn -0.2913 -0.1442 0.9457
vn -0.3907 -0.6698 0.6315
vn -0.4404 -0.6247 0.6448
vn -0.3797 -0.5267 0.7605
vn -0.4178 -0.4602 0.7834
vn -0.2913 -0.8373 0.4627
vn -0.4348 -0.7170 0.5448
vn -0.2901 0.0216 0.9568
vn -0.3167 -0.4970 0.8079
vn -0.3592 -0.3032 0.8826
vn -0.2872 -0.0434 0.9569
vn -0.1152 -0.8558 0.5044
vn -0.2020 -0.7471 0.6333
vn -0.1212 -0.7221 0.6810
vn -0.1370 -0.6449 0.7519
vn -0.2160 -0.5958 0.7736
vn -0.1524 -0.4623 0.8735
vn -0.2599 -0.1814 0.9485
vn 0.0425 -0.8084 0.5871
vn -0.1679 -0.4531 0.8755
vn -0.2352 -0.3226 0.9169
vn -0.1885 -0.2695 0.9444
vn -0.2855 -0.1265 0.9500
vn -0.2917 -0.0648 0.9543
vn 0.0015 -0.8049 0.5933
vn -0.0398 -0.7147 0.6983
vn 0.1125 -0.6246 0.7728
vn -0.0239 -0.5501 0.8348
vn -0.3158 0.0723 0.9461
vn 0.0653 -0.7874 0.6130
vn -0.1555 -0.4990 0.8526
vn -0.1689 -0.4539 0.8749
vn -0.1768 -0.7885 0.5891
vn -0.2437 -0.6861 0.6855
vn -0.2226 0.1710 0.9598
vn -0.3076 0.1316 0.9424
vn 0.0138 -0.8965 0.4428
vn -0.2844 -0.8916 0.3523
vn -0.2835 -0.8693 0.4050
vn -0.3718 -0.6778 0.6343
vn -0.4171 -0.5515 0.7224
vn -0.4197 -0.3913 0.8190
vn -0.4275 -0.2768 0.8606
vn -0.4695 -0.7875 0.3992
vn -0.4271 -0.2771 0.8607
vn -0.4263 -0.1554 0.8911
vn -0.4784 -0.6698 0.5679
vn -0.5295 -0.6247 0.5739
vn -0.4864 -0.5267 0.6971
vn -0.5274 -0.4602 0.7142
vn -0.3556 -0.8373 0.4154
vn -0.5095 -0.7170 0.4757
vn -0.4183 0.0426 0.9073
vn -0.4310 -0.4970 0.7532
vn -0.4839 -0.3032 0.8209
vn -0.4188 -0.0415 0.9071
vn -0.4253 0.0573 0.9033
vn -0.1874 -0.8558 0.4822
vn -0.2920 -0.7471 0.5971
vn -0.2191 -0.7221 0.6561
vn -0.2451 -0.6449 0.7239
vn -0.3264 -0.5958 0.7339
vn -0.2780 -0.4623 0.8420
vn -0.3906 -0.2070 0.8970
vn -0.0434 -0.8084 0.5870
vn -0.2936 -0.4531 0.8417
vn -0.3661 -0.3226 0.8729
vn -0.3240 -0.2695 0.9069
vn -0.4228 -0.1269 0.8973
vn -0.4253 -0.0653 0.9027
vn -0.0849 -0.8050 0.5872
vn -0.1411 -0.7147 0.6850
vn -0.0013 -0.6246 0.7809
vn -0.1451 -0.5501 0.8224
vn -0.0247 -0.7874 0.6160
vn -0.2779 -0.4989 0.8209
vn -0.2945 -0.4540 0.8410
vn -0.2607 -0.7885 0.5571
vn -0.3409 -0.6861 0.6427
vn -0.4056 0.1787 0.8964
vn -0.0508 -0.8965 0.4401
vn -0.3326 -0.8916 0.3071
vn -0.3394 -0.8693 0.3594
vn -0.4603 -0.6777 0.5734
vn -0.5179 -0.5515 0.6539
vn -0.5345 -0.3913 0.7492
vn -0.5483 -0.2768 0.7892
vn -0.5227 -0.7875 0.3266
vn -0.5479 -0.2771 0.7893
vn -0.5515 -0.1554 0.8196
vn -0.5561 -0.6698 0.4922
vn -0.6074 -0.6247 0.4906
vn -0.5827 -0.5267 0.6189
vn -0.6257 -0.4603 0.6298
vn -0.4122 -0.8373 0.3592
vn -0.5733 -0.7170 0.3964
vn -0.5389 0.0209 0.8421
vn -0.5361 -0.4970 0.6824
vn -0.5983 -0.3032 0.7417
vn -0.5405 -0.0415 0.8404
vn -0.2556 -0.8558 0.4497
vn -0.3759 -0.7471 0.5483
vn -0.3123 -0.7221 0.6172
vn -0.3478 -0.6449 0.6805
vn -0.4297 -0.5958 0.6785
vn -0.3976 -0.4623 0.7926
vn -0.5296 -0.1886 0.8270
vn -0.1284 -0.8084 0.5744
vn -0.3847 -0.4698 0.7945
vn -0.4580 -0.3559 0.8146
vn -0.4506 -0.3279 0.8303
vn -0.5310 -0.1976 0.8240
vn -0.5522 -0.0740 0.8304
vn -0.1695 -0.8050 0.5686
vn -0.2393 -0.7147 0.6572
vn -0.1150 -0.6246 0.7724
vn -0.2634 -0.5501 0.7925
vn -0.5864 0.0665 0.8073
vn -0.5880 0.1100 0.8013
vn -0.1141 -0.7873 0.6059
vn -0.3860 -0.5027 0.7735
vn -0.3390 -0.7885 0.5131
vn -0.4308 -0.6861 0.5862
vn -0.5004 0.0748 0.8626
vn -0.5204 0.1912 0.8323
vn -0.6156 0.0026 0.7881
vn -0.5918 -0.0541 0.8042
vn -0.1144 -0.8965 0.4281
vn -0.3738 -0.8916 0.2555
vn -0.3882 -0.8693 0.3061
vn -0.5388 -0.6778 0.5003
vn -0.6183 -0.5274 0.5828
vn -0.6620 -0.3232 0.6762
vn -0.5647 -0.7875 0.2470
vn -0.6723 -0.2867 0.6825
vn -0.6495 -0.1925 0.7355
vn -0.6644 -0.1478 0.7326
vn -0.6217 -0.6698 0.4059
vn -0.6724 -0.6247 0.3970
vn -0.6639 -0.5092 0.5477
vn -0.6656 -0.5073 0.5474
vn -0.6892 -0.3946 0.6077
vn -0.4602 -0.8373 0.2953
vn -0.6249 -0.7171 0.3087
vn -0.6637 -0.0075 0.7480
vn -0.3184 -0.8558 0.4078
vn -0.4517 -0.7471 0.4877
vn -0.3989 -0.7221 0.5652
vn -0.4432 -0.6449 0.6226
vn -0.5239 -0.5958 0.6088
vn -0.5079 -0.4568 0.7303
vn -0.6420 -0.1664 0.7485
vn -0.2010 -0.8030 0.5611
vn -0.5280 -0.4304 0.7321
vn -0.6035 -0.2895 0.7430
vn -0.6030 -0.2806 0.7468
vn -0.6440 -0.1849 0.7423
vn -0.6767 -0.0589 0.7339
vn -0.2483 -0.7837 0.5694
vn -0.3324 -0.7147 0.6154
vn -0.2262 -0.6246 0.7474
vn -0.3759 -0.5501 0.7457
vn -0.5275 -0.4387 0.7275
vn -0.6862 0.1097 0.7191
vn -0.5026 -0.4990 0.7060
vn -0.5300 -0.4414 0.7241
vn -0.4101 -0.7885 0.4583
vn -0.5117 -0.6860 0.5173
vn -0.6354 0.1636 0.7546
vn -0.6788 0.1327 0.7222
vn -0.7064 -0.0594 0.7053
vn -0.2056 -0.9007 0.3827
vn -0.1146 -0.8254 0.5528
vn -0.4070 -0.8916 0.1983
vn -0.4286 -0.8693 0.2464
vn -0.6060 -0.6778 0.4165
vn -0.6844 -0.5514 0.4770
vn -0.7272 -0.3908 0.5643
vn -0.7573 -0.2833 0.5884
vn -0.5793 -0.7966 0.1728
vn -0.7585 -0.2819 0.5875
vn -0.7565 -0.1720 0.6309
vn -0.7640 -0.1478 0.6281
vn -0.6742 -0.6698 0.3111
vn -0.7231 -0.6247 0.2948
vn -0.7363 -0.5268 0.4248
vn -0.7807 -0.4602 0.4228
vn -0.4982 -0.8373 0.2252
vn -0.6633 -0.7170 0.2144
vn -0.7629 0.0060 0.6464
vn -0.7477 0.0758 0.6597
vn -0.7099 -0.4970 0.4990
vn -0.7866 -0.3031 0.5379
vn -0.7731 -0.0113 0.6341
vn -0.3744 -0.8558 0.3570
vn -0.5179 -0.7471 0.4167
vn -0.4769 -0.7221 0.5011
vn -0.5292 -0.6449 0.5515
vn -0.6070 -0.5958 0.5260
vn -0.6091 -0.4623 0.6444
vn -0.7429 -0.1675 0.6481
vn -0.2774 -0.8008 0.5309
vn -0.5973 -0.4698 0.6500
vn -0.6647 -0.3702 0.6490
vn -0.7020 -0.3226 0.6349
vn -0.6693 -0.2511 0.6993
vn -0.7636 -0.1252 0.6334
vn -0.3277 -0.7919 0.5152
vn -0.4185 -0.7147 0.5604
vn -0.3326 -0.6246 0.7066
vn -0.4805 -0.5501 0.6830
vn -0.7905 0.0031 0.6125
vn -0.3310 -0.7936 0.5106
vn -0.5925 -0.5027 0.6295
vn -0.4723 -0.7886 0.3936
vn -0.5814 -0.6861 0.4372
vn -0.7670 0.1667 0.6196
vn -0.3495 -0.8310 0.4328
vn -0.2665 -0.9033 0.3363
vn -0.1951 -0.8537 0.4829
vn -0.4368 -0.8865 0.1529
vn -0.4425 -0.8773 0.1857
vn -0.6716 -0.6632 0.3302
vn -0.7600 -0.5273 0.3799
vn -0.8287 -0.3227 0.4573
vn -0.8412 -0.2637 0.4720
vn -0.8163 0.0662 0.5739
vn -0.8290 -0.2877 0.4795
vn -0.8480 -0.1442 0.5099
vn -0.7218 -0.6571 0.2172
vn -0.7864 -0.5133 0.3436
vn -0.7991 -0.5590 0.2214
vn -0.8352 -0.4122 0.3640
vn -0.5571 -0.8246 0.0983
vn -0.6488 -0.7469 0.1456
vn -0.7014 -0.7032 0.1163
vn -0.8538 0.0623 0.5169
vn -0.8525 -0.0436 0.5209
vn -0.4224 -0.8558 0.2988
vn -0.5592 -0.7351 0.3832
vn -0.5448 -0.7221 0.4263
vn -0.6702 -0.5746 0.4699
vn -0.6717 -0.5780 0.4633
vn -0.7456 -0.3972 0.5351
vn -0.8265 -0.1814 0.5330
vn -0.8517 0.0561 0.5210
vn -0.3601 -0.8084 0.4656
vn -0.7463 -0.3966 0.5346
vn -0.7980 -0.2893 0.5286
vn -0.7961 -0.2552 0.5486
vn -0.8466 -0.1265 0.5170
vn -0.8541 -0.0648 0.5161
vn -0.3948 -0.8050 0.4429
vn -0.4956 -0.7147 0.4935
vn -0.4320 -0.6246 0.6506
vn -0.5796 -0.5371 0.6129
vn -0.3605 -0.7874 0.5001
vn -0.6974 -0.4947 0.5186
vn -0.7444 -0.3935 0.5394
vn -0.5921 -0.7434 0.3109
vn -0.6176 -0.6869 0.3831
vn -0.8510 0.1537 0.5021
vn -0.2859 -0.8958 0.3402
vn -0.4668 -0.8783 0.1030
vn -0.5229 -0.8443 0.1173
vn -0.4684 -0.8771 0.1065
vn -0.7002 -0.6778 0.2243
vn -0.8044 -0.5322 0.2641
vn -0.8849 -0.3282 0.3305
vn -0.9010 -0.2637 0.3445
vn -0.6161 -0.7875 -0.0160
vn -0.8900 -0.2876 0.3537
vn -0.9122 -0.1553 0.3792
vn -0.7353 -0.6698 0.1037
vn -0.7773 -0.6247 0.0741
vn -0.8315 -0.5153 0.2074
vn -0.8365 -0.5086 0.2039
vn -0.8830 -0.3940 0.2553
vn -0.9001 0.0638 0.4309
vn -0.5420 -0.8373 0.0721
vn -0.6969 -0.7170 0.0142
vn -0.9173 0.0167 0.3978
vn -0.9187 -0.0407 0.3928
vn -0.4614 -0.8558 0.2340
vn -0.6160 -0.7471 0.2498
vn -0.6011 -0.7221 0.3425
vn -0.6656 -0.6449 0.3756
vn -0.7328 -0.5958 0.3288
vn -0.7698 -0.4568 0.4457
vn -0.8895 -0.2070 0.4074
vn -0.4241 -0.8084 0.4082
vn -0.7888 -0.4305 0.4387
vn -0.8665 -0.2892 0.4068
vn -0.8673 -0.2696 0.4185
vn -0.9168 -0.1143 0.3826
vn -0.9192 -0.0450 0.3911
vn -0.4551 -0.8050 0.3807
vn -0.5622 -0.7147 0.4160
vn -0.5221 -0.6246 0.5808
vn -0.6569 -0.5501 0.5156
vn -0.7865 -0.4386 0.4348
vn -0.9334 0.1089 0.3419
vn -0.4295 -0.7874 0.4422
vn -0.7548 -0.4990 0.4258
vn -0.7872 -0.4414 0.4307
vn -0.5659 -0.7885 0.2409
vn -0.6828 -0.6861 0.2512
vn -0.8961 0.1541 0.4163
vn -0.9047 0.1717 0.3900
vn -0.3453 -0.8856 0.3106
vn -0.4518 -0.8902 0.0587
vn -0.7254 -0.6778 0.1199
vn -0.8221 -0.5515 0.1414
vn -0.8980 -0.3908 0.2023
vn -0.9393 -0.2693 0.2123
vn -0.6072 -0.7875 -0.1055
vn -0.9348 -0.2771 0.2223
vn -0.9586 -0.1479 0.2434
vn -0.7419 -0.6705 0.0027
vn -0.8452 -0.5288 0.0776
vn -0.8017 -0.5976 -0.0112
vn -0.8904 -0.4481 0.0800
vn -0.9448 0.1145 0.3069
vn -0.5467 -0.8373 -0.0076
vn -0.7056 -0.7021 -0.0959
vn -0.8546 -0.4970 0.1505
vn -0.9406 -0.3032 0.1532
vn -0.9633 0.0727 0.2583
vn -0.4905 -0.8558 0.1644
vn -0.6459 -0.7352 0.2059
vn -0.6445 -0.7221 0.2513
vn -0.7890 -0.5593 0.2543
vn -0.9481 -0.1731 0.2669
vn -0.9671 -0.0096 0.2541
vn -0.4772 -0.8030 0.3570
vn -0.8060 -0.4900 0.3321
vn -0.8822 -0.3538 0.3107
vn -0.8983 -0.3251 0.2955
vn -0.9031 -0.2676 0.3359
vn -0.9468 -0.1870 0.2619
vn -0.5140 -0.7871 0.3411
vn -0.6007 -0.7090 0.3695
vn -0.5936 -0.6147 0.5194
vn -0.7251 -0.5707 0.3854
vn -0.7205 -0.5924 0.3605
vn -0.8204 -0.4424 0.3622
vn -0.9698 -0.0479 0.2392
vn -0.5691 -0.7856 0.2426
vn -0.6473 -0.6950 0.3131
vn -0.9729 0.1352 0.1875
vn -0.5950 -0.7885 0.1559
vn -0.7121 -0.6861 0.1491
vn -0.3826 -0.9007 0.2057
vn -0.3995 -0.8350 0.3785
vn -0.4489 -0.8916 -0.0592
vn -0.4934 -0.8693 -0.0310
vn -0.7572 -0.6486 -0.0779
vn -0.8173 -0.5759 -0.0177
vn -0.8516 -0.5229 -0.0365
vn -0.8813 -0.4725 0.0044
vn -0.9864 -0.0470 0.1575
vn -0.6086 -0.7860 -0.1088
vn -0.6288 -0.7587 -0.1702
vn -0.7531 -0.6519 -0.0885
vn -0.9795 -0.1649 0.1157
vn -0.9887 -0.0694 0.1331
vn -0.9360 -0.3505 0.0320
vn -0.9224 -0.3862 -0.0070
vn -0.9589 -0.2768 0.0624
vn -0.9732 -0.2231 0.0549
vn -0.9861 0.0966 0.1353
vn -0.9722 -0.1801 -0.1493
vn -0.7454 -0.6052 -0.2795
vn -0.8755 -0.4203 -0.2386
vn -0.8053 -0.4878 -0.3371
vn -0.9927 0.0464 -0.1109
vn -0.5812 -0.7733 -0.2533
vn -0.6713 -0.6343 -0.3835
vn -0.5752 -0.7737 -0.2657
vn -0.4721 -0.8434 -0.2566
vn -0.9052 -0.3157 -0.2846
vn -0.9719 -0.1519 -0.1801
vn -0.9815 -0.0347 -0.1883
vn -0.9843 0.0076 -0.1763
vn -0.5844 -0.8112 -0.0186
vn -0.6881 -0.7158 -0.1185
vn -0.7520 -0.6585 -0.0292
vn -0.7927 -0.5957 -0.1295
vn -0.8801 -0.4710 -0.0598
vn -0.9788 -0.1243 -0.1628
vn -0.5418 -0.8331 0.1113
vn -0.8855 -0.4581 -0.0777
vn -0.9406 -0.3134 -0.1307
vn -0.9580 -0.2703 -0.0963
vn -0.6092 -0.7876 0.0922
vn -0.6311 -0.7668 0.1172
vn -0.7100 -0.7031 0.0392
vn -0.7549 -0.6431 0.1289
vn -0.8324 -0.5501 0.0676
vn -0.9706 0.0841 -0.2257
vn -0.6042 -0.7935 0.0722
vn -0.8645 -0.4990 -0.0613
vn -0.8881 -0.4539 -0.0722
vn -0.4939 -0.8669 -0.0677
vn -0.5527 -0.8277 0.0969
vn -0.4519 -0.8916 0.0296
vn -0.5042 -0.8557 0.1166
vn -0.4138 -0.9065 -0.0838
vn -0.6835 -0.6632 -0.3050
vn -0.7637 -0.5515 -0.3357
vn -0.8600 -0.3913 -0.3276
vn -0.9022 -0.2768 -0.3308
vn -0.9022 -0.2771 -0.3304
vn -0.9350 -0.1412 -0.3255
vn -0.6209 -0.6555 -0.4299
vn -0.6283 -0.6247 -0.4636
vn -0.7462 -0.5267 -0.4072
vn -0.7676 -0.4602 -0.4461
vn -0.4319 -0.8246 -0.3653
vn -0.5269 -0.7469 -0.4056
vn -0.5343 -0.7197 -0.4433
vn -0.9363 -0.1522 -0.3166
vn -0.9485 -0.0252 -0.3158
vn -0.9466 0.0347 -0.3205
vn -0.9503 0.0647 -0.3047
vn -0.7958 -0.4970 -0.3460
vn -0.8690 -0.3031 -0.3912
vn -0.9439 -0.0649 -0.3238
vn -0.4998 -0.8558 -0.1336
vn -0.6255 -0.7471 -0.2250
vn -0.6762 -0.7221 -0.1460
vn -0.7464 -0.6449 -0.1644
vn -0.7652 -0.5958 -0.2441
vn -0.8674 -0.4623 -0.1842
vn -0.9450 -0.1229 -0.3030
vn -0.5883 -0.8084 0.0210
vn -0.8688 -0.4532 -0.1997
vn -0.9077 -0.3226 -0.2685
vn -0.9369 -0.2695 -0.2228
vn -0.5930 -0.8050 -0.0202
vn -0.6964 -0.7147 -0.0653
vn -0.7764 -0.6246 0.0842
vn -0.8333 -0.5501 -0.0543
vn -0.6150 -0.7873 0.0428
vn -0.8463 -0.4989 -0.1865
vn -0.8681 -0.4539 -0.2007
vn -0.6178 -0.7434 -0.2562
vn -0.6895 -0.6869 -0.2296
vn -0.4431 -0.8965 -0.0024
vn -0.3446 -0.8928 -0.2901
vn -0.4304 -0.8289 -0.3572
vn -0.6203 -0.6777 -0.3948
vn -0.7067 -0.5515 -0.4433
vn -0.8031 -0.3913 -0.4493
vn -0.8444 -0.2768 -0.4587
vn -0.9097 0.0973 -0.4036
vn -0.3818 -0.7875 -0.4838
vn -0.8445 -0.2771 -0.4582
vn -0.8758 -0.1508 -0.4584
vn -0.5500 -0.6698 -0.4989
vn -0.5541 -0.6247 -0.5501
vn -0.6789 -0.5267 -0.5115
vn -0.6944 -0.4603 -0.5531
vn -0.4021 -0.8373 -0.3705
vn -0.4568 -0.7170 -0.5265
vn -0.7369 -0.4970 -0.4582
vn -0.8027 -0.3032 -0.5135
vn -0.8910 -0.0352 -0.4527
vn -0.8913 -0.0204 -0.4529
vn -0.4750 -0.8558 -0.2049
vn -0.5861 -0.7471 -0.3136
vn -0.6477 -0.7221 -0.2429
vn -0.7145 -0.6449 -0.2713
vn -0.7215 -0.5957 -0.3529
vn -0.8313 -0.4623 -0.3086
vn -0.8812 -0.1813 -0.4366
vn -0.5850 -0.8084 -0.0648
vn -0.8319 -0.4715 -0.2925
vn -0.8591 -0.3572 -0.3666
vn -0.8746 -0.3280 -0.3572
vn -0.8770 -0.1948 -0.4393
vn -0.8861 -0.0637 -0.4590
vn -0.5838 -0.8049 -0.1063
vn -0.6794 -0.7147 -0.1660
vn -0.7804 -0.6246 -0.0298
vn -0.8165 -0.5501 -0.1751
vn -0.6147 -0.7874 -0.0471
vn -0.8115 -0.5044 -0.2950
vn -0.5472 -0.7885 -0.2809
vn -0.6298 -0.6861 -0.3642
vn -0.9130 0.0755 -0.4009
vn -0.8745 0.1553 -0.4595
vn -0.8510 0.1439 -0.5051
vn -0.4380 -0.8965 -0.0668
vn -0.2948 -0.8916 -0.3436
vn -0.3468 -0.8692 -0.3524
vn -0.5562 -0.6778 -0.4809
vn -0.6466 -0.5280 -0.5506
vn -0.7587 -0.3318 -0.5607
vn -0.3073 -0.7875 -0.5342
vn -0.7521 -0.2863 -0.5936
vn -0.7988 -0.1995 -0.5675
vn -0.4715 -0.6698 -0.5736
vn -0.4681 -0.6247 -0.6250
vn -0.6172 -0.5090 -0.6000
vn -0.6148 -0.4657 -0.6365
vn -0.3439 -0.8373 -0.4251
vn -0.3752 -0.7170 -0.5874
vn -0.7976 -0.1717 -0.5783
vn -0.8147 -0.0729 -0.5753
vn -0.8155 0.0382 -0.5775
vn -0.6623 -0.4970 -0.5606
vn -0.7194 -0.3031 -0.6250
vn -0.8137 -0.0632 -0.5779
vn -0.4402 -0.8558 -0.2719
vn -0.5342 -0.7471 -0.3956
vn -0.6054 -0.7221 -0.3346
vn -0.6674 -0.6449 -0.3725
vn -0.6624 -0.5957 -0.4542
vn -0.7775 -0.4623 -0.4263
vn -0.8176 -0.1237 -0.5623
vn -0.5694 -0.8084 -0.1493
vn -0.7744 -0.4531 -0.4416
vn -0.7918 -0.3226 -0.5186
vn -0.8329 -0.2695 -0.4833
vn -0.5620 -0.8050 -0.1901
vn -0.6480 -0.7147 -0.2632
vn -0.7677 -0.6247 -0.1431
vn -0.7823 -0.5501 -0.2921
vn -0.7936 0.0692 -0.6045
vn -0.6012 -0.7874 -0.1362
vn -0.7567 -0.4990 -0.4224
vn -0.7735 -0.4539 -0.4423
vn -0.5004 -0.7885 -0.3576
vn -0.5701 -0.6861 -0.4520
vn -0.8481 0.0857 -0.5229
vn -0.7660 0.1748 -0.6187
vn -0.4236 -0.8965 -0.1299
vn -0.2428 -0.8919 -0.3815
vn -0.2929 -0.8649 -0.4075
vn -0.4803 -0.6778 -0.5567
vn -0.5491 -0.5515 -0.6280
vn -0.6396 -0.3913 -0.6616
vn -0.6765 -0.2768 -0.6825
vn -0.2263 -0.7875 -0.5733
vn -0.6767 -0.2771 -0.6821
vn -0.7061 -0.1538 -0.6913
vn -0.3830 -0.6698 -0.6362
vn -0.3722 -0.6247 -0.6865
vn -0.5028 -0.5267 -0.6854
vn -0.5056 -0.4603 -0.7297
vn -0.2783 -0.8373 -0.4706
vn -0.2857 -0.7170 -0.6358
vn -0.7237 0.0353 -0.6892
vn -0.5736 -0.4970 -0.6511
vn -0.6207 -0.3032 -0.7231
vn -0.7162 -0.1821 -0.6737
vn -0.7233 -0.0390 -0.6894
vn -0.7164 -0.0659 -0.6945
vn -0.7175 0.0525 -0.6946
vn -0.3959 -0.8558 -0.3330
vn -0.4709 -0.7471 -0.4692
vn -0.5502 -0.7221 -0.4192
vn -0.6060 -0.6449 -0.4656
vn -0.5892 -0.5957 -0.5458
vn -0.7072 -0.4623 -0.5350
vn -0.5415 -0.8084 -0.2307
vn -0.7124 -0.4715 -0.5198
vn -0.7170 -0.3572 -0.5986
vn -0.7346 -0.3280 -0.5940
vn -0.7127 -0.1921 -0.6747
vn -0.5283 -0.8050 -0.2699
vn -0.6028 -0.7147 -0.3547
vn -0.7387 -0.6246 -0.2533
vn -0.7315 -0.5501 -0.4029
vn -0.5750 -0.7874 -0.2223
vn -0.6921 -0.5044 -0.5163
vn -0.4430 -0.7885 -0.4266
vn -0.4982 -0.6860 -0.5302
vn -0.7101 0.1420 -0.6896
vn -0.6983 0.1644 -0.6966
vn -0.4002 -0.8965 -0.1902
vn -0.1845 -0.8919 -0.4129
vn -0.2304 -0.8620 -0.4515
vn -0.3941 -0.6778 -0.6207
vn -0.4605 -0.5280 -0.7135
vn -0.5650 -0.3317 -0.7555
vn -0.1404 -0.7875 -0.6001
vn -0.5493 -0.2863 -0.7851
vn -0.5994 -0.2032 -0.7742
vn -0.2863 -0.6698 -0.6852
vn -0.2682 -0.6247 -0.7333
vn -0.4181 -0.5091 -0.7523
vn -0.4054 -0.4658 -0.7866
vn -0.2068 -0.8373 -0.5062
vn -0.1901 -0.7171 -0.6706
vn -0.6177 0.0435 -0.7852
vn -0.4728 -0.4970 -0.7277
vn -0.5088 -0.3032 -0.8057
vn -0.5934 -0.1702 -0.7867
vn -0.6145 -0.0607 -0.7866
vn -0.6190 -0.0497 -0.7838
vn -0.3431 -0.8558 -0.3872
vn -0.3976 -0.7471 -0.5328
vn -0.4833 -0.7221 -0.4949
vn -0.5318 -0.6449 -0.5489
vn -0.5035 -0.5958 -0.6258
vn -0.6218 -0.4623 -0.6322
vn -0.6210 -0.1242 -0.7739
vn -0.6189 0.0400 -0.7845
vn -0.5022 -0.8084 -0.3070
vn -0.6144 -0.4531 -0.6460
vn -0.6088 -0.3226 -0.7247
vn -0.6584 -0.2695 -0.7028
vn -0.4834 -0.8050 -0.3440
vn -0.5447 -0.7148 -0.4387
vn -0.6940 -0.6246 -0.3582
vn -0.6650 -0.5501 -0.5051
vn -0.5365 -0.7874 -0.3036
vn -0.6029 -0.4990 -0.6225
vn -0.6132 -0.4539 -0.6465
vn -0.3762 -0.7885 -0.4865
vn -0.4157 -0.6861 -0.5971
vn -0.6225 0.1730 -0.7633
vn -0.6146 0.1535 -0.7738
vn -0.3694 -0.8958 -0.2470
vn -0.1444 -0.8760 -0.4603
vn -0.1622 -0.8620 -0.4803
vn -0.2995 -0.6777 -0.6716
vn -0.3448 -0.5515 -0.7596
vn -0.4219 -0.3913 -0.8179
vn -0.4512 -0.2768 -0.8484
vn -0.5406 0.0742 -0.8380
vn -0.0515 -0.7875 -0.6142
vn -0.4515 -0.2771 -0.8481
vn -0.4791 -0.1412 -0.8663
vn -0.1835 -0.6698 -0.7195
vn -0.1586 -0.6247 -0.7646
vn -0.2840 -0.5267 -0.8012
vn -0.2740 -0.4603 -0.8445
vn -0.1309 -0.8373 -0.5309
vn -0.0904 -0.7171 -0.6911
vn -0.4843 -0.1494 -0.8621
vn -0.4993 -0.0097 -0.8664
vn -0.5007 0.0229 -0.8653
vn -0.3618 -0.4970 -0.7888
vn -0.3861 -0.3032 -0.8712
vn -0.4884 -0.0451 -0.8714
vn -0.2831 -0.8558 -0.4330
vn -0.3157 -0.7471 -0.5850
vn -0.4061 -0.7221 -0.5600
vn -0.4462 -0.6449 -0.6205
vn -0.4070 -0.5958 -0.6924
vn -0.5231 -0.4623 -0.7161
vn -0.5015 -0.1200 -0.8568
vn -0.4521 -0.8084 -0.3769
vn -0.5138 -0.4531 -0.7285
vn -0.4968 -0.3226 -0.8057
vn -0.5491 -0.2695 -0.7911
vn -0.4282 -0.8050 -0.4107
vn -0.4750 -0.7147 -0.5133
vn -0.6344 -0.6246 -0.4554
vn -0.5844 -0.5501 -0.5966
vn -0.4605 0.0859 -0.8835
vn -0.4866 -0.7874 -0.3786
vn -0.5059 -0.4990 -0.7037
vn -0.5126 -0.4540 -0.7288
vn -0.3013 -0.7885 -0.5361
vn -0.3243 -0.6861 -0.6512
vn -0.5414 0.1631 -0.8248
vn -0.4602 0.1559 -0.8740
vn -0.3284 -0.8965 -0.2974
vn -0.0563 -0.8916 -0.4492
vn -0.0948 -0.8693 -0.4852
vn -0.1986 -0.6777 -0.7080
vn -0.2305 -0.5515 -0.8017
vn -0.2983 -0.3913 -0.8706
vn -0.3228 -0.2768 -0.9051
vn 0.0385 -0.7875 -0.6151
vn -0.3232 -0.2771 -0.9048
vn -0.3469 -0.1476 -0.9262
vn -0.0767 -0.6698 -0.7386
vn -0.0456 -0.6247 -0.7795
vn -0.1643 -0.5267 -0.8340
vn -0.1481 -0.4603 -0.8754
vn -0.0523 -0.8373 -0.5443
vn 0.0112 -0.7170 -0.6969
vn -0.3547 0.0744 -0.9320
vn -0.3595 -0.0123 -0.9331
vn -0.3790 0.1033 -0.9196
vn -0.2430 -0.4970 -0.8330
vn -0.2551 -0.3031 -0.9182
vn -0.3575 -0.0158 -0.9338
vn -0.2171 -0.8558 -0.4696
vn -0.2272 -0.7471 -0.6247
vn -0.3203 -0.7221 -0.6132
vn -0.3511 -0.6449 -0.6789
vn -0.3018 -0.5958 -0.7443
vn -0.4132 -0.4623 -0.7846
vn -0.3742 -0.1863 -0.9085
vn -0.3925 -0.8084 -0.4387
vn -0.4022 -0.4531 -0.7956
vn -0.3742 -0.3226 -0.8694
vn -0.4280 -0.2695 -0.8627
vn -0.3532 -0.1252 -0.9271
vn -0.3638 -0.8050 -0.4687
vn -0.3952 -0.7147 -0.5770
vn -0.5613 -0.6246 -0.5429
vn -0.4913 -0.5501 -0.6753
vn -0.3132 -0.0025 -0.9497
vn -0.4263 -0.7874 -0.4453
vn -0.3980 -0.4990 -0.7698
vn -0.4010 -0.4539 -0.7957
vn -0.2201 -0.7885 -0.5744
vn -0.2261 -0.6861 -0.6915
vn -0.2978 -0.8856 -0.3564
vn -0.0421 -0.8902 -0.4536
vn 0.4382 0.5945 -0.6743
vn 0.3739 0.7413 -0.5574
vn 0.2144 0.9180 -0.3338
vn 0.1944 0.9367 -0.2913
vn 0.0897 0.9868 -0.1345
vn 0.0375 0.9943 -0.0996
vn 0.3119 0.9496 0.0303
vn 0.0374 0.9980 -0.0505
vn -0.0934 -0.6778 -0.7293
vn -0.1113 -0.5515 -0.8267
vn -0.1684 -0.3913 -0.9047
vn -0.1876 -0.2768 -0.9424
vn 0.1276 -0.7875 -0.6030
vn -0.1880 -0.2771 -0.9423
vn -0.2088 -0.1442 -0.9673
vn 0.0316 -0.6698 -0.7419
vn 0.0684 -0.6247 -0.7779
vn -0.0411 -0.5267 -0.8490
vn -0.0191 -0.4602 -0.8876
vn 0.0275 -0.8373 -0.5461
vn 0.1126 -0.7170 -0.6879
vn -0.2433 0.0723 -0.9672
vn -0.2433 0.0727 -0.9672
vn -0.1192 -0.4970 -0.8595
vn -0.1187 -0.3032 -0.9455
vn -0.2169 -0.0438 -0.9752
vn -0.2077 -0.0109 -0.9781
vn -0.1464 -0.8558 -0.4962
vn -0.1338 -0.7471 -0.6511
vn -0.2276 -0.7221 -0.6533
vn -0.2485 -0.6449 -0.7227
vn -0.1902 -0.5958 -0.7803
vn -0.2946 -0.4623 -0.8364
vn -0.2376 -0.1813 -0.9543
vn -0.3244 -0.8084 -0.4912
vn -0.2821 -0.4532 -0.8456
vn -0.2436 -0.3226 -0.9146
vn -0.2979 -0.2695 -0.9158
vn -0.2154 -0.1250 -0.9685
vn -0.2917 -0.8050 -0.5167
vn -0.3070 -0.7147 -0.6284
vn -0.4763 -0.6246 -0.6189
vn -0.3877 -0.5501 -0.7396
vn -0.1832 0.0014 -0.9831
vn -0.3569 -0.7873 -0.5027
vn -0.2817 -0.4990 -0.8196
vn -0.2809 -0.4539 -0.8456
vn -0.1341 -0.7885 -0.6003
vn -0.1230 -0.6861 -0.7170
vn -0.2830 0.1434 -0.9483
vn -0.1761 0.1533 -0.9724
vn -0.2288 -0.8965 -0.3794
vn 0.0756 -0.8916 -0.4464
vn 0.0490 -0.8693 -0.4919
vn 0.0138 -0.6778 -0.7351
vn 0.0102 -0.5515 -0.8341
vn -0.0348 -0.3913 -0.9196
vn -0.0484 -0.2768 -0.9597
vn 0.2140 -0.7875 -0.5780
vn -0.0488 -0.2771 -0.9596
vn -0.0657 -0.1442 -0.9874
vn 0.1393 -0.6698 -0.7294
vn 0.1809 -0.6247 -0.7596
vn 0.0829 -0.5267 -0.8460
vn 0.1104 -0.4602 -0.8809
vn 0.1068 -0.8373 -0.5362
vn 0.2115 -0.7171 -0.6642
vn -0.0719 0.0240 -0.9971
vn 0.0072 -0.4970 -0.8677
vn 0.0202 -0.3032 -0.9527
vn -0.0737 -0.0428 -0.9964
vn -0.0726 -0.8558 -0.5122
vn -0.0376 -0.7471 -0.6637
vn -0.1301 -0.7221 -0.6794
vn -0.1406 -0.6449 -0.7512
vn -0.0746 -0.5958 -0.7997
vn -0.1697 -0.4623 -0.8703
vn -0.0961 -0.1814 -0.9787
vn -0.2494 -0.8084 -0.5332
vn -0.1559 -0.4531 -0.8777
vn -0.1079 -0.3226 -0.9404
vn -0.1613 -0.2695 -0.9494
vn -0.0727 -0.1265 -0.9893
vn -0.0684 -0.0642 -0.9956
vn -0.2134 -0.8050 -0.5536
vn -0.2122 -0.7147 -0.6664
vn -0.3811 -0.6246 -0.6816
vn -0.2759 -0.5501 -0.7882
vn -0.0425 0.0650 -0.9970
vn -0.2799 -0.7874 -0.5492
vn -0.1594 -0.4990 -0.8518
vn -0.1548 -0.4539 -0.8775
vn -0.0453 -0.7885 -0.6133
vn -0.0173 -0.6861 -0.7273
vn -0.1320 0.0687 -0.9889
vn -0.1409 0.1313 -0.9813
vn -0.0919 0.1748 -0.9803
vn -0.0408 0.1359 -0.9899
vn -0.1711 -0.8965 -0.4087
vn 0.1398 -0.8916 -0.4307
vn 0.1201 -0.8692 -0.4796
vn 0.1289 -0.9504 -0.2830
vn 0.1265 -0.9426 -0.3092
vn -0.0958 -0.9432 -0.3182
vn 0.0840 -0.9577 -0.2752
vn 0.0317 -0.9778 -0.2069
vn 0.0013 -0.9765 -0.2154
vn -0.0185 -0.9790 -0.2029
vn 0.0075 -0.9891 -0.1471
vn -0.1131 -0.9508 -0.2884
vn -0.0778 -0.9572 -0.2786
vn -0.0300 -0.9779 -0.2069
vn -0.0065 -0.9889 -0.1483
vn 0.1688 -0.9504 -0.2612
vn 0.1587 -0.9429 -0.2930
vn -0.0345 -0.9435 -0.3296
vn 0.1270 -0.9572 -0.2601
vn 0.0596 -0.9762 -0.2087
vn 0.0893 -0.9786 -0.1854
vn -0.0064 -0.9877 -0.1563
vn 0.0285 -0.9894 -0.1427
vn -0.0699 -0.9508 -0.3018
vn -0.0392 -0.9568 -0.2882
vn 0.0044 -0.9762 -0.2169
vn 0.0291 -0.9882 -0.1502
vn 0.1955 -0.9450 -0.2622
vn 0.0252 -0.9476 -0.3183
vn 0.0756 -0.9684 -0.2378
vn 0.1789 -0.9572 -0.2274
vn 0.0748 -0.9785 -0.1923
vn 0.0686 -0.9777 -0.1986
vn 0.0238 -0.9789 -0.2032
vn 0.0495 -0.9891 -0.1387
vn -0.0253 -0.9508 -0.3088
vn 0.0057 -0.9573 -0.2892
vn 0.0335 -0.9797 -0.1978
vn 0.0429 -0.9890 -0.1413
vn 0.2224 -0.9452 -0.2391
vn 0.0688 -0.9477 -0.3117
vn 0.1094 -0.9684 -0.2242
vn 0.2212 -0.9554 -0.1959
vn 0.0846 -0.9805 -0.1771
vn -0.0016 -0.9558 -0.2939
vn 0.0697 -0.9776 -0.1986
vn 0.1318 -0.9779 -0.1622
vn 0.0421 -0.9881 -0.1479
vn 0.0685 -0.9893 -0.1287
vn 0.0957 -0.9679 -0.2323
vn 0.0684 -0.9884 -0.1359
vn 0.2637 -0.9504 -0.1649
vn 0.1850 -0.9412 -0.2828
vn 0.1882 -0.9413 -0.2802
vn 0.2309 -0.9563 -0.1793
vn 0.0627 -0.9797 -0.1904
vn 0.2362 -0.9635 -0.1261
vn 0.0989 -0.9714 -0.2157
vn 0.0658 -0.9876 -0.1427
vn 0.0907 -0.9900 -0.1079
vn 0.1018 -0.9432 -0.3162
vn 0.0808 -0.9683 -0.2365
vn 0.0619 -0.9789 -0.1949
vn 0.1064 -0.9877 -0.1144
vn 0.2962 -0.9446 -0.1413
vn 0.1459 -0.9478 -0.2837
vn 0.1707 -0.9682 -0.1829
vn 0.2924 -0.9533 -0.0761
vn 0.1166 -0.9813 -0.1532
vn 0.1249 -0.9828 -0.1363
vn 0.1204 -0.9864 -0.1116
vn 0.0945 -0.9900 -0.1049
vn 0.1082 -0.9508 -0.2903
vn 0.1302 -0.9579 -0.2559
vn 0.1020 -0.9804 -0.1687
vn 0.3077 -0.9450 -0.1108
vn 0.1967 -0.9476 -0.2516
vn 0.1779 -0.9705 -0.1627
vn 0.2874 -0.9558 -0.0624
vn 0.1679 -0.9782 -0.1220
vn 0.1459 -0.9857 -0.0837
vn 0.1400 -0.9559 -0.2584
vn 0.1859 -0.9691 -0.1623
vn 0.1518 -0.9783 -0.1412
vn 0.3205 -0.9450 -0.0649
vn 0.2312 -0.9476 -0.2202
vn 0.2162 -0.9682 -0.1259
vn 0.3020 -0.9532 0.0115
vn 0.1379 -0.9804 -0.1408
vn 0.1556 -0.9832 -0.0957
vn 0.1796 -0.9810 -0.0741
vn 0.1285 -0.9494 -0.2867
vn 0.2072 -0.9700 -0.1271
vn 0.1341 -0.9846 -0.1125
vn 0.1026 -0.9920 -0.0733
vn 0.3266 -0.9450 -0.0175
vn 0.2608 -0.9476 -0.1843
vn 0.2305 -0.9685 -0.0945
vn 0.2977 -0.9527 0.0604
vn 0.1763 -0.9794 -0.0984
vn 0.1684 -0.9853 -0.0269
vn 0.1552 -0.9855 -0.0690
vn 0.2085 -0.9559 -0.2070
vn 0.2248 -0.9690 -0.1021
vn 0.1832 -0.9800 -0.0779
vn 0.2674 -0.9633 -0.0238
vn 0.2893 -0.9395 -0.1834
vn 0.3430 -0.9375 0.0587
vn 0.2880 -0.9574 0.0188
vn 0.2153 -0.9762 -0.0271
vn 0.2046 -0.9788 0.0084
vn 0.1413 -0.9877 -0.0670
vn 0.1425 -0.9894 -0.0296
vn 0.2341 -0.9553 -0.1808
vn 0.2364 -0.9694 -0.0660
vn 0.2042 -0.9764 -0.0699
vn 0.1531 -0.9881 -0.0170
vn 0.2734 -0.9611 0.0383
vn 0.2066 -0.9783 0.0120
vn 0.2139 -0.9767 -0.0164
vn 0.2602 -0.9606 -0.0975
vn 0.1935 -0.9796 -0.0552
vn 0.1470 -0.9891 -0.0086
vn 0.1933 -0.9797 -0.0537
vn 0.1469 -0.9890 -0.0158
vn 0.2443 -0.9688 0.0427
vn 0.2667 -0.9596 0.0896
vn 0.1959 -0.9794 0.0480
vn 0.2393 -0.9443 -0.2257
vn 0.2246 -0.9743 0.0138
vn 0.1961 -0.9793 0.0501
vn 0.1526 -0.9881 -0.0191
vn 0.1453 -0.9893 0.0127
vn 0.1518 -0.9884 0.0098
vn 0.2832 -0.9503 0.1290
vn 0.4047 -0.9144 0.0048
vn 0.3645 -0.9278 -0.0793
vn 0.3198 -0.9403 0.1167
vn 0.2166 -0.9711 0.1003
vn 0.2813 -0.9586 -0.0440
vn 0.2125 -0.9690 0.1259
vn 0.2825 -0.9590 -0.0210
vn 0.1627 -0.9866 -0.0154
vn 0.1416 -0.9894 0.0337
vn 0.2114 -0.9773 -0.0138
vn 0.2028 -0.9792 0.0063
vn 0.1468 -0.9879 0.0496
vn 0.2621 -0.9458 0.1917
vn 0.2567 -0.9469 0.1937
vn 0.2061 -0.9755 0.0776
vn 0.1614 -0.9620 0.2201
vn 0.2058 -0.9760 0.0713
vn 0.3208 -0.9470 0.0168
vn 0.2595 -0.9656 0.0142
vn 0.1932 -0.9806 0.0336
vn 0.1368 -0.9891 0.0546
vn 0.2618 -0.9648 0.0245
vn 0.1723 -0.9827 0.0676
vn 0.1397 -0.9890 0.0481
vn 0.2814 -0.9276 0.2457
vn 0.1927 -0.9504 0.2441
vn 0.2710 -0.9513 0.1469
vn 0.2031 -0.9562 0.2109
vn 0.1730 -0.9795 0.1033
vn 0.2125 -0.9754 0.0579
vn 0.1641 -0.9778 0.1300
vn 0.3390 -0.9408 -0.0028
vn 0.1488 -0.9879 0.0441
vn 0.1261 -0.9893 0.0732
vn 0.2900 -0.9549 0.0640
vn 0.1315 -0.9879 0.0824
vn 0.1743 -0.9507 0.2566
vn 0.1743 -0.9506 0.2567
vn 0.3686 -0.9283 0.0484
vn 0.2040 -0.9388 0.2776
vn 0.1614 -0.9794 0.1216
vn 0.0898 -0.9645 0.2485
vn 0.1530 -0.9868 0.0535
vn 0.1141 -0.9893 0.0908
vn 0.3004 -0.9508 0.0758
vn 0.2757 -0.9565 0.0957
vn 0.2551 -0.9662 0.0363
vn 0.1668 -0.9795 0.1128
vn 0.1105 -0.9877 0.1106
vn 0.1986 -0.9276 0.3164
vn 0.1142 -0.9504 0.2892
vn 0.2171 -0.9513 0.2187
vn 0.1337 -0.9561 0.2606
vn 0.1358 -0.9779 0.1590
vn 0.1632 -0.9782 0.1286
vn 0.3239 -0.9411 0.0968
vn 0.1011 -0.9890 0.1079
vn 0.2565 -0.9557 0.1443
vn 0.1691 -0.9790 0.1143
vn 0.1075 -0.9890 0.1018
vn 0.1110 -0.9452 0.3071
vn 0.2374 -0.9474 0.2145
vn 0.1485 -0.9681 0.2020
vn -0.0434 -0.9451 0.3239
vn 0.1315 -0.9866 0.0971
vn 0.0830 -0.9893 0.1196
vn 0.2658 -0.9508 0.1591
vn 0.2347 -0.9568 0.1718
vn 0.1560 -0.9762 0.1510
vn 0.1486 -0.9770 0.1527
vn 0.0890 -0.9880 0.1263
vn 0.0260 -0.9504 0.3099
vn 0.0411 -0.9426 0.3315
vn 0.2392 -0.9432 0.2305
vn 0.0614 -0.9577 0.2811
vn 0.0736 -0.9779 0.1959
vn 0.1043 -0.9765 0.1885
vn 0.1298 -0.9789 0.1581
vn 0.0654 -0.9891 0.1319
vn 0.2217 -0.9564 0.1903
vn 0.1219 -0.9697 0.2119
vn 0.0767 -0.9817 0.1743
vn 0.0720 -0.9890 0.1290
vn -0.0194 -0.9504 0.3104
vn 0.0051 -0.9428 0.3332
vn 0.1915 -0.9435 0.2705
vn 0.0166 -0.9572 0.2890
vn 0.0502 -0.9762 0.2111
vn 0.0129 -0.9786 0.2054
vn 0.0821 -0.9877 0.1332
vn 0.0450 -0.9893 0.1384
vn 0.2087 -0.9508 0.2289
vn 0.1753 -0.9568 0.2321
vn 0.1023 -0.9762 0.1913
vn 0.0481 -0.9882 0.1452
vn -0.0644 -0.9504 0.3043
vn -0.0562 -0.9426 0.3293
vn 0.1627 -0.9432 0.2897
vn -0.0222 -0.9577 0.2868
vn 0.0140 -0.9779 0.2088
vn 0.0456 -0.9765 0.2105
vn 0.0787 -0.9789 0.1888
vn 0.0247 -0.9891 0.1452
vn 0.1731 -0.9508 0.2569
vn 0.1365 -0.9572 0.2550
vn 0.0676 -0.9797 0.1889
vn 0.0318 -0.9890 0.1443
vn -0.1080 -0.9504 0.2917
vn -0.0912 -0.9428 0.3206
vn 0.1054 -0.9435 0.3142
vn -0.0674 -0.9572 0.2815
vn -0.0128 -0.9762 0.2167
vn -0.0468 -0.9786 0.2004
vn 0.0402 -0.9877 0.1512
vn 0.0032 -0.9894 0.1455
vn 0.1339 -0.9508 0.2793
vn 0.1010 -0.9568 0.2728
vn 0.0429 -0.9762 0.2127
vn 0.0042 -0.9882 0.1529
vn -0.1493 -0.9504 0.2728
vn -0.1487 -0.9426 0.2991
vn 0.0723 -0.9432 0.3244
vn -0.1039 -0.9577 0.2683
vn -0.0467 -0.9779 0.2040
vn -0.0170 -0.9765 0.2147
vn 0.0210 -0.9789 0.2035
vn -0.0182 -0.9891 0.1461
vn 0.0918 -0.9508 0.2959
vn 0.0573 -0.9572 0.2836
vn 0.0103 -0.9797 0.2003
vn -0.0111 -0.9890 0.1473
vn -0.1874 -0.9504 0.2482
vn -0.1796 -0.9428 0.2807
vn 0.0104 -0.9435 0.3313
vn -0.1456 -0.9572 0.2502
vn -0.0747 -0.9762 0.2038
vn -0.1026 -0.9786 0.1784
vn -0.0050 -0.9877 0.1563
vn -0.0388 -0.9894 0.1403
vn 0.0477 -0.9508 0.3061
vn 0.0181 -0.9568 0.2903
vn -0.0202 -0.9762 0.2160
vn -0.0400 -0.9882 0.1477
vn -0.2215 -0.9504 0.2182
vn -0.2285 -0.9426 0.2436
vn -0.0242 -0.9432 0.3315
vn -0.1768 -0.9577 0.2270
vn -0.1000 -0.9786 0.1796
vn -0.0533 -0.9801 0.1912
vn -0.0594 -0.9891 0.1344
vn 0.0027 -0.9508 0.3098
vn -0.0268 -0.9572 0.2880
vn -0.0479 -0.9797 0.1948
vn -0.0531 -0.9890 0.1378
vn -0.2510 -0.9504 0.1837
vn -0.2616 -0.9426 0.2077
vn -0.0722 -0.9432 0.3244
vn -0.2079 -0.9577 0.1988
vn -0.1251 -0.9786 0.1632
vn -0.0908 -0.9800 0.1773
vn -0.0783 -0.9891 0.1243
vn -0.0425 -0.9508 0.3069
vn -0.0685 -0.9572 0.2811
vn -0.0750 -0.9779 0.1951
vn -0.0677 -0.9889 0.1323
vn -0.2750 -0.9504 0.1452
vn -0.2890 -0.9426 0.1674
vn -0.1186 -0.9432 0.3104
vn -0.2346 -0.9577 0.1665
vn -0.1475 -0.9786 0.1433
vn -0.1156 -0.9800 0.1622
vn -0.0956 -0.9891 0.1116
vn -0.0867 -0.9508 0.2974
vn -0.1087 -0.9572 0.2681
vn -0.1027 -0.9779 0.1821
vn -0.0863 -0.9889 0.1210
vn -0.3159 -0.9401 0.1279
vn -0.2560 -0.9524 0.1657
vn -0.2323 -0.9274 0.2932
vn -0.2594 -0.9455 0.1968
vn -0.1904 -0.9729 0.1311
vn -0.2129 -0.9709 0.1100
vn -0.1198 -0.9593 0.2557
vn -0.1273 -0.9799 0.1533
vn -0.0774 -0.9858 0.1491
vn -0.1098 -0.9894 0.0956
vn -0.1291 -0.9508 0.2816
vn -0.1644 -0.9625 0.2157
vn -0.1174 -0.9772 0.1772
vn -0.1190 -0.9881 0.0974
vn -0.3407 -0.9169 0.2078
vn -0.3287 -0.9391 0.0999
vn -0.3187 -0.9405 0.1176
vn -0.2504 -0.9647 0.0813
vn -0.2463 -0.9687 0.0308
vn -0.1737 -0.9761 0.1303
vn -0.1756 -0.9777 0.1152
vn -0.1189 -0.9429 0.3112
vn -0.2078 -0.9592 0.1915
vn -0.1881 -0.9509 0.2457
vn -0.1397 -0.9806 0.1375
vn -0.1240 -0.9891 0.0795
vn -0.1641 -0.9674 0.1931
vn -0.1570 -0.9829 0.0966
vn -0.1203 -0.9890 0.0856
vn -0.3222 -0.9452 0.0534
vn -0.2450 -0.9477 0.2046
vn -0.2236 -0.9684 0.1107
vn -0.2948 -0.9553 0.0199
vn -0.1752 -0.9805 0.0884
vn -0.1784 -0.9558 0.2336
vn -0.1766 -0.9776 0.1146
vn -0.2035 -0.9779 0.0479
vn -0.1237 -0.9881 0.0913
vn -0.1329 -0.9893 0.0600
vn -0.2177 -0.9679 0.1254
vn -0.1372 -0.9884 0.0657
vn -0.3095 -0.9504 -0.0307
vn -0.3192 -0.9412 0.1107
vn -0.3203 -0.9413 0.1068
vn -0.2923 -0.9563 0.0008
vn -0.1846 -0.9781 0.0964
vn -0.2874 -0.9505 -0.1183
vn -0.2101 -0.9714 0.1103
vn -0.1326 -0.9868 0.0933
vn -0.1402 -0.9893 0.0400
vn -0.2739 -0.9432 0.1880
vn -0.2085 -0.9683 0.1378
vn -0.1681 -0.9789 0.1165
vn -0.1542 -0.9877 0.0255
vn -0.2377 -0.9710 0.0262
vn -0.3170 -0.9373 0.1448
vn -0.3596 -0.9323 -0.0383
vn -0.2730 -0.9618 -0.0199
vn -0.2421 -0.9585 0.1506
vn -0.2051 -0.9787 -0.0001
vn -0.1466 -0.9890 0.0194
vn -0.2630 -0.9508 0.1636
vn -0.2580 -0.9601 0.1082
vn -0.1913 -0.9790 0.0710
vn -0.1911 -0.9792 0.0681
vn -0.1454 -0.9890 0.0282
vn -0.2476 -0.9686 -0.0231
vn -0.2674 -0.9619 -0.0574
vn -0.2030 -0.9787 -0.0295
vn -0.2616 -0.9626 0.0707
vn -0.1478 -0.9890 -0.0021
vn -0.2005 -0.9795 0.0214
vn -0.2140 -0.9756 0.0482
vn -0.1480 -0.9889 0.0158
vn -0.2282 -0.9703 -0.0807
vn -0.2067 -0.9569 -0.2041
vn -0.2903 -0.9569 0.0014
vn -0.2787 -0.9596 0.0385
vn -0.1612 -0.9866 0.0273
vn -0.1451 -0.9892 -0.0192
vn -0.2141 -0.9768 0.0061
vn -0.2163 -0.9763 0.0094
vn -0.1527 -0.9880 -0.0236
vn -0.1047 -0.9940 -0.0316
vn -0.3942 -0.9169 -0.0622
vn -0.2621 -0.9544 -0.1427
vn -0.2550 -0.9356 -0.2444
vn -0.3671 -0.9242 0.1058
vn -0.3470 -0.9357 -0.0635
vn -0.2235 -0.9706 -0.0898
vn -0.1729 -0.9784 -0.1138
vn -0.3249 -0.9457 0.0111
vn -0.2535 -0.9673 0.0052
vn -0.1635 -0.9865 -0.0019
vn -0.1368 -0.9892 -0.0533
vn -0.2577 -0.9660 -0.0202
vn -0.1728 -0.9844 -0.0334
vn -0.1463 -0.9865 -0.0741
vn -0.2100 -0.9504 -0.2294
vn -0.2351 -0.9426 -0.2372
vn -0.3303 -0.9432 -0.0363
vn -0.2204 -0.9577 -0.1849
vn -0.1780 -0.9779 -0.1101
vn -0.2040 -0.9759 -0.0776
vn -0.1993 -0.9789 -0.0458
vn -0.1324 -0.9891 -0.0644
vn -0.3096 -0.9508 -0.0087
vn -0.2869 -0.9572 -0.0373
vn -0.1929 -0.9797 -0.0549
vn -0.1358 -0.9890 -0.0581
vn -0.1926 -0.9506 -0.2433
vn -0.1926 -0.9506 -0.2432
vn -0.3712 -0.9283 -0.0213
vn -0.2238 -0.9388 -0.2620
vn -0.1699 -0.9794 -0.1096
vn -0.1139 -0.9668 -0.2287
vn -0.1569 -0.9867 -0.0418
vn -0.1205 -0.9893 -0.0822
vn -0.3051 -0.9508 -0.0537
vn -0.2820 -0.9565 -0.0753
vn -0.2065 -0.9740 -0.0930
vn -0.1252 -0.9879 -0.0918
vn -0.1764 -0.9458 -0.2727
vn -0.1518 -0.9501 -0.2724
vn -0.1707 -0.9783 -0.1177
vn -0.0578 -0.9565 -0.2860
vn -0.1953 -0.9720 -0.1308
vn -0.3426 -0.9372 -0.0656
vn -0.1487 -0.9868 -0.0646
vn -0.1072 -0.9893 -0.0989
vn -0.2675 -0.9556 -0.1233
vn -0.1979 -0.9771 -0.0782
vn -0.1021 -0.9877 -0.1183
vn -0.1751 -0.9276 -0.3300
vn -0.2006 -0.9513 -0.2340
vn -0.1637 -0.9684 -0.1883
vn -0.0966 -0.9561 -0.2766
vn -0.1318 -0.9781 -0.1609
vn -0.1534 -0.9782 -0.1401
vn -0.3160 -0.9411 -0.1202
vn -0.0929 -0.9890 -0.1150
vn -0.2453 -0.9557 -0.1626
vn -0.1602 -0.9790 -0.1264
vn -0.0998 -0.9890 -0.1094
vn -0.0486 -0.9504 -0.3072
vn -0.1879 -0.9412 -0.2809
vn -0.1843 -0.9413 -0.2828
vn -0.0747 -0.9563 -0.2826
vn -0.1400 -0.9781 -0.1542
vn 0.0417 -0.9505 -0.3078
vn -0.1598 -0.9714 -0.1754
vn -0.1238 -0.9868 -0.1047
vn -0.0742 -0.9893 -0.1256
vn -0.2512 -0.9432 -0.2174
vn -0.1861 -0.9683 -0.1669
vn -0.1578 -0.9749 -0.1569
vn -0.0789 -0.9879 -0.1332
vn -0.0416 -0.9452 -0.3239
vn -0.1851 -0.9474 -0.2610
vn -0.1010 -0.9681 -0.2295
vn 0.1128 -0.9451 -0.3068
vn -0.1072 -0.9866 -0.1234
vn -0.0550 -0.9893 -0.1348
vn -0.2249 -0.9508 -0.2131
vn -0.1918 -0.9568 -0.2187
vn -0.1460 -0.9753 -0.1658
vn -0.0993 -0.9795 -0.1753
vn -0.0451 -0.9879 -0.1483
vn 0.0419 -0.9504 -0.3081
vn 0.0320 -0.9426 -0.3325
vn -0.1834 -0.9432 -0.2771
vn 0.0012 -0.9577 -0.2877
vn -0.0307 -0.9786 -0.2033
vn -0.0747 -0.9801 -0.1840
vn -0.0351 -0.9891 -0.1427
vn -0.1750 -0.9564 -0.2340
vn -0.0729 -0.9697 -0.2334
vn -0.0370 -0.9817 -0.1868
vn -0.0422 -0.9890 -0.1416
vn 0.0864 -0.9504 -0.2988
vn 0.0801 -0.9426 -0.3243
vn -0.1411 -0.9432 -0.3008
vn 0.0430 -0.9577 -0.2845
vn -0.0008 -0.9786 -0.2056
vn -0.0365 -0.9800 -0.1958
vn -0.0140 -0.9891 -0.1463
vn -0.1539 -0.9508 -0.2688
vn -0.1176 -0.9572 -0.2643
vn -0.0598 -0.9779 -0.2003
vn -0.0272 -0.9889 -0.1461
vn 0.0979 -0.9908 -0.0937
vn 0.1106 -0.9910 -0.0759
vn 0.1189 -0.9918 -0.0464
vn 0.1452 -0.9874 -0.0629
vn 0.2582 -0.9616 -0.0932
vn 0.2377 -0.9713 -0.0102
vn 0.0054 -0.9943 -0.1067
vn 0.0209 -0.9943 -0.1047
vn 0.0359 -0.9943 -0.1005
vn 0.0501 -0.9943 -0.0941
vn 0.0574 -0.9943 -0.0895
vn 0.0694 -0.9944 -0.0792
vn 0.0606 -0.9942 -0.0894
vn 0.0882 -0.9931 -0.0771
vn 0.1299 -0.9912 0.0267
vn 0.1040 -0.9943 -0.0216
vn 0.1061 -0.9943 -0.0062
vn 0.1058 -0.9943 0.0093
vn 0.1033 -0.9943 0.0246
vn 0.0987 -0.9943 0.0394
vn 0.0919 -0.9943 0.0533
vn 0.0832 -0.9943 0.0662
vn 0.0727 -0.9943 0.0776
vn 0.0607 -0.9943 0.0874
vn 0.0473 -0.9943 0.0954
vn 0.0329 -0.9943 0.1013
vn 0.0179 -0.9943 0.1051
vn 0.0024 -0.9943 0.1067
vn -0.0132 -0.9943 0.1060
vn -0.0285 -0.9943 0.1030
vn -0.0432 -0.9943 0.0978
vn -0.0571 -0.9943 0.0905
vn -0.0697 -0.9942 0.0813
vn -0.0808 -0.9942 0.0703
vn -0.0903 -0.9942 0.0579
vn -0.0978 -0.9942 0.0441
vn -0.1032 -0.9942 0.0295
vn -0.1064 -0.9942 0.0141
vn -0.1074 -0.9942 -0.0015
vn -0.1085 -0.9939 -0.0170
vn -0.0965 -0.9942 -0.0470
vn -0.0887 -0.9942 -0.0605
vn -0.0789 -0.9942 -0.0727
vn -0.0674 -0.9942 -0.0834
vn -0.0545 -0.9942 -0.0923
vn -0.0405 -0.9942 -0.0992
vn -0.0256 -0.9943 -0.1039
vn -0.0102 -0.9943 -0.1065
vn 0.1183 -0.9269 -0.3562
vn -0.0489 -0.8890 -0.4554
vn -0.1744 -0.9050 -0.3881
vn -0.1164 -0.9127 -0.3917
vn 0.1689 -0.9269 -0.3352
vn 0.0179 -0.8889 -0.4578
vn -0.1160 -0.9050 -0.4093
vn -0.0581 -0.9127 -0.4045
vn 0.3203 -0.8725 -0.3690
vn 0.2390 -0.9224 -0.3033
vn 0.2541 -0.9273 -0.2747
vn 0.0875 -0.8901 -0.4474
vn -0.0901 -0.8987 -0.4292
vn 0.0014 -0.9127 -0.4087
vn 0.3706 -0.8725 -0.3184
vn 0.2806 -0.9224 -0.2654
vn 0.2914 -0.9273 -0.2348
vn 0.1517 -0.8900 -0.4300
vn -0.0267 -0.8986 -0.4379
vn 0.0669 -0.9133 -0.4016
vn 0.0136 -0.9296 -0.3682
vn 0.2952 -0.9269 -0.2318
vn 0.2105 -0.8889 -0.4069
vn 0.0944 -0.9035 -0.4182
vn 0.1135 -0.9064 -0.4068
vn 0.0736 -0.9304 -0.3590
vn 0.4466 -0.8725 -0.1981
vn 0.3452 -0.9224 -0.1733
vn 0.3467 -0.9273 -0.1409
vn 0.2691 -0.8900 -0.3680
vn 0.1006 -0.8987 -0.4270
vn 0.1747 -0.9127 -0.3695
vn 0.4708 -0.8725 -0.1310
vn 0.3667 -0.9224 -0.1212
vn 0.3635 -0.9273 -0.0889
vn 0.3198 -0.8900 -0.3249
vn 0.1617 -0.8986 -0.4078
vn 0.2311 -0.9133 -0.3353
vn 0.1687 -0.9296 -0.3277
vn 0.4848 -0.8725 -0.0611
vn 0.3804 -0.9224 -0.0665
vn 0.3726 -0.9273 -0.0350
vn 0.3637 -0.8901 -0.2748
vn 0.2193 -0.8987 -0.3799
vn 0.2774 -0.9133 -0.2981
vn 0.2146 -0.9296 -0.2996
vn 0.4885 -0.8725 0.0102
vn 0.3861 -0.9224 -0.0104
vn 0.3737 -0.9273 0.0196
vn 0.3998 -0.8900 -0.2189
vn 0.2723 -0.8986 -0.3439
vn 0.3179 -0.9133 -0.2545
vn 0.2559 -0.9296 -0.2652
vn 0.3709 -0.9286 0.0082
vn 0.3412 -0.9395 0.0295
vn 0.4309 -0.8850 -0.1766
vn 0.3330 -0.9058 -0.2622
vn 0.3515 -0.9133 -0.2055
vn 0.2918 -0.9296 -0.2251
vn 0.3255 -0.9094 0.2588
vn 0.3145 -0.9369 0.1530
vn 0.4246 -0.9029 -0.0670
vn 0.3117 -0.9157 0.2536
vn 0.4545 -0.8859 0.0928
vn 0.4249 -0.9052 0.0078
vn 0.4264 -0.9045 -0.0092
vn 0.3598 -0.9328 -0.0225
vn 0.2717 -0.9234 0.2710
vn 0.4362 -0.8859 0.1580
vn 0.4196 -0.9049 0.0714
vn 0.4260 -0.9033 0.0510
vn 0.2253 -0.9203 0.3197
vn 0.4073 -0.8863 0.2206
vn 0.4105 -0.9069 0.0948
vn 0.3863 -0.9127 0.1332
vn 0.1821 -0.9234 0.3378
vn 0.3722 -0.8859 0.2770
vn 0.3813 -0.9049 0.1892
vn 0.3933 -0.9033 0.1715
vn 0.1137 -0.8725 0.4752
vn 0.1077 -0.9224 0.3709
vn 0.0756 -0.9273 0.3665
vn 0.3130 -0.8900 0.3315
vn 0.4016 -0.8986 0.1764
vn 0.3316 -0.9127 0.2389
vn 0.0712 -0.9269 0.3685
vn 0.2656 -0.8889 0.3732
vn 0.3421 -0.9050 0.2530
vn 0.2877 -0.9133 0.2881
vn 0.2915 -0.9296 0.2254
vn 0.0168 -0.9269 0.3750
vn 0.2084 -0.8889 0.4080
vn 0.3016 -0.9050 0.3002
vn 0.2487 -0.9127 0.3243
vn -0.0380 -0.9269 0.3734
vn 0.1468 -0.8889 0.4340
vn 0.2546 -0.9050 0.3409
vn 0.1988 -0.9127 0.3570
vn -0.0919 -0.9269 0.3639
vn 0.0821 -0.8889 0.4507
vn 0.2023 -0.9050 0.3743
vn 0.1447 -0.9127 0.3822
vn -0.1439 -0.9269 0.3466
vn 0.0155 -0.8889 0.4578
vn 0.1456 -0.9050 0.3998
vn 0.0875 -0.9127 0.3992
vn -0.1929 -0.9269 0.3220
vn -0.0513 -0.8889 0.4552
vn 0.0859 -0.9050 0.4168
vn 0.0285 -0.9127 0.4077
vn -0.2377 -0.9269 0.2904
vn -0.1170 -0.8889 0.4429
vn 0.0243 -0.9050 0.4248
vn -0.0312 -0.9127 0.4075
vn -0.2774 -0.9269 0.2527
vn -0.1802 -0.8889 0.4211
vn -0.0378 -0.9050 0.4238
vn -0.0902 -0.9127 0.3986
vn -0.3113 -0.9269 0.2097
vn -0.2396 -0.8889 0.3904
vn -0.0991 -0.9050 0.4138
vn -0.1473 -0.9127 0.3812
vn -0.4335 -0.8800 0.1939
vn -0.1896 -0.9196 0.3440
vn -0.3302 -0.9377 0.1079
vn -0.2281 -0.9011 0.3689
vn -0.4880 -0.8725 0.0255
vn -0.3843 -0.9224 0.0385
vn -0.3741 -0.9273 0.0077
vn -0.3828 -0.8900 0.2476
vn -0.2465 -0.8986 0.3629
vn -0.2924 -0.9121 0.2873
vn -0.2368 -0.9265 0.2925
vn -0.3753 -0.9269 0.0031
vn -0.4152 -0.8889 0.1934
vn -0.3303 -0.9035 0.2733
vn -0.3385 -0.9064 0.2526
vn -0.2777 -0.9304 0.2392
vn -0.4432 -0.8952 -0.0479
vn -0.4724 -0.8637 -0.1757
vn -0.3430 -0.9217 0.1812
vn -0.3425 -0.8998 -0.2702
vn -0.3729 -0.9279 -0.0024
vn -0.3299 -0.9438 0.0184
vn -0.2816 -0.9269 -0.2481
vn -0.4383 -0.8889 -0.1330
vn -0.4254 -0.9050 0.0088
vn -0.4061 -0.9127 -0.0461
vn -0.2481 -0.9203 -0.3024
vn -0.4223 -0.8863 -0.1901
vn -0.4163 -0.9069 -0.0646
vn -0.3950 -0.9127 -0.1047
vn -0.2006 -0.9157 -0.3482
vn -0.3914 -0.8859 -0.2491
vn -0.3941 -0.9052 -0.1591
vn -0.4011 -0.9045 -0.1447
vn -0.0694 -0.8940 -0.4428
vn -0.1655 -0.9385 -0.3030
vn -0.3509 -0.8859 -0.3034
vn -0.3664 -0.9049 -0.2165
vn -0.3797 -0.9033 -0.1997
vn -0.0979 -0.9269 -0.3624
vn -0.2921 -0.8889 -0.3529
vn -0.3480 -0.9034 -0.2504
vn -0.3444 -0.9041 -0.2530
vn -0.3128 -0.9272 -0.2060
vn -0.0077 -0.8725 -0.4886
vn -0.0244 -0.9224 -0.3854
vn 0.0059 -0.9273 -0.3742
vn -0.2334 -0.8900 -0.3916
vn -0.3537 -0.8986 -0.2596
vn -0.2717 -0.9127 -0.3053
vn 0.0106 -0.9269 -0.3752
vn -0.1781 -0.8889 -0.4220
vn -0.2788 -0.9050 -0.3213
vn -0.2182 -0.9133 -0.3438
vn -0.2356 -0.9296 -0.2833
vn 0.0651 -0.9269 -0.3697
vn -0.1147 -0.8889 -0.4434
vn -0.2290 -0.9050 -0.3585
vn -0.1722 -0.9127 -0.3706
vn 0.0364 0.9454 -0.3239
vn 0.0465 0.8681 -0.4941
vn 0.1011 0.6997 -0.7072
vn 0.0138 0.5906 -0.8068
vn 0.1009 0.6799 -0.7263
vn 0.0120 0.5592 -0.8290
vn 0.0288 0.4829 -0.8752
vn 0.1066 0.4091 -0.9062
vn 0.1147 0.3366 -0.9347
vn 0.0311 0.2247 -0.9739
vn 0.0965 0.2735 -0.9570
vn -0.0441 0.9774 0.2069
vn -0.0033 0.7879 -0.6158
vn -0.0265 0.9862 0.1637
vn 0.0465 0.9687 -0.2439
vn 0.1540 0.7433 -0.6510
vn 0.1301 0.5073 -0.8519
vn 0.2120 0.4272 -0.8790
vn 0.2080 0.2893 -0.9344
vn 0.2174 0.3050 -0.9272
vn 0.1523 0.8451 -0.5125
vn 0.2228 0.5999 -0.7684
vn 0.2328 0.4860 -0.8424
vn -0.0215 0.9966 0.0793
vn 0.2593 0.6934 -0.6723
vn 0.2665 0.6667 -0.6961
vn 0.3203 0.5489 -0.7721
vn 0.3076 0.4189 -0.8543
vn 0.3198 0.2395 -0.9167
vn 0.3362 0.2771 -0.9001
vn -0.3091 0.2355 0.9214
vn 0.1302 0.9540 -0.2701
vn 0.3987 0.2802 -0.8732
vn 0.1362 0.8784 -0.4581
vn -0.0982 0.9801 0.1723
vn -0.0841 0.9849 0.1512
vn 0.0652 0.9911 -0.1162
vn 0.2352 0.8589 -0.4550
vn 0.2680 0.8055 -0.5286
vn 0.3805 0.6361 -0.6713
vn 0.4142 0.6173 -0.6689
vn 0.3809 0.4979 -0.7791
vn 0.4164 0.3898 -0.8214
vn 0.4813 0.3418 -0.8071
vn 0.5347 0.1922 -0.8229
vn 0.5113 0.2151 -0.8321
vn 0.4515 0.1749 -0.8750
vn -0.0565 0.9970 0.0538
vn 0.2628 0.8986 -0.3514
vn 0.2796 0.9129 -0.2974
vn 0.2848 0.8753 -0.3909
vn 0.3930 0.7417 -0.5436
vn 0.4763 0.6458 -0.5968
vn 0.5233 0.4464 -0.7259
vn 0.5269 0.5107 -0.6794
vn 0.5868 0.2908 -0.7557
vn -0.3442 0.8369 0.4256
vn 0.2911 0.9029 -0.3162
vn 0.5876 0.2425 -0.7720
vn 0.4993 0.4562 -0.7365
vn 0.0096 1.0000 -0.0000
vn 0.5016 0.6775 -0.5379
vn 0.5740 0.5842 -0.5738
vn 0.6014 0.5703 -0.5596
vn 0.6059 0.4480 -0.6574
vn 0.6786 0.4388 -0.5890
vn 0.6433 0.3371 -0.6874
vn 0.6618 0.3087 -0.6832
vn 0.6909 0.3002 -0.6577
vn 0.7294 0.2292 -0.6446
vn -0.0532 0.9977 0.0410
vn 0.0103 0.9999 -0.0106
vn 0.2500 0.9535 -0.1683
vn 0.4091 0.8562 -0.3154
vn 0.5191 0.7584 -0.3943
vn 0.6323 0.6454 -0.4284
vn 0.7323 0.4008 -0.5505
vn 0.7669 0.3273 -0.5520
vn 0.7811 0.3231 -0.5343
vn 0.7677 0.2466 -0.5915
vn -0.6131 0.6723 0.4149
vn -0.0591 0.9980 0.0204
vn 0.4908 0.8364 -0.2442
vn 0.6777 0.6195 -0.3961
vn 0.6544 0.6704 -0.3497
vn 0.8296 0.3414 -0.4417
vn 0.8548 0.2628 -0.4474
vn 0.8274 0.4370 -0.3527
vn 0.9003 0.2021 -0.3856
vn 0.8473 0.1902 -0.4960
vn 0.7969 0.3918 -0.4599
vn -0.0213 0.9998 0.0006
vn -0.2522 0.9635 0.0894
vn 0.6005 0.7685 -0.2208
vn 0.5379 0.8288 -0.1538
vn 0.7136 0.6482 -0.2658
vn 0.8057 0.5437 -0.2351
vn 0.8860 0.3885 -0.2531
vn 0.8775 0.3473 -0.3308
vn 0.8951 0.3724 -0.2452
vn 0.9049 0.2211 -0.3638
vn 0.7537 0.5732 -0.3214
vn 0.4727 0.8572 -0.2042
vn 0.2632 0.9600 -0.0951
vn -0.1745 0.9831 0.0559
vn 0.4070 0.9110 -0.0660
vn 0.4298 0.8997 -0.0761
vn 0.7406 0.6496 -0.1720
vn 0.7494 0.6477 -0.1370
vn 0.8215 0.5587 -0.1140
vn 0.9097 0.3759 -0.1766
vn 0.9543 0.2618 -0.1442
vn 0.4528 0.8838 -0.1179
vn 0.1808 0.9833 0.0204
vn 0.6845 0.7242 0.0841
vn 0.8238 0.5427 0.1639
vn 0.8946 0.4256 0.1364
vn 0.9692 0.1998 0.1441
vn -0.9581 -0.0297 -0.2850
vn 0.4544 0.8849 0.1021
vn 0.4730 0.8727 0.1213
vn 0.6959 0.6870 0.2090
vn 0.8211 0.5433 0.1752
vn 0.8842 0.3883 0.2596
vn 0.9282 0.2704 0.2557
vn -0.1312 0.9910 -0.0270
vn 0.0364 0.9993 0.0119
vn 0.9336 0.2389 0.2670
vn 0.9439 0.2803 0.1747
vn -0.0530 0.9983 -0.0228
vn 0.3280 0.9371 0.1190
vn 0.4757 0.8523 0.2177
vn 0.7377 0.6168 0.2746
vn 0.6859 0.6718 0.2797
vn 0.8461 0.4064 0.3448
vn 0.8910 0.2658 0.3680
vn -0.3999 0.8944 -0.2002
vn 0.9160 0.1979 0.3490
vn 0.8264 0.4725 0.3063
vn -0.1148 0.9896 -0.0863
vn 0.1151 0.9902 0.0784
vn 0.5163 0.8010 0.3029
vn 0.7114 0.5773 0.4008
vn 0.7457 0.5075 0.4317
vn 0.7320 0.4823 0.4812
vn 0.8047 0.4076 0.4316
vn 0.7521 0.3834 0.5361
vn 0.8453 0.2689 0.4618
vn 0.8459 0.2433 0.4747
vn 0.7953 0.2693 0.5431
vn 0.4618 0.8248 0.3263
vn 0.4500 0.8617 0.2345
vn 0.1654 0.9778 0.1290
vn 0.1561 0.9786 0.1341
vn 0.3743 0.8522 0.3656
vn 0.5343 0.7352 0.4172
vn 0.5767 0.6803 0.4524
vn 0.6372 0.5398 0.5501
vn 0.7110 0.4019 0.5771
vn 0.7181 0.2917 0.6319
vn -0.2303 0.9619 -0.1473
vn -0.1815 0.9713 -0.1537
vn 0.7494 0.1939 0.6331
vn 0.7890 0.1783 0.5880
vn -0.2485 0.9290 -0.2744
vn 0.0270 0.9989 0.0382
vn 0.0074 0.9999 -0.0068
vn 0.4072 0.8007 0.4393
vn 0.4373 0.7614 0.4786
vn 0.5885 0.5421 0.5998
vn 0.5975 0.4969 0.6293
vn 0.5569 0.4708 0.6843
vn 0.5718 0.3816 0.7262
vn 0.6595 0.3173 0.6815
vn 0.6506 0.2758 0.7076
vn 0.6442 0.1762 0.7443
vn 0.6559 0.2108 0.7248
vn -0.0093 0.9997 -0.0236
vn 0.1760 0.9526 0.2481
vn 0.1647 0.9437 0.2868
vn 0.4492 0.6664 0.5951
vn 0.3648 0.7683 0.5260
vn 0.4771 0.6053 0.6372
vn 0.4553 0.5007 0.7362
vn 0.4561 0.4959 0.7390
vn 0.5546 0.3449 0.7573
vn 0.3440 0.7347 0.5847
vn 0.5483 0.2120 0.8090
vn 0.5586 0.2327 0.7961
vn 0.2399 0.9157 0.3223
vn 0.0577 0.9893 0.1344
vn 0.0838 0.9795 0.1834
vn 0.2996 0.7159 0.6307
vn 0.3436 0.5516 0.7601
vn 0.3433 0.5500 0.7614
vn 0.4439 0.4654 0.7657
vn 0.3518 0.4369 0.8279
vn 0.4562 0.2646 0.8496
vn 0.4448 0.2502 0.8600
vn 0.4205 0.2584 0.8697
vn 0.3839 0.2322 0.8937
vn 0.3064 0.7682 0.5621
vn -0.1042 0.9151 -0.3895
vn 0.0307 0.9949 0.0966
vn 0.0906 0.9251 0.3687
vn 0.1937 0.8335 0.5174
vn 0.1746 0.8051 0.5669
vn 0.1880 0.7429 0.6424
vn 0.2338 0.6094 0.7576
vn 0.2400 0.4737 0.8474
vn 0.2110 0.4543 0.8655
vn 0.3049 0.3474 0.8868
vn 0.3052 0.3453 0.8875
vn 0.2318 0.2045 0.9510
vn 0.2612 0.2103 0.9421
vn -0.1334 0.8436 -0.5200
vn 0.0100 0.9996 -0.0270
vn 0.0083 0.9993 0.0358
vn 0.0702 0.8705 0.4872
vn 0.1095 0.7098 0.6958
vn 0.1071 0.6345 0.7655
vn 0.0677 0.6256 0.7772
vn 0.1277 0.5680 0.8130
vn 0.1797 0.3074 0.9345
vn 0.1237 0.3006 0.9457
vn 0.1107 0.3363 0.9352
vn 0.0321 0.9135 0.4056
vn 0.2116 0.2213 0.9520
vn 0.0172 0.8929 0.4500
vn -0.0118 0.8894 0.4570
vn -0.0366 0.7965 0.6035
vn 0.0259 0.5440 0.8387
vn -0.0189 0.6012 0.7988
vn 0.0340 0.3945 0.9183
vn -0.0176 0.3109 0.9503
vn -0.0659 0.8361 -0.5446
vn -0.0373 0.9132 -0.4058
vn -0.0243 0.9902 0.1377
vn 0.0323 0.9658 -0.2572
vn -0.0189 0.9865 0.1626
vn -0.0565 0.9597 0.2753
vn -0.1270 0.7365 0.6644
vn -0.1297 0.7468 0.6523
vn -0.1394 0.5653 0.8131
vn -0.0891 0.4471 0.8900
vn -0.0909 0.3796 0.9207
vn -0.1924 0.4341 0.8801
vn -0.1321 0.3093 0.9418
vn -0.1841 0.3266 0.9270
vn 0.0241 0.9717 -0.2350
vn -0.1267 0.1748 0.9764
vn 0.0310 0.9918 -0.1242
vn 0.0284 0.9921 -0.1226
vn -0.1011 0.9531 0.2853
vn -0.1917 0.7155 0.6718
vn -0.2019 0.8039 0.5595
vn -0.2776 0.4295 0.8593
vn -0.2721 0.4816 0.8331
vn -0.3061 0.3863 0.8701
vn -0.2258 0.2501 0.9415
vn -0.2996 0.2847 0.9106
vn 0.1360 0.7305 -0.6693
vn -0.3288 0.1895 0.9252
vn 0.1984 0.9044 -0.3779
vn 0.0556 0.9916 -0.1165
vn -0.0656 0.9889 0.1331
vn -0.2924 0.7077 0.6432
vn -0.3074 0.6768 0.6689
vn -0.3812 0.5585 0.7367
vn -0.3912 0.3655 0.8446
vn -0.4352 0.2542 0.8637
vn -0.4565 0.2507 0.8537
vn -0.2208 0.9001 0.3755
vn -0.3101 0.8275 0.4681
vn -0.3552 0.8039 0.4771
vn -0.4356 0.5451 0.7163
vn -0.4681 0.5008 0.7281
vn -0.4996 0.4273 0.7535
vn -0.5016 0.4190 0.7568
vn -0.5487 0.3098 0.7765
vn 0.2100 0.8894 -0.4060
vn -0.5280 0.1628 0.8335
vn -0.1191 0.9706 0.2092
vn 0.0498 0.9968 -0.0622
vn -0.0357 0.9988 0.0338
vn -0.1350 0.9776 0.1612
vn -0.2756 0.9091 0.3124
vn -0.3239 0.8821 0.3421
vn -0.4488 0.6855 0.5733
vn -0.5386 0.5949 0.5967
vn -0.5417 0.5900 0.5987
vn -0.5907 0.5595 0.5813
vn -0.5734 0.4759 0.6669
vn -0.6120 0.2746 0.7417
vn -0.6262 0.3305 0.7061
vn -0.6706 0.3033 0.6769
vn -0.6942 0.2282 0.6827
vn 0.6799 0.3432 -0.6480
vn -0.1797 0.9735 0.1415
vn -0.3571 0.8853 0.2977
vn -0.4384 0.8274 0.3510
vn -0.5635 0.6764 0.4743
vn -0.6720 0.3978 0.6246
vn -0.7239 0.3773 0.5776
vn -0.7719 0.2470 0.5859
vn -0.7068 0.4782 0.5213
vn -0.7652 0.1795 0.6183
vn 0.0505 0.9982 -0.0334
vn -0.5669 0.7478 0.3456
vn -0.5322 0.7922 0.2985
vn -0.7066 0.5580 0.4352
vn -0.7574 0.5102 0.4075
vn -0.7257 0.4823 0.4907
vn -0.8005 0.3163 0.5091
vn -0.8370 0.2906 0.4637
vn 0.4424 0.8394 -0.3158
vn -0.8598 0.1975 0.4708
vn -0.7923 0.2544 0.5546
vn 0.0988 0.9941 -0.0446
vn 0.6526 0.7196 -0.2374
vn -0.0828 0.9961 0.0312
vn -0.2569 0.9582 0.1261
vn -0.2664 0.9550 0.1306
vn -0.6675 0.6798 0.3040
vn -0.5610 0.7984 0.2188
vn -0.7067 0.6304 0.3212
vn -0.8117 0.4957 0.3089
vn -0.8791 0.3175 0.3554
vn -0.8791 0.3196 0.3535
vn -0.8344 0.3458 0.4292
vn -0.3240 0.9432 0.0731
vn -0.4970 0.8599 0.1166
vn -0.6088 0.7730 0.1786
vn -0.7990 0.5486 0.2462
vn -0.7647 0.6069 0.2166
vn -0.9113 0.3385 0.2342
vn -0.9251 0.2862 0.2497
vn -0.8273 0.5360 0.1680
vn -0.8894 0.4263 0.1648
vn -0.9611 0.1984 0.1923
vn -0.9225 0.2666 0.2793
vn 0.1715 0.9840 -0.0475
vn -0.6662 0.7403 0.0903
vn -0.9261 0.3579 0.1191
vn 0.0583 0.9981 0.0190
vn 0.0338 0.9992 0.0203
vn -0.5137 0.8559 -0.0599
vn -0.4199 0.9037 -0.0839
vn -0.4346 0.8955 -0.0963
vn -0.5814 0.7986 -0.1556
vn -0.7418 0.6552 -0.1427
vn -0.7097 0.6809 -0.1809
vn -0.8764 0.4671 -0.1171
vn -0.8682 0.4803 -0.1247
vn -0.8595 0.4618 -0.2189
vn -0.9391 0.3023 -0.1632
vn -0.9653 0.1543 -0.2106
vn -0.9689 0.1865 -0.1627
vn -0.9655 0.2143 -0.1480
vn 0.0586 0.9981 0.0205
vn -0.2104 0.9745 -0.0783
vn -0.5103 0.8343 -0.2086
vn -0.7633 0.6115 -0.2086
vn -0.7753 0.5526 -0.3059
vn -0.8033 0.5000 -0.3234
vn -0.9050 0.3387 -0.2575
vn -0.8382 0.4331 -0.3313
vn -0.9000 0.3513 -0.2579
vn -0.9079 0.1939 -0.3717
vn -0.9315 0.1891 -0.3107
vn -0.9324 0.2251 -0.2828
vn 0.0647 0.9976 0.0235
vn -0.3388 0.9191 -0.2014
vn -0.6282 0.7284 -0.2734
vn -0.6469 0.6812 -0.3427
vn -0.7372 0.5420 -0.4033
vn -0.7480 0.5113 -0.4232
vn -0.8716 0.2822 -0.4008
vn -0.8266 0.3371 -0.4506
vn -0.5409 0.7760 -0.3245
vn -0.8797 0.2565 -0.4004
vn -0.3769 0.9116 -0.1640
vn 0.5379 -0.7622 0.3601
vn 0.0461 0.9985 0.0289
vn 0.0340 0.9992 0.0190
vn -0.3959 0.8699 -0.2941
vn -0.4888 0.7724 -0.4055
vn -0.6946 0.5393 -0.4761
vn -0.6942 0.5584 -0.4542
vn -0.7437 0.4116 -0.5268
vn -0.7160 0.3763 -0.5880
vn -0.8154 0.2478 -0.5232
vn -0.8102 0.2530 -0.5288
vn -0.7676 0.2210 -0.6016
vn -0.5964 0.6474 -0.4746
vn -0.7298 0.3153 -0.6066
vn -0.3970 0.8835 -0.2486
vn 0.0674 0.9955 0.0660
vn -0.1786 0.9692 -0.1698
vn -0.2661 0.9244 -0.2732
vn -0.4309 0.8065 -0.4048
vn -0.5234 0.6452 -0.5565
vn -0.6565 0.4832 -0.5792
vn -0.6256 0.4915 -0.6059
vn -0.6887 0.2623 -0.6759
vn -0.6315 0.3739 -0.6793
vn 0.0669 0.9956 0.0658
vn -0.2751 0.8931 -0.3560
vn -0.3341 0.8243 -0.4571
vn -0.2752 0.8846 -0.3766
vn -0.5206 0.5600 -0.6445
vn -0.4980 0.5397 -0.6788
vn -0.6082 0.3747 -0.6998
vn -0.5166 0.3768 -0.7688
vn -0.5974 0.3187 -0.7359
vn 0.3354 0.8609 0.3826
vn -0.4985 0.6408 -0.5838
vn 0.3223 0.7989 0.5078
vn 0.0819 0.9852 0.1503
vn -0.0433 0.9962 -0.0761
vn -0.0831 0.9817 -0.1713
vn -0.1806 0.9255 -0.3330
vn -0.3902 0.6914 -0.6081
vn -0.3733 0.6247 -0.6859
vn -0.3994 0.5350 -0.7445
vn -0.4209 0.4834 -0.7676
vn -0.5155 0.3753 -0.7703
vn -0.4226 0.3257 -0.8458
vn -0.5060 0.2449 -0.8271
vn -0.5114 0.2106 -0.8331
vn -0.0763 0.9793 -0.1873
vn -0.2838 0.7505 -0.5968
vn -0.2511 0.7237 -0.6428
vn -0.2155 0.7553 -0.6189
vn -0.2004 0.7312 -0.6521
vn -0.3320 0.5078 -0.7949
vn -0.3344 0.4130 -0.8471
vn -0.2818 0.3663 -0.8868
vn -0.2863 0.3161 -0.9045
vn 0.1672 0.9384 0.3024
vn 0.0791 0.9682 0.2374
vn -0.3931 0.2027 -0.8969
vn -0.3990 0.2096 -0.8927
vn -0.4043 0.3066 -0.8617
vn 0.0204 0.9984 0.0530
vn -0.0446 0.9899 -0.1344
vn -0.0825 0.8859 -0.4565
vn -0.1609 0.7535 -0.6374
vn -0.1358 0.5678 -0.8119
vn -0.2521 0.4147 -0.8743
vn -0.1933 0.4197 -0.8868
vn -0.1656 0.3013 -0.9390
vn 0.0954 0.9010 0.4232
vn -0.1940 0.2157 -0.9570
vn -0.2633 0.2135 -0.9408
vn -0.0014 0.9954 0.0960
vn -0.0660 0.8891 -0.4529
vn -0.0327 0.9327 -0.3592
vn -0.0702 0.7185 -0.6920
vn -0.0085 0.7395 -0.6731
vn -0.0741 0.4591 -0.8853
vn -0.0963 0.3075 -0.9467
vn -0.0784 0.3424 -0.9363
vn -0.0033 0.3151 -0.9491
vn -0.0048 0.9867 -0.1627
vn -0.1110 0.5759 -0.8100
vn 0.0012 0.9998 0.0191
vn 0.0055 0.9998 0.0195
vn 0.0042 0.9998 0.0181
vn 0.0183 0.9996 0.0195
vn 0.0063 0.9998 0.0164
vn 0.0064 0.9999 0.0088
vn 0.0158 0.9997 0.0169
vn 0.0115 0.9999 0.0028
vn 0.0099 0.9999 0.0070
vn 0.0279 0.9996 0.0069
vn 0.0416 0.9987 -0.0292
vn 0.0238 0.9996 0.0131
vn 0.0245 0.9996 0.0117
vn 0.0256 0.9997 -0.0036
vn 0.0150 0.9998 -0.0138
vn 0.0131 0.9999 -0.0085
vn 0.0233 0.9994 -0.0254
vn 0.0153 0.9996 -0.0220
vn 0.0144 0.9996 -0.0223
vn 0.0043 0.9998 -0.0171
vn 0.0019 0.9999 -0.0108
vn -0.0024 0.9995 -0.0308
vn -0.0035 0.9999 -0.0120
vn -0.0074 0.9997 -0.0231
vn -0.0151 0.9995 -0.0273
vn -0.0171 0.9997 -0.0168
vn -0.0109 0.9999 -0.0091
vn -0.0257 0.9996 -0.0104
vn -0.0156 0.9999 0.0007
vn -0.0264 0.9995 0.0162
vn -0.0120 0.9999 -0.0088
vn -0.0277 0.9996 0.0101
vn -0.0242 0.9993 0.0276
vn -0.0158 0.9998 0.0133
vn -0.0115 0.9999 0.0066
vn -0.0080 0.9996 0.0264
vn 0.0006 0.9999 0.0159
vn -0.0009 0.9999 0.0117
vn 0.0069 1.0000 -0.0034
vn -0.0075 0.9999 0.0103
vn -0.0240 0.9991 0.0343
vn -0.0005 0.9993 0.0373
vn 0.0135 0.9985 0.0527
vn 0.0231 0.9988 0.0434
vn 0.0144 0.9997 0.0212
vn 0.0403 0.9988 0.0275
vn 0.0436 0.9988 -0.0217
vn 0.0272 0.9996 -0.0009
vn 0.0451 0.9985 -0.0318
vn 0.0441 0.9987 -0.0246
vn 0.0154 0.9996 -0.0219
vn 0.0146 0.9983 -0.0556
vn 0.0242 0.9994 -0.0241
vn -0.0009 0.9996 -0.0298
vn -0.0191 0.9993 -0.0311
vn 0.0007 0.9994 -0.0349
vn 0.0088 0.9992 -0.0388
vn -0.0264 0.9993 -0.0249
vn 0.0220 0.9405 -0.3389
vn -0.0258 0.9995 -0.0156
vn -0.0282 0.9994 -0.0205
vn -0.0312 0.9994 -0.0120
vn -0.0262 0.9995 0.0150
vn -0.0234 0.9994 0.0262
vn -0.0420 0.9974 0.0579
vn -0.0449 0.9989 -0.0105
vn -0.0239 0.9987 0.0446
vn 0.0082 0.9994 0.0322
vn -0.7617 0.6168 -0.1984
vn -0.7787 0.5924 -0.2068
vn -0.3664 0.9262 -0.0893
vn -0.3073 0.9510 0.0336
vn -0.1567 0.9851 -0.0703
vn -0.1324 0.9903 -0.0417
vn -0.0752 0.9969 -0.0252
vn -0.0685 0.9976 -0.0055
vn -0.0444 0.9983 -0.0368
vn 0.3572 0.6950 0.6240
vn 0.3304 0.7550 0.5664
vn 0.1623 0.9399 0.3003
vn 0.1816 0.9285 0.3239
vn 0.1086 0.9892 0.0984
vn 0.0566 0.9942 0.0917
vn 0.0034 0.9838 0.1790
vn 0.0240 0.9988 0.0421
vn 0.0279 0.9986 0.0447
vn 0.4156 0.8021 -0.4288
vn 0.5546 0.6039 -0.5725
vn 0.4464 0.7080 -0.5472
vn 0.4221 0.7735 -0.4728
vn 0.2425 0.9314 -0.2715
vn 0.2347 0.9367 -0.2599
vn 0.1155 0.9850 -0.1279
vn 0.0487 0.9949 -0.0885
vn 0.2496 0.9682 0.0168
vn 0.0496 0.9972 -0.0567
vn -0.7182 0.6272 -0.3013
vn -0.7046 0.6458 -0.2939
vn -0.4451 0.8931 -0.0655
vn -0.2327 0.9665 -0.1083
vn -0.2508 0.9589 -0.1328
vn -0.1360 0.9888 -0.0610
vn -0.1063 0.9943 -0.0100
vn -0.0707 0.9966 -0.0433
vn 0.2707 0.6569 0.7037
vn 0.3781 0.4422 0.8133
vn 0.2337 0.7419 0.6284
vn 0.1398 0.9284 0.3442
vn 0.0976 0.9852 0.1406
vn 0.2077 0.9598 0.1889
vn 0.0268 0.9896 0.1410
vn 0.0282 0.9900 0.1380
vn 0.0256 0.9985 0.0489
vn 0.0076 0.9988 0.0492
vn 0.0254 0.9985 0.0492
vn -0.0588 0.6225 0.7804
vn -0.0532 0.6560 0.7529
vn -0.0271 0.9232 0.3835
vn 0.0428 0.9332 0.3567
vn -0.0401 0.9743 0.2216
vn -0.0099 0.9870 0.1603
vn -0.0130 0.9870 0.1603
vn 0.0263 0.9951 0.0951
vn -0.0464 0.9968 0.0654
vn -0.0137 0.9988 0.0469
vn 0.5656 0.6914 -0.4495
vn 0.4826 0.7776 -0.4030
vn 0.2794 0.9314 -0.2334
vn 0.2701 0.9367 -0.2229
vn 0.1247 0.9868 -0.1029
vn 0.0647 0.9943 -0.0846
vn 0.2915 0.9489 0.1211
vn 0.0466 0.9986 -0.0252
vn -0.8260 0.3270 -0.4592
vn -0.6522 0.6403 -0.4058
vn -0.3300 0.9233 -0.1967
vn -0.2920 0.9494 -0.1157
vn -0.1702 0.9771 -0.1276
vn -0.1309 0.9887 -0.0736
vn -0.1048 0.9927 -0.0601
vn -0.0692 0.9975 0.0150
vn -0.0580 0.9952 -0.0787
vn 0.1671 0.6460 0.7449
vn 0.1524 0.7573 0.6350
vn 0.0689 0.9399 0.3343
vn 0.0806 0.9285 0.3626
vn 0.0757 0.9892 0.1255
vn 0.0277 0.9942 0.1041
vn -0.0483 0.9838 0.1724
vn 0.0143 0.9986 0.0514
vn 0.0130 0.9985 0.0525
vn -0.2569 0.2036 0.9448
vn -0.1601 0.6039 0.7808
vn -0.1469 0.4830 0.8632
vn -0.1342 0.8007 0.5839
vn -0.0748 0.9265 0.3688
vn -0.0596 0.9735 0.2206
vn -0.0016 0.9949 0.1007
vn -0.1169 0.9838 0.1357
vn -0.0160 0.9969 0.0769
vn -0.0056 0.9988 0.0492
vn 0.8179 0.3604 -0.4485
vn 0.6575 0.6337 -0.4077
vn 0.5943 0.7111 -0.3758
vn 0.3141 0.9308 -0.1870
vn 0.3240 0.9255 -0.1960
vn 0.1383 0.9868 -0.0837
vn 0.0670 0.9951 -0.0729
vn 0.1795 0.9837 -0.0093
vn 0.0451 0.9987 -0.0240
vn 0.0439 0.9986 -0.0295
vn -0.6906 0.3525 -0.6315
vn -0.5939 0.6425 -0.4843
vn -0.7075 0.4813 -0.5174
vn -0.3440 0.9334 -0.1020
vn -0.2002 0.9636 -0.1770
vn -0.2165 0.9536 -0.2094
vn -0.0942 0.9925 -0.0777
vn -0.0697 0.9966 -0.0428
vn -0.0240 0.9981 -0.0559
vn 0.0435 0.5581 0.8287
vn 0.0570 0.6571 0.7516
vn 0.1202 0.4653 0.8770
vn 0.0281 0.9282 0.3709
vn 0.1232 0.9166 0.3802
vn -0.0107 0.9752 0.2210
vn 0.0137 0.9871 0.1596
vn 0.0086 0.9906 0.1369
vn 0.0421 0.9956 0.0842
vn -0.0408 0.9968 0.0687
vn 0.0043 0.9984 0.0570
vn -0.3467 0.4079 0.8446
vn -0.2278 0.7388 0.6342
vn -0.2182 0.7198 0.6589
vn -0.0920 0.9240 0.3711
vn -0.0989 0.9730 0.2085
vn -0.0106 0.9891 0.1468
vn -0.0489 0.9961 0.0737
vn -0.0247 0.9985 0.0493
vn -0.0060 0.9996 0.0284
vn 0.7822 0.5364 -0.3169
vn 0.7180 0.6261 -0.3040
vn 0.3635 0.9180 -0.1584
vn 0.3381 0.9303 -0.1421
vn 0.1471 0.9872 -0.0618
vn 0.0825 0.9949 -0.0580
vn 0.1789 0.9837 0.0169
vn 0.0631 0.9976 -0.0282
vn 0.0454 0.9987 -0.0235
vn -0.5264 0.6179 -0.5841
vn -0.4430 0.7412 -0.5043
vn -0.2693 0.9185 -0.2897
vn -0.1768 0.9616 -0.2097
vn -0.0812 0.9947 -0.0633
vn -0.0716 0.9909 -0.1144
vn -0.0571 0.9964 -0.0620
vn -0.0601 0.9964 -0.0595
vn -0.0564 0.9966 -0.0596
vn -0.3946 0.5716 0.7194
vn -0.3354 0.7352 0.5890
vn -0.1871 0.9202 0.3437
vn -0.1724 0.9370 0.3039
vn -0.0692 0.9900 0.1233
vn -0.0687 0.9903 0.1209
vn -0.0671 0.9903 0.1215
vn -0.0165 0.9956 0.0920
vn -0.0738 0.9967 0.0348
vn -0.0299 0.9989 0.0375
vn 0.7734 0.6006 -0.2027
vn 0.7386 0.6471 -0.1889
vn 0.3662 0.9251 -0.1005
vn 0.2843 0.9566 -0.0638
vn 0.1522 0.9871 -0.0499
vn 0.0916 0.9956 -0.0178
vn 0.0647 0.9976 -0.0232
vn 0.7517 0.6463 -0.1312
vn -0.4089 0.6790 -0.6097
vn -0.3859 0.7272 -0.5677
vn -0.2106 0.9218 -0.3255
vn -0.1574 0.9622 -0.2222
vn -0.1223 0.9874 -0.1003
vn -0.0324 0.9954 -0.0901
vn -0.0114 0.9994 -0.0319
vn -0.5250 0.5625 0.6387
vn -0.4304 0.6999 0.5700
vn -0.4361 0.6912 0.5763
vn -0.2157 0.9366 0.2762
vn -0.2222 0.9311 0.2892
vn -0.0494 0.9881 0.1455
vn -0.0657 0.9943 0.0837
vn -0.1342 0.9880 0.0763
vn -0.0315 0.9983 0.0498
vn -0.0291 0.9989 0.0379
vn 0.5919 0.8039 -0.0586
vn 0.2781 0.9572 -0.0798
vn 0.1278 0.9887 0.0781
vn 0.9856 0.1139 -0.1251
vn -0.4255 0.5313 -0.7326
vn -0.2926 0.6964 -0.6553
vn -0.2801 0.7449 -0.6056
vn -0.1619 0.9271 -0.3381
vn -0.2875 0.9354 -0.2059
vn -0.0842 0.9734 -0.2132
vn -0.0730 0.9875 -0.1397
vn -0.0050 0.9976 -0.0689
vn -0.0313 0.9968 -0.0737
vn -0.6020 0.5417 0.5866
vn -0.5633 0.6108 0.5564
vn -0.2698 0.9283 0.2560
vn -0.2752 0.9245 0.2639
vn -0.0672 0.9884 0.1365
vn -0.0730 0.9948 0.0716
vn -0.2197 0.9754 -0.0175
vn -0.0429 0.9986 0.0303
vn -0.7087 0.3528 0.6110
vn -0.2124 0.5292 -0.8215
vn -0.2191 0.6634 -0.7155
vn -0.2114 0.7062 -0.6757
vn -0.1040 0.9311 -0.3496
vn -0.1033 0.9317 -0.3482
vn -0.0426 0.9887 -0.1435
vn -0.0566 0.9953 -0.0780
vn -0.0133 0.9903 -0.1380
vn -0.0259 0.9967 -0.0771
vn -0.0644 0.9934 -0.0945
vn -0.6242 0.6393 0.4492
vn -0.6397 0.6182 0.4567
vn -0.3159 0.9196 0.2337
vn -0.2963 0.9310 0.2130
vn -0.0879 0.9915 0.0957
vn -0.0872 0.9943 0.0608
vn -0.1487 0.9882 0.0366
vn -0.0453 0.9986 0.0274
vn 0.7773 0.6082 0.1611
vn 0.4343 0.8982 0.0687
vn 0.3521 0.9335 0.0683
vn 0.1383 0.9904 -0.0023
vn 0.0849 0.9961 0.0245
vn 0.9778 0.1620 0.1328
vn -0.1074 0.5710 -0.8139
vn -0.1072 0.7026 -0.7034
vn -0.0571 0.9237 -0.3789
vn -0.0520 0.9303 -0.3631
vn -0.0244 0.9851 -0.1705
vn -0.0372 0.9951 -0.0917
vn 0.0565 0.9843 -0.1672
vn -0.0151 0.9972 -0.0733
vn -0.8617 0.3129 0.3995
vn -0.6769 0.6449 0.3549
vn -0.7420 0.5050 0.4409
vn -0.3335 0.9278 0.1674
vn -0.3513 0.9185 0.1817
vn -0.0994 0.9921 0.0768
vn -0.0944 0.9943 0.0504
vn -0.1381 0.9902 0.0217
vn 0.8607 0.3835 0.3348
vn 0.7394 0.6269 0.2457
vn 0.8855 0.4002 0.2358
vn 0.3366 0.9346 0.1152
vn 0.3840 0.9229 0.0290
vn 0.1981 0.9747 0.1036
vn 0.1285 0.9906 0.0462
vn 0.0846 0.9961 0.0259
vn 0.0994 0.9950 0.0126
vn 0.0474 0.9986 0.0228
vn 0.0275 0.9996 0.0070
vn -0.0105 0.6149 -0.7885
vn 0.0034 0.7457 -0.6662
vn -0.0030 0.9249 -0.3803
vn 0.0014 0.9367 -0.3503
vn 0.0006 0.9868 -0.1617
vn -0.0231 0.9942 -0.1053
vn 0.2542 0.9556 -0.1492
vn 0.0022 0.9980 -0.0636
vn -0.7869 0.5601 0.2589
vn -0.7599 0.5979 0.2549
vn -0.4411 0.8846 0.1516
vn -0.3717 0.9184 0.1356
vn -0.2039 0.9628 0.1773
vn -0.1408 0.9896 0.0287
vn -0.1200 0.9921 0.0365
vn -0.0801 0.9963 0.0302
vn -0.1032 0.9945 0.0166
vn 0.7030 0.6101 0.3655
vn 0.6933 0.6253 0.3582
vn 0.3465 0.9219 0.1733
vn 0.3504 0.9323 0.0895
vn 0.1788 0.9764 0.1214
vn 0.1423 0.9871 0.0738
vn 0.1227 0.9906 0.0605
vn 0.0868 0.9962 0.0103
vn 0.0348 0.9975 0.0623
vn 0.0417 0.9987 0.0281
vn 0.1103 0.4651 -0.8784
vn 0.0922 0.6743 -0.7327
vn 0.0936 0.7597 -0.6435
vn 0.0524 0.9314 -0.3603
vn 0.0524 0.9367 -0.3463
vn 0.0242 0.9868 -0.1599
vn -0.0104 0.9947 -0.1027
vn 0.2362 0.9643 -0.1200
vn 0.0184 0.9986 -0.0489
vn -0.9148 0.3652 0.1725
vn -0.7866 0.5957 0.1627
vn -0.3222 0.9454 0.0491
vn -0.3969 0.9172 0.0345
vn -0.2523 0.9667 0.0425
vn -0.0888 0.9960 0.0021
vn -0.0763 0.9969 -0.0214
vn 0.6812 0.4917 0.5424
vn 0.6935 0.5574 0.4565
vn 0.5627 0.7216 0.4033
vn 0.3709 0.8882 0.2712
vn 0.3045 0.9294 0.2085
vn 0.1482 0.9880 0.0442
vn 0.0896 0.9939 0.0645
vn 0.0791 0.9838 0.1607
vn 0.0404 0.9988 0.0281
vn 0.0434 0.9987 0.0255
vn 0.2581 0.5449 -0.7978
vn 0.1919 0.7244 -0.6621
vn 0.1696 0.6587 -0.7331
vn 0.1068 0.9311 -0.3489
vn 0.1071 0.9303 -0.3509
vn 0.0437 0.9887 -0.1432
vn -0.0041 0.9953 -0.0963
vn 0.1005 0.9857 -0.1356
vn -0.0081 0.9976 -0.0684
vn 0.0232 0.9986 -0.0484
vn 0.5923 0.5817 0.5575
vn 0.4539 0.7717 0.4454
vn 0.3312 0.8914 0.3094
vn 0.1247 0.9820 0.1420
vn 0.1805 0.9718 0.1516
vn 0.1073 0.9897 0.0949
vn 0.0701 0.9963 0.0505
vn 0.0675 0.9972 0.0327
vn 0.0196 0.9974 0.0694
vn 0.3778 0.4862 -0.7880
vn 0.3169 0.6482 -0.6924
vn 0.1627 0.9243 -0.3452
vn 0.1618 0.9257 -0.3418
vn 0.0737 0.9851 -0.1557
vn 0.0196 0.9951 -0.0971
vn 0.1395 0.9843 -0.1083
vn 0.0278 0.9972 -0.0696
vn -0.8096 0.5604 -0.1746
vn -0.3747 0.9252 -0.0600
vn -0.2339 0.9692 0.0768
vn -0.1337 0.9904 -0.0345
vn -0.0414 0.9978 -0.0519
vn -0.0716 0.9971 0.0267
vn -0.0005 -0.0000 1.0000
vn -0.0567 0.9983 -0.0132
vn 0.4390 0.7056 0.5563
vn 0.4290 0.7213 0.5437
vn 0.4044 0.7522 0.5202
vn 0.1408 0.9728 0.1842
vn 0.1260 0.9858 0.1111
vn 0.2444 0.9596 0.1395
vn 0.0346 0.9928 0.1144
vn 0.0258 0.9986 0.0455
vn 0.0284 0.9990 0.0331
vn 0.3233 0.8417 0.4324
vn 0.4859 0.6970 0.5274
vn 0.6063 0.2120 0.7665
vn 0.5627 0.3659 0.7413
vn 0.5617 0.3746 0.7376
vn 0.5993 0.2815 0.7494
vn 0.3238 0.7966 0.5105
vn 0.6231 -0.0021 0.7821
vn 0.5870 0.0044 0.8096
vn -0.4538 0.8848 -0.1056
vn -0.4778 0.8705 -0.1184
vn -0.9783 0.1062 -0.1781
vn -0.9390 0.3167 -0.1344
vn -0.9252 0.3555 -0.1327
vn -0.9890 -0.0000 -0.1480
vn -0.9890 -0.0000 -0.1481
vn -0.9885 0.0006 -0.1515
vn -0.9882 -0.0000 -0.1529
vn -0.9882 -0.0000 -0.1530
vn -0.9825 0.1398 -0.1233
vn 0.2101 0.8464 -0.4893
vn 0.3833 0.5911 -0.7097
vn 0.3079 0.6290 -0.7138
vn 0.2896 0.4957 -0.8188
vn 0.3815 0.6230 -0.6829
vn 0.4764 -0.0007 -0.8792
vn 0.4307 0.0055 -0.9025
vn 0.4074 0.0013 -0.9133
vn 0.5377 0.6705 0.5112
vn 0.4961 0.7504 0.4368
vn 0.4724 0.7296 0.4945
vn 0.7086 0.3007 0.6383
vn 0.6715 0.2681 0.6908
vn 0.7233 0.2591 0.6400
vn 0.6719 0.2591 0.6938
vn 0.2487 0.9388 0.2384
vn 0.6924 0.0003 0.7215
vn 0.7431 -0.0004 0.6692
vn 0.6621 0.0021 0.7494
vn 0.7151 0.0042 0.6990
vn 0.1169 0.8676 -0.4833
vn 0.1637 0.7987 -0.5790
vn 0.2446 0.2833 -0.9273
vn 0.3363 0.3763 -0.8633
vn 0.2452 0.2892 -0.9253
vn 0.3236 0.0018 -0.9462
vn 0.2627 -0.0006 -0.9649
vn 0.3074 0.0044 -0.9516
vn 0.3288 0.9120 0.2452
vn 0.4277 0.8525 0.3006
vn 0.6214 0.6434 0.4471
vn 0.6527 0.5892 0.4763
vn 0.7261 0.3782 0.5742
vn 0.8123 0.1553 0.5621
vn 0.8148 0.3107 0.4895
vn 0.8485 -0.0017 0.5292
vn 0.7933 0.0017 0.6089
vn 0.7888 0.0002 0.6146
vn 0.8316 0.0029 0.5554
vn -0.3291 0.9422 0.0627
vn -0.8002 0.5674 0.1944
vn -0.5317 0.8443 0.0661
vn -0.9144 0.3679 0.1688
vn -0.9308 0.3158 0.1841
vn -0.9075 0.0141 -0.4197
vn -0.9900 -0.0000 0.1412
vn -0.9900 -0.0000 0.1411
vn -0.9843 0.0002 0.1765
vn -0.9900 -0.0001 0.1412
vn -0.9900 -0.0000 0.1413
vn -0.9950 0.0949 -0.0303
vn -0.9804 0.0033 0.1972
vn 0.1366 0.7284 -0.6714
vn 0.0813 0.8219 -0.5639
vn 0.1624 0.3719 -0.9140
vn 0.1387 0.2257 -0.9643
vn 0.1692 0.0002 -0.9856
vn 0.1592 0.0015 -0.9872
vn 0.0789 -0.0005 -0.9969
vn 0.2063 0.0028 -0.9785
vn 0.3650 0.9112 0.1908
vn 0.6445 0.6819 0.3459
vn 0.8125 0.3172 0.4890
vn 0.6929 0.6551 0.3013
vn 0.8626 0.2685 0.4287
vn 0.3064 0.9367 0.1692
vn 0.9022 -0.0015 0.4313
vn 0.8863 0.0039 0.4631
vn -0.4851 0.8568 0.1750
vn -0.5399 0.8188 0.1952
vn -0.9139 0.3041 0.2688
vn -0.7874 0.5370 0.3027
vn -0.8914 0.3778 0.2504
vn -0.4813 0.8593 0.1730
vn -0.9637 -0.0006 0.2671
vn -0.9380 -0.0010 0.3467
vn -0.9527 0.0044 0.3040
vn 0.0155 0.7224 -0.6913
vn 0.0189 0.7017 -0.7122
vn 0.0023 0.1972 -0.9804
vn 0.0005 0.2215 -0.9752
vn 0.0470 0.4156 -0.9083
vn -0.0146 0.0055 -0.9999
vn -0.0012 0.0025 -1.0000
vn 0.0726 0.0005 -0.9974
vn 0.3820 0.9136 0.1395
vn 0.7837 0.5549 0.2793
vn 0.7462 0.6057 0.2761
vn 0.9341 0.1701 0.3138
vn 0.3711 0.9189 0.1339
vn 0.9428 -0.0013 0.3333
vn 0.9301 0.0040 0.3672
vn -0.3966 0.9033 0.1636
vn -0.3757 0.9008 0.2177
vn -0.7963 0.3991 0.4545
vn -0.6931 0.6200 0.3678
vn -0.8859 0.2039 0.4167
vn -0.7873 0.3745 0.4898
vn -0.5064 0.7945 0.3352
vn -0.7851 0.5016 0.3632
vn -0.8998 0.0005 0.4363
vn -0.9074 0.0041 0.4201
vn -0.0669 0.8688 -0.4906
vn -0.0501 0.7300 -0.6816
vn -0.1382 0.7080 -0.6926
vn -0.0855 0.6067 -0.7903
vn -0.1528 0.2510 -0.9559
vn -0.0923 0.4616 -0.8823
vn -0.1172 0.2620 -0.9579
vn -0.1161 -0.0014 -0.9932
vn -0.1362 0.0034 -0.9907
vn 0.5473 0.8269 0.1290
vn 0.7720 0.5998 0.2104
vn 0.9437 0.2949 0.1501
vn 0.3625 0.9298 0.0643
vn 0.9712 0.1418 0.1913
vn 0.9893 -0.0000 0.1458
vn 0.9893 -0.0000 0.1457
vn 0.9712 0.0003 0.2382
vn 0.9885 0.0008 0.1513
vn 0.9882 -0.0000 0.1531
vn 0.9882 -0.0000 0.1530
vn 0.9882 -0.0000 0.1532
vn 0.9666 0.0038 0.2563
vn -0.3615 0.8898 0.2786
vn -0.7530 0.4871 0.4423
vn -0.7316 0.4029 0.5499
vn -0.7265 0.4139 0.5485
vn -0.3375 0.9058 0.2561
vn -0.8551 -0.0000 0.5185
vn -0.8014 -0.0001 0.5982
vn -0.8540 0.0004 0.5203
vn -0.8162 0.0034 0.5777
vn -0.1631 0.7955 -0.5836
vn -0.1642 0.7844 -0.5981
vn -0.1970 0.8146 -0.5455
vn -0.2041 0.4113 -0.8884
vn -0.2624 0.2862 -0.9215
vn -0.3023 0.3802 -0.8741
vn -0.3351 0.3323 -0.8816
vn -0.2372 0.0011 -0.9715
vn -0.2975 0.0001 -0.9547
vn -0.3260 0.0032 -0.9454
vn -0.2358 0.0014 -0.9718
vn -0.2526 0.9308 0.2643
vn -0.6018 0.5310 0.5966
vn -0.4837 0.6989 0.5268
vn -0.5851 0.5908 0.5554
vn -0.7165 0.3161 0.6219
vn -0.6586 0.2405 0.7131
vn -0.7476 -0.0006 0.6641
vn -0.6700 -0.0018 0.7424
vn -0.7609 0.0020 0.6488
vn -0.7045 0.0038 0.7097
vn -0.2804 0.7138 -0.6418
vn -0.2889 0.7572 -0.5858
vn -0.3890 0.6015 -0.6978
vn -0.4202 0.3224 -0.8482
vn -0.3350 0.3299 -0.8826
vn -0.4449 0.2265 -0.8665
vn -0.0902 0.9630 -0.2538
vn -0.1408 0.9529 -0.2686
vn -0.3741 0.0004 -0.9274
vn -0.4541 -0.0015 -0.8910
vn -0.4022 0.0041 -0.9155
vn 0.7223 0.6756 -0.1477
vn 0.7070 0.6933 -0.1395
vn 0.9746 0.1557 -0.1608
vn 0.9840 0.0366 -0.1743
vn 0.9884 -0.0000 -0.1517
vn 0.9884 -0.0000 -0.1518
vn 0.9886 -0.0004 -0.1508
vn 0.9891 -0.0000 -0.1476
vn 0.9891 -0.0000 -0.1475
vn 0.9891 -0.0000 -0.1474
vn -0.3652 0.8163 0.4475
vn -0.5110 0.5618 0.6506
vn -0.4888 0.6011 0.6323
vn -0.6196 0.3631 0.6958
vn -0.5589 0.2728 0.7831
vn -0.5875 0.0029 0.8092
vn -0.5752 -0.0002 0.8180
vn -0.6412 0.0029 0.7673
vn -0.3460 0.7656 -0.5423
vn -0.5106 0.3137 -0.8005
vn -0.5405 0.2040 -0.8163
vn -0.2428 0.8861 -0.3949
vn -0.5378 -0.0011 -0.8431
vn -0.4942 0.0029 -0.8693
vn -0.5738 0.0046 -0.8190
vn 0.3621 0.9273 -0.0950
vn 0.7290 0.6747 -0.1156
vn 0.8548 0.4341 -0.2843
vn 0.8972 0.3814 -0.2227
vn 0.5159 0.8512 -0.0962
vn 0.8141 0.5042 -0.2882
vn 0.9701 0.0046 -0.2427
vn 0.9467 -0.0008 -0.3222
vn 0.9688 0.0033 -0.2479
vn -0.3096 0.7768 0.5483
vn -0.2587 0.8749 0.4094
vn -0.4679 0.4115 0.7821
vn -0.4777 0.3835 0.7904
vn -0.5102 0.0021 0.8601
vn -0.4988 0.0044 0.8667
vn -0.5259 0.5257 -0.6686
vn -0.4914 0.6344 -0.5967
vn -0.6352 0.1673 -0.7540
vn -0.6364 0.2983 -0.7113
vn -0.4013 0.8165 -0.4150
vn -0.4226 0.7915 -0.4415
vn -0.5855 0.3147 -0.7471
vn -0.2176 0.9353 -0.2790
vn -0.6716 -0.0001 -0.7409
vn -0.6173 0.0002 -0.7867
vn -0.6524 0.0037 -0.7579
vn 0.4363 0.8819 -0.1786
vn 0.3737 0.8947 -0.2447
vn 0.5985 0.7510 -0.2790
vn 0.7935 0.5002 -0.3465
vn 0.8434 0.3508 -0.4070
vn 0.9173 0.0007 -0.3982
vn 0.9290 0.0050 -0.3699
vn -0.1726 0.8727 0.4567
vn -0.3380 0.5389 0.7716
vn -0.2313 0.7458 0.6247
vn -0.3789 0.4715 0.7963
vn -0.3722 0.3549 0.8576
vn -0.3284 0.4101 0.8509
vn -0.3143 0.2897 0.9040
vn -0.4271 -0.0016 0.9042
vn -0.3490 -0.0000 0.9371
vn -0.3741 0.0045 0.9274
vn 0.0340 0.4712 0.8814
vn 0.1422 0.5252 0.8390
vn 0.0667 0.5763 0.8145
vn 0.0365 0.4652 0.8844
vn -0.0068 0.9709 0.2395
vn 0.0343 0.8944 0.4460
vn 0.0469 0.9063 0.4201
vn 0.0329 0.4196 0.9071
vn 0.0044 0.0004 1.0000
vn 0.0826 0.0003 0.9966
vn 0.1356 0.0039 0.9908
vn 0.0405 0.0044 0.9992
vn -0.3771 0.8664 -0.3275
vn -0.6492 0.5721 -0.5013
vn -0.7299 0.3410 -0.5925
vn -0.7491 0.2916 -0.5948
vn -0.7106 0.2296 -0.6651
vn -0.7132 0.1543 -0.6838
vn -0.6099 0.5438 -0.5765
vn -0.7793 -0.0011 -0.6267
vn -0.7286 0.0007 -0.6849
vn -0.7372 0.0029 -0.6757
vn -0.8071 0.0030 -0.5904
vn 0.6772 0.6380 -0.3665
vn 0.8382 0.2240 -0.4972
vn 0.8207 0.3933 -0.4145
vn 0.8022 0.2722 -0.5314
vn 0.5836 0.6918 -0.4253
vn 0.8755 0.0012 -0.4833
vn 0.8347 -0.0004 -0.5507
vn 0.8301 0.0007 -0.5577
vn 0.8770 0.0019 -0.4805
vn -0.1330 0.8685 0.4774
vn -0.1586 0.7145 0.6814
vn -0.2341 0.3136 0.9202
vn -0.2306 0.3276 0.9162
vn -0.1282 0.3518 0.9272
vn -0.2421 -0.0018 0.9702
vn -0.2670 0.0031 0.9637
vn 0.1127 0.8681 0.4835
vn 0.1194 0.8035 0.5832
vn 0.1185 0.4332 0.8935
vn 0.2046 0.3761 0.9037
vn 0.2125 0.3515 0.9117
vn 0.2239 0.0003 0.9746
vn 0.1656 -0.0001 0.9862
vn 0.2446 0.0038 0.9696
vn -0.4845 0.8016 -0.3502
vn -0.3987 0.8847 -0.2414
vn -0.7755 0.4057 -0.4837
vn -0.7271 0.5716 -0.3803
vn -0.7549 0.4479 -0.4791
vn -0.7360 -0.4481 -0.5074
vn -0.8503 0.0002 -0.5263
vn -0.8863 0.0008 -0.4632
vn -0.8223 -0.0005 -0.5690
vn -0.8736 0.0054 -0.4866
vn 0.3353 0.9081 -0.2507
vn 0.6036 0.6609 -0.4460
vn 0.4289 0.8072 -0.4056
vn 0.6622 0.4818 -0.5739
vn 0.7265 0.1206 -0.6765
vn 0.7279 0.3486 -0.5905
vn 0.8068 0.1686 -0.5663
vn 0.7820 0.0011 -0.6232
vn 0.7838 0.0017 -0.6210
vn -0.0479 0.8746 0.4825
vn -0.1301 0.6169 0.7762
vn -0.0221 0.7956 0.6054
vn -0.0691 0.3560 0.9319
vn -0.0515 0.1909 0.9803
vn -0.1276 0.3540 0.9265
vn -0.0550 0.0014 0.9985
vn -0.1425 -0.0004 0.9898
vn -0.0668 0.0034 0.9978
vn -0.1584 0.0019 0.9874
vn 0.1648 0.8484 0.5031
vn 0.2914 0.6410 0.7100
vn 0.2649 0.4706 0.8417
vn 0.3520 0.4754 0.8063
vn 0.3056 0.3206 0.8966
vn 0.3123 0.0001 0.9500
vn 0.4044 0.0006 0.9146
vn 0.4233 0.0035 0.9060
vn 0.3262 0.0024 0.9453
vn -0.6200 0.7312 -0.2843
vn -0.6355 0.7143 -0.2932
vn -0.8192 0.4601 -0.3424
vn -0.8886 0.2298 -0.3969
vn -0.9148 0.2767 -0.2944
vn -0.9440 -0.0003 -0.3299
vn -0.9300 0.0029 -0.3676
vn -0.9217 -0.0001 -0.3879
vn 0.2869 0.9285 -0.2357
vn 0.5027 0.6734 -0.5420
vn 0.5951 0.4849 -0.6409
vn 0.5328 0.4868 -0.6922
vn 0.6255 0.4204 -0.6573
vn 0.6122 0.4644 -0.6400
vn 0.2814 0.8979 -0.3386
vn 0.6994 -0.0029 -0.7147
vn 0.6205 0.0021 -0.7842
vn 0.7213 0.0016 -0.6926
vn 0.6676 0.0029 -0.7445
vn 0.2242 0.8501 0.4765
vn 0.2366 0.8362 0.4947
vn 0.4959 0.3955 0.7731
vn 0.4117 0.3244 0.8516
vn 0.4167 0.4315 0.8002
vn 0.4832 0.4275 0.7641
vn 0.3142 0.8067 0.5005
vn 0.5311 0.0022 0.8473
vn 0.5280 0.0014 0.8492
vn 0.4659 -0.0010 0.8849
vn -0.4662 0.8707 -0.1567
vn -0.7543 0.6122 -0.2371
vn -0.8551 0.4293 -0.2906
vn -0.7650 0.6223 -0.1656
vn -0.9085 0.3434 -0.2381
vn -0.3584 0.9271 -0.1094
vn -0.9691 0.0007 -0.2465
vn -0.9629 0.0050 -0.2699
vn 0.1925 0.9367 -0.2924
vn 0.4972 0.5348 -0.6833
vn 0.4505 0.6138 -0.6483
vn 0.4886 0.4380 -0.7546
vn 0.5335 0.3677 -0.7617
vn 0.5576 0.0041 -0.8301
vn 0.6164 0.0015 -0.7874
vn 0.5567 0.0039 -0.8307
vn -0.0016 0.9998 0.0182
vn 0.0003 0.9994 -0.0340
vn -0.0000 1.0000 0.0003
vn -0.0000 1.0000 -0.0005
vn -0.0000 1.0000 -0.0001
vn 0.0014 0.9959 0.0900
vn 0.0001 1.0000 -0.0006
vn 0.0002 -0.0030 1.0000
vn -0.0240 -0.0152 -0.9996
vn -0.0015 -0.0003 -1.0000
vn -0.0061 0.0094 -0.9999
vn -0.0013 -0.0011 -1.0000
vn -0.0003 0.0012 -1.0000
vn 0.0014 0.0002 -1.0000
vn -0.0296 -0.0180 -0.9994
vn 0.0001 0.0001 -1.0000
vn -0.0002 -0.0003 -1.0000
vn -0.0004 -0.0000 -1.0000
vn -0.0020 -0.0040 -1.0000
vn 0.0011 -0.0682 -0.9977
vn 0.0003 -0.0000 -1.0000
vn -0.0051 -0.0088 -0.9999
vn -0.0068 0.0107 -0.9999
vn -0.0003 -0.0000 -1.0000
vn 0.0001 -0.0010 -1.0000
vn -0.0007 0.0007 -1.0000
vn 0.0045 -0.0016 -1.0000
vn 0.0009 -0.0005 -1.0000
vn 0.0135 0.0019 -0.9999
vn -0.0031 -0.0032 -1.0000
vn 0.0016 -0.0000 -1.0000
vn -0.0002 0.0009 -1.0000
vn 0.0024 0.0007 -1.0000
vn -0.0002 -0.0000 -1.0000
vn 0.0018 -0.0014 -1.0000
vn -0.0008 0.0005 -1.0000
vn -0.0001 0.0008 -1.0000
vn -0.0001 0.0003 -1.0000
vn 0.0021 -0.0011 -1.0000
vn 0.0002 0.0007 -1.0000
vn -0.0000 -0.0007 -1.0000
vn 0.0001 -0.0005 -1.0000
vn 0.0004 -0.0049 -1.0000
vn -0.0011 0.0147 -0.9999
vn -0.0000 0.0005 -1.0000
vn 0.0001 -0.0000 -1.0000
vn -0.0000 -0.0023 1.0000
vn -0.0251 0.0365 0.9990
vn 0.0137 -0.0130 0.9998
vn -0.0002 -0.0003 1.0000
vn 0.0123 0.0006 0.9999
vn -0.0019 -0.0040 1.0000
vn 0.0041 0.0017 1.0000
vn -0.0008 -0.0001 1.0000
vn 0.0027 -0.0017 1.0000
vn 0.0698 -0.1465 0.9867
vn 0.0002 0.0453 0.9990
vn 0.0007 -0.0011 1.0000
vn -0.0038 -0.0023 1.0000
vn -0.0005 0.0009 1.0000
vn 0.0009 -0.0003 1.0000
vn -0.0015 -0.0007 1.0000
vn 0.0116 -0.0052 0.9999
vn 0.0016 0.0021 1.0000
vn 0.0002 -0.0142 0.9999
vn 0.0001 0.0001 1.0000
vn -0.0007 -0.0001 1.0000
vn -0.0002 0.0001 1.0000
vn -0.0022 -0.0000 1.0000
vn 0.0004 -0.0001 1.0000
vn 0.0002 0.0003 1.0000
vn 0.0002 -0.0000 1.0000
vn -0.0005 0.0002 1.0000
vn -0.0009 -0.0000 1.0000
vn 0.0001 -0.0000 1.0000
vn 0.0004 0.0005 1.0000
vn -0.0007 -0.0006 1.0000
vn 0.0037 0.0026 1.0000
vn -0.0002 0.0007 1.0000
vn -0.0001 0.0007 1.0000
vn 0.0025 -0.0183 0.9998
vn -0.0001 0.0015 1.0000
vn -0.0024 0.0003 1.0000
vn 0.0002 0.0037 1.0000
vn -0.0000 -0.0003 1.0000
vn -0.0000 0.0007 1.0000
s 0
usemtl base
f 5//1 2//1 17//1
f 2//1 3//1 17//1
f 23//2 14//2 8//2
f 23//2 1//2 14//2
f 11//3 7//3 9//3
f 11//3 9//3 12//3
f 6//4 18//4 19//4
f 6//4 19//4 22//4
f 24//5 4//5 21//5
f 24//5 21//5 20//5
f 24//6 25//6 26//6
f 24//7 26//7 27//7
f 25//8 28//8 29//8
f 25//9 29//9 26//9
f 28//10 30//10 31//10
f 28//11 31//11 29//11
f 30//12 32//12 33//12
f 30//13 33//13 31//13
f 27//14 26//14 34//14
f 27//15 34//15 35//15
f 26//16 29//16 36//16
f 26//17 36//17 34//17
f 29//18 31//18 37//18
f 29//19 37//19 36//19
f 31//20 33//20 38//20
f 31//21 38//21 37//21
f 35//22 34//22 39//22
f 35//23 39//23 40//23
f 34//24 36//24 41//24
f 34//25 41//25 39//25
f 36//26 37//26 42//26
f 36//27 42//27 41//27
f 37//28 38//28 42//28
f 40//29 39//29 43//29
f 39//30 41//30 44//30
f 39//31 44//31 43//31
f 41//32 42//32 45//32
f 41//33 45//33 44//33
f 2//34 46//34 47//34
f 2//35 47//35 48//35
f 46//36 49//36 50//36
f 46//37 50//37 47//37
f 49//38 51//38 52//38
f 49//39 52//39 50//39
f 51//40 53//40 52//40
f 48//41 47//41 54//41
f 48//42 54//42 55//42
f 47//43 50//43 56//43
f 47//44 56//44 54//44
f 50//45 52//45 57//45
f 50//46 57//46 56//46
f 52//47 53//47 58//47
f 52//48 58//48 57//48
f 55//49 54//49 59//49
f 55//50 59//50 60//50
f 54//51 56//51 61//51
f 54//52 61//52 59//52
f 56//53 57//53 62//53
f 56//54 62//54 61//54
f 57//55 58//55 63//55
f 57//56 63//56 62//56
f 60//57 59//57 33//57
f 60//58 33//58 32//58
f 59//59 61//59 38//59
f 59//60 38//60 33//60
f 61//61 62//61 42//61
f 61//62 42//62 38//62
f 62//63 63//63 45//63
f 62//64 45//64 42//64
f 14//65 65//65 64//65
f 64//66 65//66 68//66
f 64//67 68//67 67//67
f 65//68 66//68 44//68
f 65//69 44//69 68//69
f 66//70 43//70 44//70
f 67//71 68//71 58//71
f 67//72 58//72 69//72
f 68//73 44//73 63//73
f 68//74 63//74 58//74
f 44//75 45//75 63//75
f 69//76 58//76 53//76
f 8//77 71//77 70//77
f 70//78 71//78 75//78
f 70//79 75//79 74//79
f 71//80 72//80 76//80
f 71//81 76//81 75//81
f 72//82 73//82 76//82
f 74//83 75//83 78//83
f 74//84 78//84 77//84
f 75//85 76//85 79//85
f 75//86 79//86 78//86
f 76//87 80//87 79//87
f 77//88 78//88 81//88
f 5//89 82//89 83//89
f 5//90 83//90 84//90
f 82//91 85//91 86//91
f 82//92 86//92 83//92
f 85//93 87//93 88//93
f 85//94 88//94 86//94
f 87//95 89//95 90//95
f 87//96 90//96 88//96
f 84//97 83//97 91//97
f 84//98 91//98 92//98
f 83//99 86//99 93//99
f 83//100 93//100 91//100
f 86//101 88//101 94//101
f 86//102 94//102 93//102
f 88//103 90//103 95//103
f 88//104 95//104 94//104
f 92//105 91//105 96//105
f 92//106 96//106 97//106
f 91//107 93//107 98//107
f 91//108 98//108 96//108
f 93//109 94//109 99//109
f 93//110 99//110 98//110
f 94//111 95//111 99//111
f 97//112 96//112 73//112
f 96//113 98//113 76//113
f 96//114 76//114 73//114
f 98//115 99//115 80//115
f 98//116 80//116 76//116
f 18//117 100//117 101//117
f 18//118 101//118 102//118
f 100//119 103//119 104//119
f 100//120 104//120 101//120
f 103//121 105//121 106//121
f 103//122 106//122 104//122
f 105//123 81//123 106//123
f 102//124 101//124 107//124
f 102//125 107//125 108//125
f 101//126 104//126 109//126
f 101//127 109//127 107//127
f 104//128 106//128 110//128
f 104//129 110//129 109//129
f 106//130 81//130 78//130
f 106//131 78//131 110//131
f 108//132 107//132 111//132
f 108//133 111//133 112//133
f 107//134 109//134 113//134
f 107//135 113//135 111//135
f 109//136 110//136 114//136
f 109//137 114//137 113//137
f 110//138 78//138 79//138
f 110//139 79//139 114//139
f 112//140 111//140 90//140
f 112//141 90//141 89//141
f 111//142 113//142 95//142
f 111//143 95//143 90//143
f 113//144 114//144 99//144
f 113//145 99//145 95//145
f 114//146 79//146 80//146
f 114//147 80//147 99//147
f 4//148 115//148 116//148
f 4//149 116//149 117//149
f 115//150 118//150 119//150
f 115//151 119//151 116//151
f 118//152 120//152 121//152
f 118//153 121//153 119//153
f 120//154 122//154 121//154
f 117//155 116//155 123//155
f 117//156 123//156 124//156
f 116//157 119//157 125//157
f 116//158 125//158 123//158
f 119//159 121//159 126//159
f 119//160 126//160 125//160
f 121//161 122//161 127//161
f 121//162 127//162 126//162
f 124//163 123//163 128//163
f 124//164 128//164 129//164
f 123//165 125//165 130//165
f 123//166 130//166 128//166
f 125//167 126//167 131//167
f 125//168 131//168 130//168
f 126//169 127//169 132//169
f 126//170 132//170 131//170
f 129//171 128//171 133//171
f 129//172 133//172 134//172
f 128//173 130//173 135//173
f 128//174 135//174 133//174
f 130//175 131//175 136//175
f 130//176 136//176 135//176
f 131//177 132//177 137//177
f 131//178 137//178 136//178
f 1//179 138//179 142//179
f 138//180 139//180 143//180
f 138//181 143//181 142//181
f 139//182 140//182 144//182
f 139//183 144//183 143//183
f 140//184 141//184 144//184
f 142//185 143//185 127//185
f 142//186 127//186 145//186
f 143//187 144//187 132//187
f 143//188 132//188 127//188
f 144//189 137//189 132//189
f 145//190 127//190 122//190
f 9//191 146//191 147//191
f 9//192 147//192 148//192
f 146//193 149//193 150//193
f 146//194 150//194 147//194
f 149//195 151//195 152//195
f 149//196 152//196 150//196
f 151//197 134//197 133//197
f 151//198 133//198 152//198
f 148//199 147//199 153//199
f 148//200 153//200 154//200
f 147//201 150//201 155//201
f 147//202 155//202 153//202
f 150//203 152//203 156//203
f 150//204 156//204 155//204
f 152//205 133//205 135//205
f 152//206 135//206 156//206
f 154//207 153//207 157//207
f 154//208 157//208 158//208
f 153//209 155//209 159//209
f 153//210 159//210 157//210
f 155//211 156//211 136//211
f 155//212 136//212 159//212
f 156//213 135//213 136//213
f 158//214 157//214 141//214
f 157//215 159//215 144//215
f 157//216 144//216 141//216
f 159//217 136//217 137//217
f 159//218 137//218 144//218
f 6//219 160//219 161//219
f 6//220 161//220 162//220
f 160//221 163//221 164//221
f 160//222 164//222 161//222
f 163//223 165//223 166//223
f 163//224 166//224 164//224
f 165//225 167//225 168//225
f 165//226 168//226 166//226
f 162//227 161//227 169//227
f 162//228 169//228 170//228
f 161//229 164//229 171//229
f 161//230 171//230 169//230
f 164//231 166//231 172//231
f 164//232 172//232 171//232
f 166//233 168//233 173//233
f 166//234 173//234 172//234
f 170//235 169//235 174//235
f 170//236 174//236 175//236
f 169//237 171//237 176//237
f 169//238 176//238 174//238
f 171//239 172//239 177//239
f 171//240 177//240 176//240
f 172//241 173//241 177//241
f 175//242 174//242 178//242
f 174//243 176//243 179//243
f 174//244 179//244 178//244
f 176//245 177//245 180//245
f 176//246 180//246 179//246
f 12//247 181//247 182//247
f 12//248 182//248 183//248
f 181//249 184//249 185//249
f 181//250 185//250 182//250
f 184//251 186//251 187//251
f 184//252 187//252 185//252
f 186//253 188//253 187//253
f 183//254 182//254 189//254
f 183//255 189//255 190//255
f 182//256 185//256 191//256
f 182//257 191//257 189//257
f 185//258 187//258 192//258
f 185//259 192//259 191//259
f 187//260 188//260 193//260
f 187//261 193//261 192//261
f 190//262 189//262 194//262
f 190//263 194//263 195//263
f 189//264 191//264 196//264
f 189//265 196//265 194//265
f 191//266 192//266 197//266
f 191//267 197//267 196//267
f 192//268 193//268 198//268
f 192//269 198//269 197//269
f 195//270 194//270 168//270
f 195//271 168//271 167//271
f 194//272 196//272 173//272
f 194//273 173//273 168//273
f 196//274 197//274 177//274
f 196//275 177//275 173//275
f 197//276 198//276 180//276
f 197//277 180//277 177//277
f 23//278 200//278 199//278
f 199//279 200//279 203//279
f 199//280 203//280 202//280
f 200//281 201//281 179//281
f 200//282 179//282 203//282
f 201//283 178//283 179//283
f 202//284 203//284 193//284
f 202//285 193//285 204//285
f 203//286 179//286 198//286
f 203//287 198//287 193//287
f 179//288 180//288 198//288
f 204//289 193//289 188//289
f 22//290 205//290 206//290
f 22//291 206//291 207//291
f 205//292 208//292 209//292
f 205//293 209//293 206//293
f 208//294 210//294 211//294
f 208//295 211//295 209//295
f 210//296 212//296 213//296
f 210//297 213//297 211//297
f 207//298 206//298 214//298
f 207//299 214//299 215//299
f 206//300 209//300 216//300
f 206//301 216//301 214//301
f 209//302 211//302 217//302
f 209//303 217//303 216//303
f 211//304 213//304 218//304
f 211//305 218//305 217//305
f 215//306 214//306 219//306
f 215//307 219//307 220//307
f 214//308 216//308 221//308
f 214//309 221//309 219//309
f 216//310 217//310 222//310
f 216//311 222//311 221//311
f 217//312 218//312 223//312
f 217//313 223//313 222//313
f 220//314 219//314 224//314
f 220//315 224//315 225//315
f 219//316 221//316 226//316
f 219//317 226//317 224//317
f 221//318 222//318 227//318
f 221//319 227//319 226//319
f 222//320 223//320 228//320
f 222//321 228//321 227//321
f 13//322 229//322 230//322
f 13//323 230//323 231//323
f 229//324 232//324 233//324
f 229//325 233//325 230//325
f 232//326 234//326 235//326
f 232//327 235//327 233//327
f 234//328 236//328 237//328
f 234//329 237//329 235//329
f 231//330 230//330 238//330
f 231//331 238//331 239//331
f 230//332 233//332 240//332
f 230//333 240//333 238//333
f 233//334 235//334 241//334
f 233//335 241//335 240//335
f 235//336 237//336 241//336
f 239//337 238//337 242//337
f 239//338 242//338 243//338
f 238//339 240//339 218//339
f 238//340 218//340 242//340
f 240//341 241//341 223//341
f 240//342 223//342 218//342
f 241//343 228//343 223//343
f 243//344 242//344 213//344
f 243//345 213//345 212//345
f 242//346 218//346 213//346
f 11//347 244//347 245//347
f 11//348 245//348 246//348
f 244//349 247//349 248//349
f 244//350 248//350 245//350
f 247//351 249//351 250//351
f 247//352 250//352 248//352
f 249//353 225//353 224//353
f 249//354 224//354 250//354
f 246//355 245//355 251//355
f 246//356 251//356 252//356
f 245//357 248//357 253//357
f 245//358 253//358 251//358
f 248//359 250//359 254//359
f 248//360 254//360 253//360
f 250//361 224//361 226//361
f 250//362 226//362 254//362
f 252//363 251//363 255//363
f 252//364 255//364 256//364
f 251//365 253//365 257//365
f 251//366 257//366 255//366
f 253//367 254//367 227//367
f 253//368 227//368 257//368
f 254//369 226//369 227//369
f 256//370 255//370 237//370
f 256//371 237//371 236//371
f 255//372 257//372 241//372
f 255//373 241//373 237//373
f 257//374 227//374 228//374
f 257//375 228//375 241//375
f 20//376 258//376 259//376
f 20//377 259//377 260//377
f 258//378 261//378 262//378
f 258//379 262//379 259//379
f 261//380 263//380 264//380
f 261//381 264//381 262//381
f 263//382 265//382 266//382
f 263//383 266//383 264//383
f 260//384 259//384 267//384
f 260//385 267//385 268//385
f 259//386 262//386 269//386
f 259//387 269//387 267//387
f 262//388 264//388 270//388
f 262//389 270//389 269//389
f 264//390 266//390 271//390
f 264//391 271//391 270//391
f 268//392 267//392 272//392
f 268//393 272//393 273//393
f 267//394 269//394 274//394
f 267//395 274//395 272//395
f 269//396 270//396 275//396
f 269//397 275//397 274//397
f 270//398 271//398 276//398
f 270//399 276//399 275//399
f 273//400 272//400 277//400
f 273//401 277//401 278//401
f 272//402 274//402 279//402
f 272//403 279//403 277//403
f 274//404 275//404 280//404
f 274//405 280//405 279//405
f 275//406 276//406 281//406
f 275//407 281//407 280//407
f 15//408 282//408 283//408
f 15//409 283//409 284//409
f 282//410 285//410 286//410
f 282//411 286//411 283//411
f 285//412 287//412 288//412
f 285//413 288//413 286//413
f 287//414 289//414 290//414
f 287//415 290//415 288//415
f 284//416 283//416 291//416
f 284//417 291//417 292//417
f 283//418 286//418 293//418
f 283//419 293//419 291//419
f 286//420 288//420 294//420
f 286//421 294//421 293//421
f 288//422 290//422 294//422
f 292//423 291//423 295//423
f 292//424 295//424 296//424
f 291//425 293//425 271//425
f 291//426 271//426 295//426
f 293//427 294//427 276//427
f 293//428 276//428 271//428
f 294//429 281//429 276//429
f 296//430 295//430 266//430
f 296//431 266//431 265//431
f 295//432 271//432 266//432
f 3//433 297//433 298//433
f 3//434 298//434 299//434
f 297//435 300//435 301//435
f 297//436 301//436 298//436
f 300//437 302//437 303//437
f 300//438 303//438 301//438
f 302//439 278//439 277//439
f 302//440 277//440 303//440
f 299//441 298//441 304//441
f 299//442 304//442 305//442
f 298//443 301//443 306//443
f 298//444 306//444 304//444
f 301//445 303//445 307//445
f 301//446 307//446 306//446
f 303//447 277//447 279//447
f 303//448 279//448 307//448
f 305//449 304//449 308//449
f 305//450 308//450 309//450
f 304//451 306//451 310//451
f 304//452 310//452 308//452
f 306//453 307//453 280//453
f 306//454 280//454 310//454
f 307//455 279//455 280//455
f 309//456 308//456 290//456
f 309//457 290//457 289//457
f 308//458 310//458 294//458
f 308//459 294//459 290//459
f 310//460 280//460 281//460
f 310//461 281//461 294//461
f 21//462 311//462 312//462
f 21//463 312//463 313//463
f 311//464 314//464 315//464
f 311//465 315//465 312//465
f 314//466 316//466 317//466
f 314//467 317//467 315//467
f 316//468 318//468 319//468
f 316//469 319//469 317//469
f 313//470 312//470 320//470
f 313//471 320//471 321//471
f 312//472 315//472 322//472
f 312//473 322//473 320//473
f 315//474 317//474 323//474
f 315//475 323//475 322//475
f 317//476 319//476 324//476
f 317//477 324//477 323//477
f 321//478 320//478 325//478
f 321//479 325//479 326//479
f 320//480 322//480 327//480
f 320//481 327//481 325//481
f 322//482 323//482 328//482
f 322//483 328//483 327//483
f 323//484 324//484 328//484
f 326//485 325//485 329//485
f 326//486 329//486 330//486
f 325//487 327//487 331//487
f 325//488 331//488 329//488
f 327//489 328//489 332//489
f 327//490 332//490 331//490
f 7//491 333//491 334//491
f 7//492 334//492 335//492
f 333//493 336//493 337//493
f 333//494 337//494 334//494
f 336//495 338//495 339//495
f 336//496 339//496 337//496
f 338//497 340//497 341//497
f 338//498 341//498 339//498
f 335//499 334//499 342//499
f 335//500 342//500 343//500
f 334//501 337//501 344//501
f 334//502 344//502 342//502
f 337//503 339//503 345//503
f 337//504 345//504 344//504
f 339//505 341//505 346//505
f 339//506 346//506 345//506
f 343//507 342//507 347//507
f 343//508 347//508 348//508
f 342//509 344//509 349//509
f 342//510 349//510 347//510
f 344//511 345//511 350//511
f 344//512 350//512 349//512
f 345//513 346//513 351//513
f 345//514 351//514 350//514
f 348//515 347//515 319//515
f 348//516 319//516 318//516
f 347//517 349//517 324//517
f 347//518 324//518 319//518
f 349//519 350//519 328//519
f 349//520 328//520 324//520
f 350//521 351//521 332//521
f 350//522 332//522 328//522
f 10//523 352//523 353//523
f 10//524 353//524 354//524
f 352//525 355//525 356//525
f 352//526 356//526 353//526
f 355//527 357//527 358//527
f 355//528 358//528 356//528
f 357//529 330//529 329//529
f 357//530 329//530 358//530
f 354//531 353//531 359//531
f 354//532 359//532 360//532
f 353//533 356//533 361//533
f 353//534 361//534 359//534
f 356//535 358//535 331//535
f 356//536 331//536 361//536
f 358//537 329//537 331//537
f 360//538 359//538 362//538
f 360//539 362//539 363//539
f 359//540 361//540 346//540
f 359//541 346//541 362//541
f 361//542 331//542 351//542
f 361//543 351//543 346//543
f 331//544 332//544 351//544
f 363//545 362//545 341//545
f 363//546 341//546 340//546
f 362//547 346//547 341//547
f 19//548 364//548 365//548
f 19//549 365//549 366//549
f 364//550 367//550 368//550
f 364//551 368//551 365//551
f 367//552 369//552 370//552
f 367//553 370//553 368//553
f 369//554 371//554 372//554
f 369//555 372//555 370//555
f 366//556 365//556 373//556
f 366//557 373//557 374//557
f 365//558 368//558 375//558
f 365//559 375//559 373//559
f 368//560 370//560 376//560
f 368//561 376//561 375//561
f 370//562 372//562 377//562
f 370//563 377//563 376//563
f 374//564 373//564 378//564
f 374//565 378//565 379//565
f 373//566 375//566 380//566
f 373//567 380//567 378//567
f 375//568 376//568 381//568
f 375//569 381//569 380//569
f 376//570 377//570 381//570
f 379//571 378//571 382//571
f 379//572 382//572 383//572
f 378//573 380//573 384//573
f 378//574 384//574 382//574
f 380//575 381//575 385//575
f 380//576 385//576 384//576
f 17//577 386//577 387//577
f 17//578 387//578 388//578
f 386//579 389//579 390//579
f 386//580 390//580 387//580
f 389//581 391//581 392//581
f 389//582 392//582 390//582
f 391//583 393//583 394//583
f 391//584 394//584 392//584
f 388//585 387//585 395//585
f 388//586 395//586 396//586
f 387//587 390//587 397//587
f 387//588 397//588 395//588
f 390//589 392//589 398//589
f 390//590 398//590 397//590
f 392//591 394//591 399//591
f 392//592 399//592 398//592
f 396//593 395//593 400//593
f 396//594 400//594 401//594
f 395//595 397//595 402//595
f 395//596 402//596 400//596
f 397//597 398//597 403//597
f 397//598 403//598 402//598
f 398//599 399//599 404//599
f 398//600 404//600 403//600
f 401//601 400//601 372//601
f 401//602 372//602 371//602
f 400//603 402//603 377//603
f 400//604 377//604 372//604
f 402//605 403//605 381//605
f 402//606 381//606 377//606
f 403//607 404//607 385//607
f 403//608 385//608 381//608
f 16//609 405//609 406//609
f 16//610 406//610 407//610
f 405//611 408//611 409//611
f 405//612 409//612 406//612
f 408//613 410//613 411//613
f 408//614 411//614 409//614
f 410//615 383//615 382//615
f 410//616 382//616 411//616
f 407//617 406//617 412//617
f 407//618 412//618 413//618
f 406//619 409//619 414//619
f 406//620 414//620 412//620
f 409//621 411//621 384//621
f 409//622 384//622 414//622
f 411//623 382//623 384//623
f 413//624 412//624 415//624
f 413//625 415//625 416//625
f 412//626 414//626 399//626
f 412//627 399//627 415//627
f 414//628 384//628 404//628
f 414//629 404//629 399//629
f 384//630 385//630 404//630
f 416//631 415//631 394//631
f 416//632 394//632 393//632
f 415//633 399//633 394//633
f 2//634 5//634 46//634
f 69//635 71//635 67//635
f 67//636 71//636 64//636
f 51//637 73//637 53//637
f 53//638 73//638 69//638
f 71//639 8//639 64//639
f 64//640 8//640 14//640
f 5//634 84//634 46//634
f 46//641 84//641 92//641
f 46//642 92//642 49//642
f 49//643 92//643 97//643
f 49//644 97//644 51//644
f 51//645 97//645 73//645
f 73//646 72//646 69//646
f 69//647 72//647 71//647
f 1//648 23//648 138//648
f 141//649 186//649 158//649
f 158//650 186//650 154//650
f 23//651 199//651 138//651
f 138//652 199//652 202//652
f 138//653 202//653 139//653
f 139//654 202//654 204//654
f 139//655 204//655 140//655
f 140//656 204//656 188//656
f 140//657 188//657 141//657
f 141//658 188//658 186//658
f 186//650 184//650 154//650
f 154//659 184//659 181//659
f 154//659 181//659 148//659
f 148//660 181//660 12//660
f 148//660 12//660 9//660
f 167//661 249//661 195//661
f 195//662 249//662 190//662
f 183//663 11//663 12//663
f 6//664 22//664 207//664
f 6//665 207//665 160//665
f 160//666 207//666 215//666
f 160//667 215//667 163//667
f 163//668 215//668 220//668
f 163//669 220//669 165//669
f 165//670 220//670 225//670
f 165//671 225//671 167//671
f 167//672 225//672 249//672
f 249//673 247//673 190//673
f 190//674 247//674 244//674
f 190//675 244//675 183//675
f 183//676 244//676 11//676
f 48//677 3//677 2//677
f 24//678 20//678 260//678
f 24//679 260//679 25//679
f 25//680 260//680 268//680
f 25//681 268//681 28//681
f 28//682 268//682 273//682
f 28//683 273//683 30//683
f 30//684 273//684 278//684
f 30//685 278//685 32//685
f 32//686 278//686 302//686
f 32//687 302//687 60//687
f 60//688 302//688 300//688
f 60//689 300//689 55//689
f 55//690 300//690 297//690
f 55//691 297//691 48//691
f 48//692 297//692 3//692
f 21//693 117//693 311//693
f 311//694 117//694 124//694
f 311//695 124//695 314//695
f 314//696 124//696 129//696
f 314//697 129//697 316//697
f 316//698 129//698 134//698
f 316//699 134//699 318//699
f 318//700 134//700 151//700
f 318//701 151//701 348//701
f 348//702 151//702 149//702
f 348//703 149//703 343//703
f 343//704 149//704 146//704
f 343//705 146//705 335//705
f 335//706 146//706 9//706
f 335//707 9//707 7//707
f 21//708 4//708 117//708
f 19//709 102//709 364//709
f 364//710 102//710 108//710
f 364//711 108//711 367//711
f 367//712 108//712 112//712
f 367//713 112//713 369//713
f 369//714 112//714 89//714
f 369//715 89//715 371//715
f 371//716 89//716 87//716
f 371//717 87//717 401//717
f 401//718 87//718 85//718
f 401//719 85//719 396//719
f 396//720 85//720 82//720
f 396//721 82//721 388//721
f 388//722 82//722 5//722
f 388//723 5//723 17//723
f 19//724 18//724 102//724
f 333//725 422//725 417//725
f 417//726 422//726 423//726
f 417//726 423//726 418//726
f 418//727 423//727 424//727
f 418//727 424//727 419//727
f 419//728 424//728 425//728
f 419//728 425//728 420//728
f 420//729 425//729 421//729
f 7//730 11//730 333//730
f 421//731 229//731 354//731
f 354//732 229//732 10//732
f 11//733 246//733 333//733
f 333//734 246//734 422//734
f 425//735 426//735 421//735
f 421//736 426//736 229//736
f 229//737 13//737 10//737
f 246//738 252//738 422//738
f 422//739 252//739 256//739
f 422//740 256//740 423//740
f 423//741 256//741 236//741
f 423//742 236//742 424//742
f 424//743 236//743 234//743
f 424//744 234//744 425//744
f 425//745 234//745 232//745
f 425//746 232//746 426//746
f 426//747 232//747 229//747
f 15//748 16//748 282//748
f 427//749 432//749 428//749
f 428//750 432//750 429//750
f 16//751 407//751 282//751
f 282//752 407//752 427//752
f 299//753 17//753 3//753
f 407//754 433//754 427//754
f 427//755 433//755 432//755
f 432//750 434//750 429//750
f 429//756 434//756 435//756
f 429//757 435//757 430//757
f 430//758 435//758 436//758
f 430//758 436//758 431//758
f 431//759 436//759 386//759
f 431//760 386//760 299//760
f 299//761 386//761 17//761
f 407//762 413//762 433//762
f 433//763 413//763 416//763
f 433//764 416//764 432//764
f 432//765 416//765 393//765
f 432//766 393//766 434//766
f 434//767 393//767 391//767
f 434//768 391//768 435//768
f 435//769 391//769 389//769
f 435//770 389//770 436//770
f 436//771 389//771 386//771
f 282//772 427//772 285//772
f 285//773 427//773 428//773
f 285//774 428//774 287//774
f 287//775 428//775 429//775
f 287//776 429//776 289//776
f 289//777 429//777 430//777
f 289//778 430//778 309//778
f 309//779 430//779 431//779
f 309//780 431//780 305//780
f 305//781 431//781 299//781
f 13//782 231//782 449//782
f 449//783 231//783 239//783
f 449//784 239//784 437//784
f 437//785 239//785 243//785
f 437//786 243//786 438//786
f 438//787 243//787 212//787
f 438//788 212//788 439//788
f 439//789 212//789 210//789
f 439//790 210//790 448//790
f 448//791 210//791 208//791
f 333//792 417//792 336//792
f 336//793 417//793 418//793
f 336//794 418//794 338//794
f 338//795 418//795 419//795
f 338//796 419//796 340//796
f 340//797 419//797 420//797
f 340//798 420//798 363//798
f 363//799 420//799 421//799
f 363//800 421//800 360//800
f 360//801 421//801 354//801
f 15//802 284//802 456//802
f 456//803 284//803 292//803
f 456//804 292//804 440//804
f 440//805 292//805 296//805
f 440//806 296//806 441//806
f 441//807 296//807 265//807
f 441//808 265//808 442//808
f 442//809 265//809 263//809
f 442//810 263//810 455//810
f 455//811 263//811 261//811
f 18//812 6//812 162//812
f 18//812 162//812 100//812
f 100//813 162//813 170//813
f 100//813 170//813 103//813
f 103//814 170//814 175//814
f 103//814 175//814 105//814
f 105//815 175//815 178//815
f 105//816 178//816 81//816
f 81//817 178//817 201//817
f 81//818 201//818 77//818
f 77//819 201//819 200//819
f 77//820 200//820 74//820
f 74//821 200//821 23//821
f 74//822 23//822 70//822
f 70//823 23//823 8//823
f 4//824 24//824 27//824
f 4//824 27//824 115//824
f 115//825 27//825 35//825
f 115//825 35//825 118//825
f 118//826 35//826 40//826
f 118//826 40//826 120//826
f 120//827 40//827 43//827
f 120//828 43//828 122//828
f 122//829 43//829 66//829
f 122//830 66//830 145//830
f 145//831 66//831 65//831
f 145//832 65//832 142//832
f 142//833 65//833 14//833
f 142//834 14//834 1//834
f 405//835 443//835 408//835
f 408//836 443//836 444//836
f 408//837 444//837 410//837
f 410//838 444//838 445//838
f 410//839 445//839 383//839
f 383//840 445//840 446//840
f 383//841 446//841 379//841
f 379//842 446//842 447//842
f 379//843 447//843 374//843
f 374//844 447//844 366//844
f 445//845 448//845 446//845
f 446//846 448//846 447//846
f 16//847 449//847 405//847
f 405//848 449//848 443//848
f 366//849 22//849 19//849
f 16//850 13//850 449//850
f 444//851 439//851 445//851
f 445//845 439//845 448//845
f 449//852 437//852 443//852
f 443//853 437//853 438//853
f 443//854 438//854 444//854
f 444//851 438//851 439//851
f 448//855 208//855 447//855
f 447//856 208//856 205//856
f 447//857 205//857 366//857
f 366//858 205//858 22//858
f 352//859 450//859 355//859
f 355//860 450//860 451//860
f 355//861 451//861 357//861
f 357//862 451//862 452//862
f 357//863 452//863 330//863
f 330//864 452//864 453//864
f 330//865 453//865 326//865
f 326//866 453//866 454//866
f 326//867 454//867 321//867
f 321//868 454//868 313//868
f 452//869 455//869 453//869
f 453//870 455//870 454//870
f 10//871 456//871 352//871
f 352//872 456//872 450//872
f 313//873 20//873 21//873
f 10//874 15//874 456//874
f 450//875 441//875 451//875
f 451//876 441//876 452//876
f 456//877 440//877 450//877
f 450//878 440//878 441//878
f 441//876 442//876 452//876
f 452//869 442//869 455//869
f 455//879 261//879 454//879
f 454//880 261//880 258//880
f 454//881 258//881 313//881
f 313//882 258//882 20//882
f 467//5 465//5 468//5
f 467//5 464//5 465//5
f 473//883 463//883 472//883
f 461//4 470//4 471//4
f 473//883 472//883 469//883
f 461//4 471//4 462//4
f 457//3 474//3 475//3
f 457//3 475//3 458//3
f 477//1 459//1 460//1
f 477//1 460//1 478//1
f 478//884 485//884 486//884
f 478//885 486//885 487//885
f 485//886 488//886 489//886
f 485//887 489//887 486//887
f 488//888 490//888 491//888
f 488//889 491//889 489//889
f 490//890 492//890 491//890
f 487//891 486//891 493//891
f 487//892 493//892 494//892
f 486//893 489//893 495//893
f 486//894 495//894 493//894
f 489//895 491//895 496//895
f 489//896 496//896 495//896
f 491//897 492//897 497//897
f 491//898 497//898 496//898
f 494//899 493//899 498//899
f 494//900 498//900 499//900
f 493//901 495//901 500//901
f 493//902 500//902 498//902
f 495//903 496//903 501//903
f 495//904 501//904 500//904
f 496//905 497//905 502//905
f 496//906 502//906 501//906
f 499//907 498//907 503//907
f 499//908 503//908 504//908
f 498//909 500//909 505//909
f 498//910 505//910 503//910
f 500//911 501//911 506//911
f 500//912 506//912 505//912
f 501//913 502//913 507//913
f 501//914 507//914 506//914
f 463//915 508//915 512//915
f 508//916 509//916 513//916
f 508//917 513//917 512//917
f 509//918 510//918 514//918
f 509//919 514//919 513//919
f 510//920 511//920 514//920
f 512//921 513//921 497//921
f 512//922 497//922 515//922
f 513//923 514//923 502//923
f 513//924 502//924 497//924
f 514//925 507//925 502//925
f 515//926 497//926 492//926
f 471//927 516//927 517//927
f 471//928 517//928 518//928
f 516//929 519//929 520//929
f 516//930 520//930 517//930
f 519//931 521//931 522//931
f 519//932 522//932 520//932
f 521//933 504//933 503//933
f 521//934 503//934 522//934
f 518//935 517//935 523//935
f 518//936 523//936 524//936
f 517//937 520//937 525//937
f 517//938 525//938 523//938
f 520//939 522//939 526//939
f 520//940 526//940 525//940
f 522//941 503//941 505//941
f 522//942 505//942 526//942
f 524//943 523//943 527//943
f 524//944 527//944 528//944
f 523//945 525//945 529//945
f 523//946 529//946 527//946
f 525//947 526//947 506//947
f 525//948 506//948 529//948
f 526//949 505//949 506//949
f 528//950 527//950 511//950
f 527//951 529//951 514//951
f 527//952 514//952 511//952
f 529//953 506//953 507//953
f 529//954 507//954 514//954
f 462//955 530//955 531//955
f 462//956 531//956 532//956
f 530//957 533//957 534//957
f 530//958 534//958 531//958
f 533//959 535//959 536//959
f 533//960 536//960 534//960
f 535//961 537//961 536//961
f 532//962 531//962 538//962
f 532//963 538//963 539//963
f 531//964 534//964 540//964
f 531//965 540//965 538//965
f 534//966 536//966 541//966
f 534//967 541//967 540//967
f 536//968 537//968 542//968
f 536//969 542//969 541//969
f 539//970 538//970 543//970
f 539//971 543//971 544//971
f 538//972 540//972 545//972
f 538//973 545//973 543//973
f 540//974 541//974 546//974
f 540//975 546//975 545//975
f 541//976 542//976 547//976
f 541//977 547//977 546//977
f 544//978 543//978 548//978
f 544//979 548//979 549//979
f 543//980 545//980 550//980
f 543//981 550//981 548//981
f 545//982 546//982 551//982
f 545//983 551//983 550//983
f 546//984 547//984 552//984
f 546//985 552//985 551//985
f 473//986 554//986 553//986
f 553//987 554//987 558//987
f 553//988 558//988 557//988
f 554//989 555//989 559//989
f 554//990 559//990 558//990
f 555//991 556//991 559//991
f 557//992 558//992 542//992
f 557//993 542//993 560//993
f 558//994 559//994 547//994
f 558//995 547//995 542//995
f 559//996 552//996 547//996
f 560//997 542//997 537//997
f 475//998 561//998 562//998
f 475//999 562//999 563//999
f 561//1000 564//1000 565//1000
f 561//1001 565//1001 562//1001
f 564//1002 566//1002 567//1002
f 564//1003 567//1003 565//1003
f 566//1004 549//1004 548//1004
f 566//1005 548//1005 567//1005
f 563//1006 562//1006 568//1006
f 563//1007 568//1007 569//1007
f 562//1008 565//1008 570//1008
f 562//1009 570//1009 568//1009
f 565//1010 567//1010 571//1010
f 565//1011 571//1011 570//1011
f 567//1012 548//1012 550//1012
f 567//1013 550//1013 571//1013
f 569//1014 568//1014 572//1014
f 569//1015 572//1015 573//1015
f 568//1016 570//1016 574//1016
f 568//1017 574//1017 572//1017
f 570//1018 571//1018 551//1018
f 570//1019 551//1019 574//1019
f 571//1020 550//1020 551//1020
f 573//1021 572//1021 556//1021
f 572//1022 574//1022 559//1022
f 572//1023 559//1023 556//1023
f 574//1024 551//1024 552//1024
f 574//1025 552//1025 559//1025
f 464//1026 575//1026 576//1026
f 464//1027 576//1027 577//1027
f 575//1028 578//1028 579//1028
f 575//1029 579//1029 576//1029
f 578//1030 580//1030 581//1030
f 578//1031 581//1031 579//1031
f 580//1032 582//1032 581//1032
f 577//1033 576//1033 583//1033
f 577//1034 583//1034 584//1034
f 576//1035 579//1035 585//1035
f 576//1036 585//1036 583//1036
f 579//1037 581//1037 586//1037
f 579//1038 586//1038 585//1038
f 581//1039 582//1039 587//1039
f 581//1040 587//1040 586//1040
f 584//1041 583//1041 588//1041
f 584//1042 588//1042 589//1042
f 583//1043 585//1043 590//1043
f 583//1044 590//1044 588//1044
f 585//1045 586//1045 591//1045
f 585//1046 591//1046 590//1046
f 586//1047 587//1047 592//1047
f 586//1048 592//1048 591//1048
f 589//1049 588//1049 593//1049
f 589//1050 593//1050 594//1050
f 588//1051 590//1051 595//1051
f 588//1052 595//1052 593//1052
f 590//1053 591//1053 596//1053
f 590//1054 596//1054 595//1054
f 591//1055 592//1055 597//1055
f 591//1056 597//1056 596//1056
f 472//1057 599//1057 598//1057
f 598//1058 599//1058 603//1058
f 598//1059 603//1059 602//1059
f 599//1060 600//1060 604//1060
f 599//1061 604//1061 603//1061
f 600//1062 601//1062 604//1062
f 602//1063 603//1063 587//1063
f 602//1064 587//1064 605//1064
f 603//1065 604//1065 592//1065
f 603//1066 592//1066 587//1066
f 604//1067 597//1067 592//1067
f 605//1068 587//1068 582//1068
f 460//1069 606//1069 607//1069
f 460//1070 607//1070 608//1070
f 606//1071 609//1071 610//1071
f 606//1072 610//1072 607//1072
f 609//1073 611//1073 612//1073
f 609//1074 612//1074 610//1074
f 611//1075 594//1075 593//1075
f 611//1076 593//1076 612//1076
f 608//1077 607//1077 613//1077
f 608//1078 613//1078 614//1078
f 607//1079 610//1079 615//1079
f 607//1080 615//1080 613//1080
f 610//1081 612//1081 616//1081
f 610//1082 616//1082 615//1082
f 612//1083 593//1083 595//1083
f 612//1084 595//1084 616//1084
f 614//1085 613//1085 617//1085
f 614//1086 617//1086 618//1086
f 613//1087 615//1087 619//1087
f 613//1088 619//1088 617//1088
f 615//1089 616//1089 596//1089
f 615//1090 596//1090 619//1090
f 616//1091 595//1091 596//1091
f 618//1092 617//1092 601//1092
f 617//1093 619//1093 604//1093
f 617//1094 604//1094 601//1094
f 619//1095 596//1095 597//1095
f 619//1096 597//1096 604//1096
f 458//1097 620//1097 621//1097
f 458//1098 621//1098 622//1098
f 620//1099 623//1099 624//1099
f 620//1100 624//1100 621//1100
f 623//1101 625//1101 626//1101
f 623//1102 626//1102 624//1102
f 625//1103 627//1103 626//1103
f 622//1104 621//1104 628//1104
f 622//1105 628//1105 629//1105
f 621//1106 624//1106 630//1106
f 621//1107 630//1107 628//1107
f 624//1108 626//1108 631//1108
f 624//1109 631//1109 630//1109
f 626//1110 627//1110 632//1110
f 626//1111 632//1111 631//1111
f 629//1112 628//1112 633//1112
f 629//1113 633//1113 634//1113
f 628//1114 630//1114 635//1114
f 628//1115 635//1115 633//1115
f 630//1116 631//1116 636//1116
f 630//1117 636//1117 635//1117
f 631//1118 632//1118 637//1118
f 631//1119 637//1119 636//1119
f 634//1120 633//1120 638//1120
f 634//1121 638//1121 639//1121
f 633//1122 635//1122 640//1122
f 633//1123 640//1123 638//1123
f 635//1124 636//1124 641//1124
f 635//1125 641//1125 640//1125
f 636//1126 637//1126 642//1126
f 636//1127 642//1127 641//1127
f 469//1128 643//1128 647//1128
f 643//1129 644//1129 648//1129
f 643//1130 648//1130 647//1130
f 644//1131 645//1131 649//1131
f 644//1132 649//1132 648//1132
f 645//1133 646//1133 649//1133
f 647//1134 648//1134 632//1134
f 647//1135 632//1135 650//1135
f 648//1136 649//1136 637//1136
f 648//1137 637//1137 632//1137
f 649//1138 642//1138 637//1138
f 650//1139 632//1139 627//1139
f 467//1140 651//1140 652//1140
f 467//1141 652//1141 653//1141
f 651//1142 654//1142 655//1142
f 651//1143 655//1143 652//1143
f 654//1144 656//1144 657//1144
f 654//1145 657//1145 655//1145
f 656//1146 639//1146 638//1146
f 656//1147 638//1147 657//1147
f 653//1148 652//1148 658//1148
f 653//1149 658//1149 659//1149
f 652//1150 655//1150 660//1150
f 652//1151 660//1151 658//1151
f 655//1152 657//1152 661//1152
f 655//1153 661//1153 660//1153
f 657//1154 638//1154 640//1154
f 657//1155 640//1155 661//1155
f 659//1156 658//1156 662//1156
f 659//1157 662//1157 663//1157
f 658//1158 660//1158 664//1158
f 658//1159 664//1159 662//1159
f 660//1160 661//1160 641//1160
f 660//1161 641//1161 664//1161
f 661//1162 640//1162 641//1162
f 663//1163 662//1163 646//1163
f 662//1164 664//1164 649//1164
f 662//1165 649//1165 646//1165
f 664//1166 641//1166 642//1166
f 664//1167 642//1167 649//1167
f 457//1168 665//1168 666//1168
f 457//1169 666//1169 667//1169
f 665//1170 668//1170 669//1170
f 665//1171 669//1171 666//1171
f 668//1172 670//1172 671//1172
f 668//1173 671//1173 669//1173
f 670//1174 672//1174 673//1174
f 670//1175 673//1175 671//1175
f 667//1176 666//1176 674//1176
f 666//1177 669//1177 674//1177
f 667//1178 674//1178 675//1178
f 669//1179 671//1179 676//1179
f 671//1180 673//1180 677//1180
f 671//1181 677//1181 676//1181
f 675//1182 674//1182 678//1182
f 674//1183 669//1183 678//1183
f 669//1184 676//1184 679//1184
f 669//1184 679//1184 678//1184
f 676//1185 677//1185 680//1185
f 676//1186 680//1186 679//1186
f 468//1187 850//1187 681//1187
f 468//1188 681//1188 682//1188
f 850//1189 683//1189 681//1189
f 850//1190 849//1190 683//1190
f 849//1191 684//1191 683//1191
f 682//1192 681//1192 685//1192
f 682//1193 685//1193 686//1193
f 681//1194 683//1194 687//1194
f 681//1195 687//1195 685//1195
f 683//1196 684//1196 688//1196
f 683//1197 688//1197 687//1197
f 686//1198 685//1198 689//1198
f 686//1199 689//1199 690//1199
f 685//1200 687//1200 689//1200
f 687//1201 691//1201 689//1201
f 687//1202 688//1202 692//1202
f 687//1203 692//1203 691//1203
f 690//1204 689//1204 673//1204
f 690//1205 673//1205 672//1205
f 689//1206 691//1206 677//1206
f 689//1207 677//1207 673//1207
f 691//1208 692//1208 680//1208
f 691//1209 680//1209 677//1209
f 466//1210 693//1210 694//1210
f 466//1211 694//1211 848//1211
f 693//1212 695//1212 694//1212
f 695//1213 696//1213 697//1213
f 696//1214 698//1214 699//1214
f 696//1215 699//1215 697//1215
f 848//1216 694//1216 700//1216
f 694//1217 695//1217 700//1217
f 700//1218 695//1218 688//1218
f 695//1219 697//1219 692//1219
f 695//1220 692//1220 688//1220
f 697//1221 699//1221 692//1221
f 700//1222 684//1222 849//1222
f 700//1223 688//1223 684//1223
f 692//1224 699//1224 680//1224
f 484//1225 701//1225 702//1225
f 484//1226 702//1226 703//1226
f 701//1227 704//1227 705//1227
f 701//1228 705//1228 702//1228
f 704//1229 675//1229 678//1229
f 704//1230 678//1230 705//1230
f 703//1231 702//1231 706//1231
f 702//1232 705//1232 707//1232
f 702//1233 707//1233 706//1233
f 705//1234 678//1234 707//1234
f 706//1235 707//1235 709//1235
f 706//1236 709//1236 708//1236
f 707//1237 678//1237 679//1237
f 707//1238 679//1238 709//1238
f 708//1239 699//1239 698//1239
f 708//1240 709//1240 699//1240
f 709//1241 679//1241 680//1241
f 709//1242 680//1242 699//1242
f 477//1243 710//1243 711//1243
f 477//1244 711//1244 712//1244
f 710//1245 713//1245 714//1245
f 710//1246 714//1246 711//1246
f 713//1247 715//1247 716//1247
f 713//1248 716//1248 714//1248
f 715//1249 717//1249 718//1249
f 715//1250 718//1250 716//1250
f 712//1251 711//1251 719//1251
f 712//1252 719//1252 720//1252
f 711//1253 714//1253 719//1253
f 714//1254 716//1254 721//1254
f 716//1255 718//1255 722//1255
f 716//1256 722//1256 721//1256
f 720//1257 719//1257 723//1257
f 720//1258 723//1258 724//1258
f 719//1259 714//1259 723//1259
f 714//1260 721//1260 725//1260
f 714//1261 725//1261 723//1261
f 721//1262 722//1262 726//1262
f 721//1263 726//1263 725//1263
f 470//1264 851//1264 727//1264
f 470//1265 727//1265 728//1265
f 851//1266 729//1266 727//1266
f 851//1267 852//1267 729//1267
f 852//1268 730//1268 729//1268
f 728//1269 727//1269 731//1269
f 728//1270 731//1270 732//1270
f 727//1271 729//1271 733//1271
f 727//1272 733//1272 731//1272
f 729//1273 730//1273 734//1273
f 729//1274 734//1274 733//1274
f 732//1275 731//1275 735//1275
f 732//1276 735//1276 736//1276
f 731//1277 733//1277 735//1277
f 733//1278 737//1278 735//1278
f 733//1279 734//1279 738//1279
f 733//1280 738//1280 737//1280
f 736//1281 735//1281 718//1281
f 736//1282 718//1282 717//1282
f 735//1283 737//1283 722//1283
f 735//1284 722//1284 718//1284
f 737//1285 738//1285 726//1285
f 737//1286 726//1286 722//1286
f 480//1287 739//1287 740//1287
f 480//1288 740//1288 853//1288
f 739//1289 741//1289 740//1289
f 741//1290 742//1290 743//1290
f 742//1291 744//1291 745//1291
f 742//1292 745//1292 743//1292
f 853//1293 740//1293 746//1293
f 740//1294 741//1294 746//1294
f 746//1295 741//1295 734//1295
f 741//1296 743//1296 738//1296
f 741//1297 738//1297 734//1297
f 743//1298 745//1298 738//1298
f 746//1299 730//1299 852//1299
f 746//1300 734//1300 730//1300
f 738//1301 745//1301 726//1301
f 483//1302 747//1302 748//1302
f 483//1303 748//1303 749//1303
f 747//1304 750//1304 748//1304
f 747//1305 724//1305 750//1305
f 724//1306 723//1306 750//1306
f 749//1307 748//1307 751//1307
f 748//1308 750//1308 752//1308
f 748//1309 752//1309 751//1309
f 750//1310 723//1310 752//1310
f 751//1311 752//1311 754//1311
f 751//1312 754//1312 753//1312
f 752//1313 723//1313 725//1313
f 752//1314 725//1314 754//1314
f 753//1315 745//1315 744//1315
f 753//1316 754//1316 745//1316
f 754//1317 725//1317 726//1317
f 754//1318 726//1318 745//1318
f 459//1319 755//1319 756//1319
f 459//1320 756//1320 757//1320
f 755//1321 758//1321 756//1321
f 755//1322 759//1322 758//1322
f 759//1323 760//1323 758//1323
f 757//1324 756//1324 761//1324
f 757//1325 761//1325 762//1325
f 756//1326 758//1326 763//1326
f 756//1327 763//1327 761//1327
f 758//1328 760//1328 764//1328
f 758//1329 764//1329 763//1329
f 762//1330 761//1330 765//1330
f 762//1331 765//1331 766//1331
f 761//1332 763//1332 765//1332
f 763//1333 767//1333 765//1333
f 763//1334 764//1334 768//1334
f 763//1335 768//1335 767//1335
f 766//1336 765//1336 769//1336
f 766//1337 769//1337 770//1337
f 765//1338 767//1338 771//1338
f 765//1339 771//1339 769//1339
f 767//1340 768//1340 772//1340
f 767//1341 772//1341 771//1341
f 479//1342 773//1342 774//1342
f 479//1343 774//1343 775//1343
f 773//1344 776//1344 774//1344
f 776//1345 777//1345 778//1345
f 777//1346 779//1346 780//1346
f 777//1347 780//1347 778//1347
f 775//1348 774//1348 781//1348
f 774//1349 776//1349 781//1349
f 781//1350 776//1350 764//1350
f 776//1351 778//1351 768//1351
f 776//1352 768//1352 764//1352
f 778//1353 780//1353 768//1353
f 781//1354 760//1354 759//1354
f 781//1355 764//1355 760//1355
f 768//1356 780//1356 772//1356
f 482//1357 844//1357 782//1357
f 482//1358 782//1358 783//1358
f 844//1359 784//1359 782//1359
f 844//1360 845//1360 784//1360
f 845//1361 785//1361 784//1361
f 783//1362 782//1362 786//1362
f 782//1363 784//1363 787//1363
f 782//1364 787//1364 786//1364
f 784//1365 785//1365 787//1365
f 786//1366 787//1366 789//1366
f 786//1367 789//1367 788//1367
f 787//1368 785//1368 790//1368
f 787//1369 790//1369 789//1369
f 788//1370 780//1370 779//1370
f 788//1371 789//1371 780//1371
f 789//1372 790//1372 772//1372
f 789//1373 772//1373 780//1373
f 465//1374 791//1374 792//1374
f 465//1375 792//1375 847//1375
f 791//1376 793//1376 794//1376
f 791//1377 794//1377 792//1377
f 793//1378 795//1378 796//1378
f 793//1379 796//1379 794//1379
f 795//1380 770//1380 769//1380
f 795//1381 769//1381 796//1381
f 847//1382 792//1382 797//1382
f 847//1383 797//1383 846//1383
f 792//1384 794//1384 797//1384
f 794//1385 796//1385 798//1385
f 796//1386 769//1386 771//1386
f 796//1387 771//1387 798//1387
f 846//1388 797//1388 785//1388
f 846//1389 785//1389 845//1389
f 797//1390 794//1390 785//1390
f 794//1391 798//1391 790//1391
f 794//1391 790//1391 785//1391
f 798//1392 771//1392 772//1392
f 798//1393 772//1393 790//1393
f 474//1394 799//1394 800//1394
f 474//1395 800//1395 801//1395
f 799//1396 802//1396 803//1396
f 799//1397 803//1397 800//1397
f 802//1398 804//1398 805//1398
f 802//1399 805//1399 803//1399
f 801//1400 800//1400 806//1400
f 801//1401 806//1401 807//1401
f 800//1402 803//1402 808//1402
f 800//1403 808//1403 806//1403
f 803//1404 805//1404 809//1404
f 803//1405 809//1405 808//1405
f 807//1406 806//1406 810//1406
f 807//1407 810//1407 811//1407
f 806//1408 808//1408 810//1408
f 808//1409 812//1409 810//1409
f 808//1410 809//1410 813//1410
f 808//1411 813//1411 812//1411
f 811//1412 810//1412 814//1412
f 811//1413 814//1413 815//1413
f 810//1414 812//1414 816//1414
f 810//1415 816//1415 814//1415
f 812//1416 813//1416 817//1416
f 812//1417 817//1417 816//1417
f 476//1418 818//1418 819//1418
f 476//1419 819//1419 820//1419
f 818//1420 821//1420 819//1420
f 821//1421 822//1421 823//1421
f 822//1422 824//1422 825//1422
f 822//1423 825//1423 823//1423
f 820//1424 819//1424 826//1424
f 819//1425 821//1425 826//1425
f 820//1426 826//1426 804//1426
f 826//1427 821//1427 809//1427
f 821//1428 823//1428 813//1428
f 821//1429 813//1429 809//1429
f 823//1430 825//1430 813//1430
f 804//1431 826//1431 805//1431
f 826//1432 809//1432 805//1432
f 813//1433 825//1433 817//1433
f 481//1434 855//1434 827//1434
f 481//1435 827//1435 828//1435
f 855//1436 829//1436 827//1436
f 855//1437 857//1437 829//1437
f 857//1438 830//1438 829//1438
f 828//1439 827//1439 831//1439
f 827//1440 829//1440 832//1440
f 827//1441 832//1441 831//1441
f 829//1442 830//1442 832//1442
f 831//1443 832//1443 834//1443
f 831//1444 834//1444 833//1444
f 832//1445 830//1445 835//1445
f 832//1446 835//1446 834//1446
f 833//1447 825//1447 824//1447
f 833//1448 834//1448 825//1448
f 834//1449 835//1449 817//1449
f 834//1450 817//1450 825//1450
f 461//1451 836//1451 837//1451
f 461//1452 837//1452 854//1452
f 836//1453 838//1453 839//1453
f 836//1454 839//1454 837//1454
f 838//1455 840//1455 841//1455
f 838//1456 841//1456 839//1456
f 840//1457 815//1457 814//1457
f 840//1458 814//1458 841//1458
f 854//1459 837//1459 842//1459
f 854//1460 842//1460 856//1460
f 837//1461 839//1461 842//1461
f 839//1462 841//1462 843//1462
f 841//1463 814//1463 816//1463
f 841//1464 816//1464 843//1464
f 856//1465 842//1465 830//1465
f 856//1466 830//1466 857//1466
f 842//1467 839//1467 830//1467
f 839//1468 843//1468 835//1468
f 839//1468 835//1468 830//1468
f 843//1469 816//1469 817//1469
f 843//1470 817//1470 835//1470
f 457//1471 458//1471 622//1471
f 457//1471 622//1471 665//1471
f 665//1472 622//1472 629//1472
f 665//1472 629//1472 668//1472
f 668//1473 629//1473 634//1473
f 668//1473 634//1473 670//1473
f 670//1474 634//1474 639//1474
f 670//1474 639//1474 672//1474
f 672//1475 639//1475 656//1475
f 672//1475 656//1475 690//1475
f 690//1476 656//1476 654//1476
f 690//1476 654//1476 686//1476
f 686//1477 654//1477 651//1477
f 686//1477 651//1477 682//1477
f 682//708 651//708 467//708
f 682//708 467//708 468//708
f 477//1478 478//1478 487//1478
f 477//1478 487//1478 710//1478
f 710//1479 487//1479 494//1479
f 710//1479 494//1479 713//1479
f 713//1480 494//1480 499//1480
f 713//1480 499//1480 715//1480
f 715//1481 499//1481 504//1481
f 715//1481 504//1481 717//1481
f 717//1482 504//1482 521//1482
f 717//1482 521//1482 736//1482
f 736//1483 521//1483 519//1483
f 736//1483 519//1483 732//1483
f 732//1484 519//1484 516//1484
f 732//1484 516//1484 728//1484
f 728//724 516//724 471//724
f 728//724 471//724 470//724
f 469//1485 472//1485 643//1485
f 644//1486 605//1486 645//1486
f 645//1487 605//1487 646//1487
f 472//1488 598//1488 643//1488
f 643//1489 598//1489 602//1489
f 643//1490 602//1490 644//1490
f 644//1491 602//1491 605//1491
f 646//1492 580//1492 663//1492
f 663//1493 580//1493 659//1493
f 659//1494 575//1494 653//1494
f 653//1495 575//1495 464//1495
f 653//1495 464//1495 467//1495
f 605//1496 582//1496 646//1496
f 646//1497 582//1497 580//1497
f 580//1493 578//1493 659//1493
f 659//1494 578//1494 575//1494
f 463//1498 473//1498 508//1498
f 509//1499 560//1499 510//1499
f 510//1500 560//1500 511//1500
f 473//1501 553//1501 508//1501
f 508//1502 553//1502 557//1502
f 508//1503 557//1503 509//1503
f 509//1504 557//1504 560//1504
f 511//1505 535//1505 528//1505
f 528//1506 535//1506 533//1506
f 528//1506 533//1506 524//1506
f 524//1507 533//1507 530//1507
f 524//1507 530//1507 518//1507
f 518//1508 530//1508 471//1508
f 560//1509 537//1509 511//1509
f 511//1510 537//1510 535//1510
f 530//1508 462//1508 471//1508
f 460//677 459//677 757//677
f 460//677 757//677 606//677
f 606//1511 757//1511 762//1511
f 606//1511 762//1511 609//1511
f 609//1512 762//1512 766//1512
f 609//1512 766//1512 611//1512
f 611//1513 766//1513 770//1513
f 611//1513 770//1513 594//1513
f 594//1514 770//1514 795//1514
f 594//1514 795//1514 589//1514
f 589//1515 795//1515 793//1515
f 589//1515 793//1515 584//1515
f 584//1516 793//1516 791//1516
f 584//1516 791//1516 577//1516
f 577//1517 791//1517 465//1517
f 577//1517 465//1517 464//1517
f 475//663 474//663 801//663
f 475//663 801//663 561//663
f 561//1518 801//1518 807//1518
f 561//1518 807//1518 564//1518
f 564//1519 807//1519 811//1519
f 564//1519 811//1519 566//1519
f 566//1520 811//1520 815//1520
f 566//1520 815//1520 549//1520
f 549//1521 815//1521 840//1521
f 549//1521 840//1521 544//1521
f 544//1522 840//1522 838//1522
f 544//1522 838//1522 539//1522
f 539//1523 838//1523 836//1523
f 539//1523 836//1523 532//1523
f 532//1524 836//1524 461//1524
f 532//1524 461//1524 462//1524
f 482//1525 466//1525 848//1525
f 482//1526 848//1526 844//1526
f 845//1527 849//1527 846//1527
f 846//1528 850//1528 847//1528
f 847//1529 850//1529 465//1529
f 848//1530 700//1530 844//1530
f 844//1531 700//1531 845//1531
f 845//1532 700//1532 849//1532
f 846//1533 849//1533 850//1533
f 850//1534 468//1534 465//1534
f 470//1535 854//1535 851//1535
f 851//1536 856//1536 852//1536
f 746//1537 855//1537 853//1537
f 853//1538 481//1538 480//1538
f 470//1539 461//1539 854//1539
f 854//1540 856//1540 851//1540
f 856//1541 857//1541 852//1541
f 852//1542 857//1542 746//1542
f 746//1543 857//1543 855//1543
f 853//1544 855//1544 481//1544
f 701//1545 484//1545 476//1545
f 747//1546 483//1546 479//1546
f 478//1547 460//1547 608//1547
f 478//1548 608//1548 485//1548
f 485//1549 608//1549 614//1549
f 485//1550 614//1550 488//1550
f 488//1551 614//1551 618//1551
f 488//1551 618//1551 490//1551
f 490//1552 618//1552 601//1552
f 490//1553 601//1553 492//1553
f 492//1554 601//1554 600//1554
f 492//1555 600//1555 515//1555
f 515//1556 600//1556 599//1556
f 515//1557 599//1557 512//1557
f 512//1558 599//1558 472//1558
f 512//1559 472//1559 463//1559
f 458//1560 475//1560 563//1560
f 458//1561 563//1561 620//1561
f 620//1562 563//1562 569//1562
f 620//1563 569//1563 623//1563
f 623//1564 569//1564 573//1564
f 623//1564 573//1564 625//1564
f 625//1565 573//1565 556//1565
f 625//1566 556//1566 627//1566
f 627//1567 556//1567 555//1567
f 627//1568 555//1568 650//1568
f 650//1569 555//1569 554//1569
f 650//1570 554//1570 647//1570
f 647//1571 554//1571 473//1571
f 647//1572 473//1572 469//1572
f 474//1573 457//1573 667//1573
f 474//1574 667//1574 799//1574
f 799//1575 667//1575 802//1575
f 802//1576 667//1576 675//1576
f 802//1577 675//1577 804//1577
f 804//1578 675//1578 704//1578
f 804//1579 704//1579 820//1579
f 820//1580 704//1580 701//1580
f 820//1581 701//1581 476//1581
f 755//1582 720//1582 759//1582
f 781//1583 747//1583 775//1583
f 459//1584 477//1584 712//1584
f 459//1585 712//1585 755//1585
f 755//1586 712//1586 720//1586
f 720//1587 724//1587 759//1587
f 759//1588 724//1588 781//1588
f 781//1589 724//1589 747//1589
f 775//1590 747//1590 479//1590
f 482//1591 783//1591 858//1591
f 858//1592 783//1592 786//1592
f 858//1593 786//1593 859//1593
f 859//1594 786//1594 788//1594
f 859//1595 788//1595 860//1595
f 860//1596 788//1596 779//1596
f 860//1597 779//1597 861//1597
f 861//1598 779//1598 777//1598
f 861//1598 777//1598 862//1598
f 862//1599 777//1599 776//1599
f 862//1600 776//1600 863//1600
f 863//1601 776//1601 773//1601
f 863//1602 773//1602 864//1602
f 864//1603 773//1603 479//1603
f 481//1604 828//1604 865//1604
f 865//1605 828//1605 831//1605
f 865//1606 831//1606 866//1606
f 866//1607 831//1607 833//1607
f 866//1608 833//1608 867//1608
f 867//1609 833//1609 824//1609
f 867//1610 824//1610 868//1610
f 868//1611 824//1611 822//1611
f 868//1611 822//1611 869//1611
f 869//1612 822//1612 821//1612
f 869//1613 821//1613 870//1613
f 870//1614 821//1614 818//1614
f 870//1615 818//1615 871//1615
f 871//1616 818//1616 476//1616
f 483//1617 749//1617 872//1617
f 872//1618 749//1618 751//1618
f 872//1619 751//1619 873//1619
f 873//1620 751//1620 753//1620
f 873//1621 753//1621 874//1621
f 874//1622 753//1622 744//1622
f 874//1623 744//1623 875//1623
f 875//1624 744//1624 742//1624
f 875//1625 742//1625 876//1625
f 876//1626 742//1626 741//1626
f 876//1627 741//1627 877//1627
f 877//1628 741//1628 739//1628
f 877//1629 739//1629 878//1629
f 878//1630 739//1630 480//1630
f 466//1631 879//1631 693//1631
f 693//1632 879//1632 880//1632
f 693//1633 880//1633 695//1633
f 695//1634 880//1634 881//1634
f 695//1635 881//1635 696//1635
f 696//1636 881//1636 882//1636
f 696//1636 882//1636 698//1636
f 698//1637 882//1637 883//1637
f 698//1638 883//1638 708//1638
f 708//1639 883//1639 884//1639
f 708//1640 884//1640 706//1640
f 706//1641 884//1641 885//1641
f 706//1642 885//1642 703//1642
f 703//1643 885//1643 484//1643
f 892//1644 887//1644 886//1644
f 889//1645 1187//1645 887//1645
f 889//1646 890//1646 1187//1646
f 890//1647 888//1647 1187//1647
f 891//1648 1168//1648 888//1648
f 893//1649 887//1649 892//1649
f 893//1650 889//1650 887//1650
f 895//1651 888//1651 890//1651
f 895//1652 891//1652 888//1652
f 894//1653 893//1653 892//1653
f 896//1654 893//1654 894//1654
f 899//1655 889//1655 893//1655
f 898//1656 890//1656 889//1656
f 899//1657 898//1657 889//1657
f 898//1658 895//1658 890//1658
f 898//1659 897//1659 895//1659
f 897//1660 891//1660 895//1660
f 899//1661 893//1661 896//1661
f 901//1662 899//1662 896//1662
f 900//1663 891//1663 897//1663
f 904//1664 897//1664 898//1664
f 902//1665 899//1665 901//1665
f 904//1666 900//1666 897//1666
f 903//1667 898//1667 899//1667
f 905//1668 903//1668 899//1668
f 903//1669 904//1669 898//1669
f 905//1670 899//1670 902//1670
f 906//1671 905//1671 902//1671
f 908//1672 904//1672 903//1672
f 907//1673 900//1673 904//1673
f 908//1674 907//1674 904//1674
f 909//1675 905//1675 906//1675
f 911//1676 903//1676 905//1676
f 910//1677 911//1677 905//1677
f 911//1678 908//1678 903//1678
f 908//1679 912//1679 907//1679
f 913//1680 905//1680 909//1680
f 913//1681 910//1681 905//1681
f 912//1682 908//1682 911//1682
f 914//1683 913//1683 909//1683
f 915//1684 913//1684 914//1684
f 918//1685 912//1685 911//1685
f 916//1686 913//1686 915//1686
f 917//1687 910//1687 913//1687
f 918//1688 911//1688 910//1688
f 917//1689 918//1689 910//1689
f 920//1690 912//1690 918//1690
f 916//1691 917//1691 913//1691
f 919//1692 916//1692 915//1692
f 921//1693 916//1693 919//1693
f 920//1694 922//1694 912//1694
f 924//1695 921//1695 919//1695
f 924//1696 919//1696 1722//1696
f 926//1697 917//1697 921//1697
f 925//1698 918//1698 917//1698
f 926//1699 925//1699 917//1699
f 925//1700 920//1700 918//1700
f 925//1701 923//1701 920//1701
f 923//1702 922//1702 920//1702
f 926//1703 921//1703 924//1703
f 928//1704 923//1704 925//1704
f 927//1705 926//1705 924//1705
f 921//1706 917//1706 916//1706
f 929//1707 926//1707 927//1707
f 931//1708 923//1708 928//1708
f 930//1709 925//1709 926//1709
f 932//1710 930//1710 926//1710
f 931//1711 928//1711 925//1711
f 930//1712 931//1712 925//1712
f 932//1713 926//1713 929//1713
f 933//1714 932//1714 929//1714
f 930//1715 935//1715 931//1715
f 935//1716 937//1716 931//1716
f 931//1717 934//1717 923//1717
f 937//1718 934//1718 931//1718
f 936//1719 932//1719 933//1719
f 939//1720 930//1720 932//1720
f 939//1721 938//1721 930//1721
f 938//1722 935//1722 930//1722
f 938//1723 937//1723 935//1723
f 939//1724 932//1724 936//1724
f 941//1725 938//1725 939//1725
f 941//1726 937//1726 938//1726
f 940//1727 939//1727 936//1727
f 941//1728 942//1728 937//1728
f 945//1729 942//1729 941//1729
f 943//1730 939//1730 940//1730
f 944//1731 941//1731 939//1731
f 946//1732 944//1732 939//1732
f 944//1733 945//1733 941//1733
f 946//1734 939//1734 943//1734
f 1709//1735 946//1735 943//1735
f 947//1736 942//1736 945//1736
f 951//1737 947//1737 945//1737
f 948//1738 946//1738 1709//1738
f 950//1739 944//1739 946//1739
f 949//1740 950//1740 946//1740
f 951//1741 945//1741 944//1741
f 950//1742 951//1742 944//1742
f 952//1743 947//1743 951//1743
f 953//1744 946//1744 948//1744
f 953//1745 949//1745 946//1745
f 954//1746 953//1746 948//1746
f 955//1747 952//1747 951//1747
f 956//1748 953//1748 954//1748
f 957//1749 950//1749 949//1749
f 962//1750 957//1750 949//1750
f 957//1751 951//1751 950//1751
f 957//1752 955//1752 951//1752
f 958//1753 949//1753 953//1753
f 962//1754 949//1754 958//1754
f 958//1755 953//1755 956//1755
f 959//1756 955//1756 957//1756
f 959//1757 960//1757 955//1757
f 969//1758 952//1758 955//1758
f 960//1759 969//1759 955//1759
f 961//1760 958//1760 956//1760
f 963//1761 958//1761 961//1761
f 964//1762 962//1762 958//1762
f 965//1763 957//1763 962//1763
f 964//1764 965//1764 962//1764
f 965//1765 959//1765 957//1765
f 967//1766 958//1766 963//1766
f 967//1767 964//1767 958//1767
f 967//1768 963//1768 966//1768
f 970//1769 959//1769 965//1769
f 968//1770 960//1770 959//1770
f 970//1771 968//1771 959//1771
f 968//1772 969//1772 960//1772
f 971//1773 967//1773 966//1773
f 972//1774 964//1774 967//1774
f 973//1775 965//1775 964//1775
f 972//1776 973//1776 964//1776
f 973//1777 970//1777 965//1777
f 974//1778 968//1778 970//1778
f 1697//1779 967//1779 971//1779
f 975//1780 972//1780 967//1780
f 975//1781 967//1781 1697//1781
f 976//1782 973//1782 972//1782
f 976//1783 970//1783 973//1783
f 976//1784 977//1784 970//1784
f 977//1785 974//1785 970//1785
f 1692//1786 975//1786 1697//1786
f 980//1787 975//1787 1692//1787
f 978//1788 972//1788 975//1788
f 979//1789 976//1789 972//1789
f 978//1790 979//1790 972//1790
f 979//1791 977//1791 976//1791
f 981//1792 975//1792 980//1792
f 981//1793 978//1793 975//1793
f 1693//1794 981//1794 980//1794
f 983//1795 979//1795 978//1795
f 983//1796 977//1796 979//1796
f 983//1797 982//1797 977//1797
f 982//1798 974//1798 977//1798
f 984//1799 981//1799 1693//1799
f 987//1800 982//1800 983//1800
f 989//1801 981//1801 984//1801
f 985//1802 978//1802 981//1802
f 986//1803 983//1803 978//1803
f 985//1804 986//1804 978//1804
f 986//1805 987//1805 983//1805
f 988//1806 982//1806 987//1806
f 989//1807 985//1807 981//1807
f 986//1808 990//1808 987//1808
f 990//1809 988//1809 987//1809
f 993//1810 990//1810 986//1810
f 997//1811 985//1811 991//1811
f 994//1812 986//1812 985//1812
f 997//1813 994//1813 985//1813
f 994//1814 993//1814 986//1814
f 993//1815 988//1815 990//1815
f 997//1816 991//1816 992//1816
f 996//1817 993//1817 994//1817
f 997//1818 992//1818 995//1818
f 991//1819 985//1819 989//1819
f 999//1820 998//1820 995//1820
f 1002//1821 997//1821 998//1821
f 1000//1822 994//1822 997//1822
f 1002//1823 1000//1823 997//1823
f 1000//1824 996//1824 994//1824
f 1001//1825 993//1825 996//1825
f 1003//1826 996//1826 1000//1826
f 1677//1827 998//1827 999//1827
f 1677//1828 1002//1828 998//1828
f 1003//1829 1001//1829 996//1829
f 995//1830 998//1830 997//1830
f 1005//1831 1003//1831 1000//1831
f 1004//1832 1002//1832 1677//1832
f 1007//1833 1000//1833 1002//1833
f 1006//1834 1007//1834 1002//1834
f 1007//1835 1005//1835 1000//1835
f 1001//1836 1003//1836 1005//1836
f 1009//1837 1002//1837 1004//1837
f 1009//1838 1006//1838 1002//1838
f 1010//1839 1007//1839 1006//1839
f 1010//1840 1005//1840 1007//1840
f 1009//1841 1004//1841 1008//1841
f 1011//1842 1009//1842 1008//1842
f 1012//1843 1005//1843 1010//1843
f 1014//1844 1009//1844 1011//1844
f 1015//1845 1006//1845 1009//1845
f 1013//1846 1010//1846 1006//1846
f 1015//1847 1013//1847 1006//1847
f 1013//1848 1012//1848 1010//1848
f 1015//1849 1009//1849 1014//1849
f 1016//1850 1012//1850 1013//1850
f 1017//1851 1015//1851 1014//1851
f 1021//1852 1015//1852 1017//1852
f 1018//1853 1013//1853 1015//1853
f 1018//1854 1019//1854 1013//1854
f 1019//1855 1016//1855 1013//1855
f 1020//1856 1012//1856 1016//1856
f 1022//1857 1015//1857 1021//1857
f 1022//1858 1018//1858 1015//1858
f 1024//1859 1016//1859 1019//1859
f 1024//1860 1020//1860 1016//1860
f 1023//1861 1022//1861 1021//1861
f 1028//1862 1022//1862 1023//1862
f 1026//1863 1018//1863 1022//1863
f 1026//1864 1027//1864 1018//1864
f 1027//1865 1019//1865 1018//1865
f 1027//1866 1024//1866 1019//1866
f 1027//1867 1025//1867 1024//1867
f 1020//1868 1024//1868 1025//1868
f 1028//1869 1026//1869 1022//1869
f 1026//1870 1029//1870 1027//1870
f 1029//1871 1025//1871 1027//1871
f 1033//1872 1031//1872 1026//1872
f 1031//1873 1029//1873 1026//1873
f 1029//1874 1032//1874 1025//1874
f 1033//1875 1026//1875 1030//1875
f 1034//1876 1029//1876 1031//1876
f 1035//1877 1033//1877 1030//1877
f 1034//1878 1032//1878 1029//1878
f 1030//1879 1026//1879 1028//1879
f 1037//1880 1033//1880 1035//1880
f 1036//1881 1032//1881 1034//1881
f 1038//1882 1031//1882 1033//1882
f 1038//1883 1039//1883 1031//1883
f 1039//1884 1034//1884 1031//1884
f 1039//1885 1036//1885 1034//1885
f 1041//1886 1033//1886 1037//1886
f 1041//1887 1038//1887 1033//1887
f 1038//1888 1040//1888 1039//1888
f 1040//1889 1036//1889 1039//1889
f 1040//1890 1042//1890 1036//1890
f 1036//1891 1046//1891 1032//1891
f 1042//1892 1046//1892 1036//1892
f 1043//1893 1041//1893 1037//1893
f 1047//1894 1041//1894 1043//1894
f 1044//1895 1038//1895 1041//1895
f 1044//1896 1045//1896 1038//1896
f 1045//1897 1040//1897 1038//1897
f 1045//1898 1042//1898 1040//1898
f 1049//1899 1041//1899 1047//1899
f 1049//1900 1044//1900 1041//1900
f 1044//1901 1048//1901 1045//1901
f 1048//1902 1042//1902 1045//1902
f 1051//1903 1049//1903 1047//1903
f 1048//1904 1050//1904 1042//1904
f 1050//1905 1046//1905 1042//1905
f 1052//1906 1049//1906 1051//1906
f 1053//1907 1050//1907 1048//1907
f 1057//1908 1053//1908 1048//1908
f 1054//1909 1052//1909 1051//1909
f 1055//1910 1044//1910 1049//1910
f 1055//1911 1056//1911 1044//1911
f 1056//1912 1048//1912 1044//1912
f 1056//1913 1057//1913 1048//1913
f 1052//1914 1055//1914 1049//1914
f 1058//1915 1052//1915 1054//1915
f 1059//1916 1057//1916 1056//1916
f 1059//1917 1053//1917 1057//1917
f 1061//1918 1058//1918 1060//1918
f 1062//1919 1055//1919 1058//1919
f 1063//1920 1056//1920 1055//1920
f 1062//1921 1063//1921 1055//1921
f 1063//1922 1059//1922 1056//1922
f 1059//1923 1067//1923 1053//1923
f 1061//1924 1062//1924 1058//1924
f 1066//1925 1063//1925 1062//1925
f 1066//1926 1059//1926 1063//1926
f 1064//1927 1061//1927 1060//1927
f 1066//1928 1067//1928 1059//1928
f 1058//1929 1055//1929 1052//1929
f 1069//1930 1067//1930 1066//1930
f 1070//1931 1062//1931 1064//1931
f 1068//1932 1066//1932 1062//1932
f 1070//1933 1068//1933 1062//1933
f 1068//1934 1069//1934 1066//1934
f 1070//1935 1064//1935 1065//1935
f 1071//1936 1070//1936 1065//1936
f 1073//1937 1069//1937 1068//1937
f 1072//1938 1067//1938 1069//1938
f 1073//1939 1072//1939 1069//1939
f 1064//1940 1062//1940 1061//1940
f 1078//1941 1071//1941 1074//1941
f 1078//1942 1070//1942 1071//1942
f 1076//1943 1068//1943 1070//1943
f 1075//1944 1076//1944 1070//1944
f 1076//1945 1073//1945 1068//1945
f 1073//1946 1077//1946 1072//1946
f 1078//1947 1075//1947 1070//1947
f 1079//1948 1073//1948 1076//1948
f 1080//1949 1078//1949 1074//1949
f 1079//1950 1077//1950 1073//1950
f 1083//1951 1075//1951 1080//1951
f 1084//1952 1076//1952 1075//1952
f 1083//1953 1084//1953 1075//1953
f 1084//1954 1079//1954 1076//1954
f 1082//1955 1077//1955 1079//1955
f 1085//1956 1080//1956 1081//1956
f 1085//1957 1083//1957 1080//1957
f 1086//1958 1079//1958 1084//1958
f 1086//1959 1082//1959 1079//1959
f 1080//1960 1075//1960 1078//1960
f 1087//1961 1085//1961 1081//1961
f 1088//1962 1086//1962 1084//1962
f 1089//1963 1085//1963 1087//1963
f 1091//1964 1083//1964 1085//1964
f 1091//1965 1090//1965 1083//1965
f 1090//1966 1084//1966 1083//1966
f 1090//1967 1088//1967 1084//1967
f 1088//1968 1082//1968 1086//1968
f 1091//1969 1085//1969 1089//1969
f 1094//1970 1090//1970 1091//1970
f 1095//1971 1088//1971 1090//1971
f 1092//1972 1091//1972 1089//1972
f 1094//1973 1095//1973 1090//1973
f 1100//1974 1092//1974 1093//1974
f 1100//1975 1091//1975 1092//1975
f 1098//1976 1094//1976 1091//1976
f 1098//1977 1099//1977 1094//1977
f 1099//1978 1095//1978 1094//1978
f 1099//1979 1096//1979 1095//1979
f 1096//1980 1088//1980 1095//1980
f 1096//1981 1097//1981 1088//1981
f 1100//1982 1098//1982 1091//1982
f 1102//1983 1096//1983 1099//1983
f 1103//1984 1098//1984 1101//1984
f 1104//1985 1099//1985 1098//1985
f 1103//1986 1104//1986 1098//1986
f 1104//1987 1102//1987 1099//1987
f 1102//1988 1097//1988 1096//1988
f 1105//1989 1103//1989 1101//1989
f 1107//1990 1104//1990 1103//1990
f 1107//1991 1102//1991 1104//1991
f 1101//1992 1098//1992 1100//1992
f 1102//1993 1114//1993 1097//1993
f 1108//1994 1102//1994 1107//1994
f 1111//1995 1103//1995 1106//1995
f 1110//1996 1107//1996 1103//1996
f 1111//1997 1110//1997 1103//1997
f 1110//1998 1108//1998 1107//1998
f 1111//1999 1106//1999 1109//1999
f 1112//2000 1108//2000 1110//2000
f 1113//2001 1111//2001 1109//2001
f 1106//2002 1103//2002 1105//2002
f 1108//2003 1114//2003 1102//2003
f 1112//2004 1114//2004 1108//2004
f 1116//2005 1112//2005 1110//2005
f 1115//2006 1111//2006 1113//2006
f 1118//2007 1110//2007 1111//2007
f 1117//2008 1118//2008 1111//2008
f 1118//2009 1116//2009 1110//2009
f 1121//2010 1111//2010 1115//2010
f 1121//2011 1117//2011 1111//2011
f 1120//2012 1116//2012 1118//2012
f 1121//2013 1115//2013 1119//2013
f 1116//2014 1114//2014 1112//2014
f 1122//2015 1121//2015 1119//2015
f 1123//2016 1120//2016 1118//2016
f 1126//2017 1121//2017 1122//2017
f 1124//2018 1117//2018 1121//2018
f 1125//2019 1118//2019 1117//2019
f 1124//2020 1125//2020 1117//2020
f 1125//2021 1123//2021 1118//2021
f 1123//2022 1116//2022 1120//2022
f 1127//2023 1121//2023 1126//2023
f 1127//2024 1124//2024 1121//2024
f 1129//2025 1123//2025 1125//2025
f 1129//2026 1125//2026 1124//2026
f 1123//2027 1114//2027 1116//2027
f 1128//2028 1127//2028 1126//2028
f 1130//2029 1123//2029 1129//2029
f 1131//2030 1124//2030 1127//2030
f 1131//2031 1132//2031 1124//2031
f 1132//2032 1129//2032 1124//2032
f 1132//2033 1130//2033 1129//2033
f 1135//2034 1127//2034 1128//2034
f 1135//2035 1131//2035 1127//2035
f 1136//2036 1130//2036 1132//2036
f 1135//2037 1128//2037 1133//2037
f 1136//2038 1134//2038 1130//2038
f 1134//2039 1123//2039 1130//2039
f 1140//2040 1135//2040 1133//2040
f 1137//2041 1131//2041 1135//2041
f 1137//2042 1138//2042 1131//2042
f 1138//2043 1132//2043 1131//2043
f 1138//2044 1136//2044 1132//2044
f 1139//2045 1134//2045 1136//2045
f 1141//2046 1135//2046 1140//2046
f 1141//2047 1137//2047 1135//2047
f 1138//2048 1142//2048 1136//2048
f 1142//2049 1139//2049 1136//2049
f 1616//2050 1141//2050 1140//2050
f 1143//2051 1141//2051 1616//2051
f 1144//2052 1137//2052 1141//2052
f 1144//2053 1145//2053 1137//2053
f 1145//2054 1138//2054 1137//2054
f 1145//2055 1142//2055 1138//2055
f 1146//2056 1139//2056 1142//2056
f 1147//2057 1141//2057 1143//2057
f 1147//2058 1144//2058 1141//2058
f 1148//2059 1142//2059 1145//2059
f 1149//2060 1147//2060 1143//2060
f 1148//2061 1146//2061 1142//2061
f 1151//2062 1144//2062 1150//2062
f 1152//2063 1145//2063 1144//2063
f 1151//2064 1152//2064 1144//2064
f 1152//2065 1148//2065 1145//2065
f 1153//2066 1146//2066 1148//2066
f 1155//2067 1151//2067 1150//2067
f 1156//2068 1148//2068 1152//2068
f 1155//2069 1150//2069 1154//2069
f 1156//2070 1153//2070 1148//2070
f 1150//2071 1147//2071 1149//2071
f 1150//2072 1144//2072 1147//2072
f 1157//2073 1155//2073 1154//2073
f 1159//2074 1151//2074 1155//2074
f 1160//2075 1152//2075 1151//2075
f 1159//2076 1160//2076 1151//2076
f 1160//2077 1156//2077 1152//2077
f 1160//2078 1158//2078 1156//2078
f 1158//2079 1153//2079 1156//2079
f 1162//2080 1155//2080 1157//2080
f 1162//2081 1159//2081 1155//2081
f 1163//2082 1160//2082 1159//2082
f 1163//2083 1158//2083 1160//2083
f 1162//2084 1157//2084 1161//2084
f 1158//2085 1169//2085 1153//2085
f 1164//2086 1162//2086 1161//2086
f 1165//2087 1158//2087 1163//2087
f 1167//2088 1159//2088 1162//2088
f 1166//2089 1163//2089 1159//2089
f 1167//2090 1166//2090 1159//2090
f 1166//2091 1165//2091 1163//2091
f 1165//2092 1169//2092 1158//2092
f 1167//2093 1162//2093 1164//2093
f 1178//2094 1166//2094 1167//2094
f 1178//2095 1165//2095 1166//2095
f 1177//2096 1167//2096 1164//2096
f 1176//2097 1169//2097 891//2097
f 891//2098 1183//2098 1168//2098
f 1169//2099 1183//2099 891//2099
f 1169//2100 1171//2100 1153//2100
f 1169//2101 1170//2101 1171//2101
f 1153//2102 1171//2102 1146//2102
f 1134//2103 1114//2103 1123//2103
f 1134//2104 1171//2104 1114//2104
f 1171//2105 1170//2105 1114//2105
f 1114//2106 1172//2106 1097//2106
f 1097//2107 1172//2107 1082//2107
f 1172//2108 1173//2108 1077//2108
f 1172//2109 1174//2109 1173//2109
f 1077//2110 1173//2110 1072//2110
f 1174//2111 1046//2111 1050//2111
f 1046//2112 1174//2112 1032//2112
f 1174//2113 1020//2113 1032//2113
f 1174//2114 1175//2114 1020//2114
f 1175//2115 1012//2115 1020//2115
f 1012//2116 1175//2116 1001//2116
f 1001//2117 1175//2117 993//2117
f 993//2118 1175//2118 988//2118
f 1175//2119 974//2119 982//2119
f 974//2120 969//2120 968//2120
f 1175//2121 969//2121 974//2121
f 1175//2122 934//2122 969//2122
f 969//2123 934//2123 947//2123
f 934//2124 937//2124 942//2124
f 934//2125 922//2125 923//2125
f 934//2126 1176//2126 922//2126
f 922//2127 1176//2127 912//2127
f 912//2128 1176//2128 907//2128
f 1176//2129 891//2129 900//2129
f 1176//2130 1170//2130 1169//2130
f 1170//2131 1172//2131 1114//2131
f 1174//2132 1170//2132 1175//2132
f 1170//2133 934//2133 1175//2133
f 1172//2134 1170//2134 1174//2134
f 934//2135 1170//2135 1176//2135
f 1169//2136 1165//2136 1183//2136
f 1146//2137 1171//2137 1139//2137
f 1171//2138 1134//2138 1139//2138
f 1097//2139 1082//2139 1088//2139
f 1082//2140 1172//2140 1077//2140
f 1072//2141 1173//2141 1067//2141
f 1173//2142 1174//2142 1053//2142
f 1067//2143 1173//2143 1053//2143
f 1053//2144 1174//2144 1050//2144
f 1032//2145 1020//2145 1025//2145
f 1012//2146 1001//2146 1005//2146
f 1175//2147 982//2147 988//2147
f 947//2148 934//2148 942//2148
f 952//2149 969//2149 947//2149
f 907//2150 1176//2150 900//2150
f 1182//2151 1165//2151 1178//2151
f 1179//2152 1167//2152 1177//2152
f 1181//2153 1178//2153 1167//2153
f 1180//2154 1181//2154 1167//2154
f 1181//2155 1182//2155 1178//2155
f 1183//2156 1165//2156 1182//2156
f 1184//2157 1167//2157 1179//2157
f 1184//2158 1180//2158 1167//2158
f 1181//2159 1185//2159 1182//2159
f 1185//2160 1183//2160 1182//2160
f 1186//2161 1184//2161 1179//2161
f 1189//2162 1184//2162 1186//2162
f 887//2163 1180//2163 1184//2163
f 887//2164 1187//2164 1180//2164
f 1187//2165 1181//2165 1180//2165
f 1187//2166 1188//2166 1181//2166
f 1188//2167 1185//2167 1181//2167
f 1168//2168 1185//2168 1188//2168
f 1168//2169 1183//2169 1185//2169
f 887//2170 1184//2170 1189//2170
f 886//2171 887//2171 1189//2171
f 1187//2172 888//2172 1188//2172
f 888//2173 1168//2173 1188//2173
f 1486//2174 1192//2174 1190//2174
f 1192//2175 1191//2175 1190//2175
f 1192//2176 1309//2176 1191//2176
f 1487//2177 1192//2177 1486//2177
f 1192//2178 1312//2178 1309//2178
f 1193//2179 1312//2179 1192//2179
f 1193//2180 1192//2180 1487//2180
f 1489//2181 1195//2181 1194//2181
f 1194//2182 1193//2182 1488//2182
f 1196//2183 1802//2183 1781//2183
f 1200//2184 1197//2184 1199//2184
f 1203//2185 1196//2185 1781//2185
f 1199//2186 1196//2186 1203//2186
f 1201//2187 1198//2187 1200//2187
f 1203//2188 1781//2188 1202//2188
f 1204//2189 1199//2189 1203//2189
f 1204//2190 1202//2190 1205//2190
f 1204//2191 1203//2191 1202//2191
f 1206//2192 1199//2192 1204//2192
f 1200//2193 1199//2193 1206//2193
f 1206//2194 1201//2194 1200//2194
f 1733//2195 1201//2195 1206//2195
f 1204//2196 1205//2196 1207//2196
f 1206//2197 1204//2197 1212//2197
f 1723//2198 1733//2198 1206//2198
f 1207//2199 1210//2199 1208//2199
f 1212//2200 1204//2200 1207//2200
f 1209//2201 1206//2201 1212//2201
f 1209//2202 1723//2202 1206//2202
f 1209//2203 1212//2203 1213//2203
f 1715//2204 1209//2204 1213//2204
f 1212//2205 1207//2205 1208//2205
f 1214//2206 1208//2206 1211//2206
f 1214//2207 1212//2207 1208//2207
f 1220//2208 1212//2208 1214//2208
f 1213//2209 1212//2209 1220//2209
f 1214//2210 1211//2210 1219//2210
f 1215//2211 1213//2211 1220//2211
f 1715//2212 1213//2212 1215//2212
f 1216//2213 1715//2213 1215//2213
f 1217//2214 1219//2214 1218//2214
f 1217//2215 1214//2215 1219//2215
f 1220//2216 1214//2216 1217//2216
f 1222//2217 1218//2217 1223//2217
f 1217//2218 1218//2218 1222//2218
f 1225//2219 1215//2219 1220//2219
f 1706//2220 1215//2220 1225//2220
f 1224//2221 1217//2221 1222//2221
f 1224//2222 1220//2222 1217//2222
f 1225//2223 1220//2223 1224//2223
f 1221//2224 1222//2224 1223//2224
f 1227//2225 1222//2225 1221//2225
f 1224//2226 1222//2226 1227//2226
f 1225//2227 1224//2227 1228//2227
f 1229//2228 1225//2228 1233//2228
f 1228//2229 1227//2229 1226//2229
f 1228//2230 1224//2230 1227//2230
f 1230//2231 1229//2231 1233//2231
f 1233//2232 1225//2232 1228//2232
f 1230//2233 1233//2233 1236//2233
f 1228//2234 1226//2234 1232//2234
f 1233//2235 1228//2235 1232//2235
f 1236//2236 1232//2236 1235//2236
f 1236//2237 1233//2237 1232//2237
f 1682//2238 1236//2238 1234//2238
f 1244//2239 1236//2239 1238//2239
f 1244//2240 1234//2240 1236//2240
f 1682//2241 1234//2241 1237//2241
f 1236//2242 1235//2242 1238//2242
f 1238//2243 1235//2243 1930//2243
f 1239//2244 1234//2244 1244//2244
f 1242//2245 1240//2245 1906//2245
f 1242//2246 1238//2246 1240//2246
f 1238//2247 1930//2247 1240//2247
f 1239//2248 1244//2248 1241//2248
f 1242//2249 1906//2249 1245//2249
f 1243//2250 1244//2250 1242//2250
f 1241//2251 1244//2251 1243//2251
f 1244//2252 1238//2252 1242//2252
f 1246//2253 1242//2253 1245//2253
f 1252//2254 1243//2254 1242//2254
f 1246//2255 1245//2255 1893//2255
f 1247//2256 1665//2256 1243//2256
f 1252//2257 1242//2257 1246//2257
f 1248//2258 1252//2258 1246//2258
f 1247//2259 1243//2259 1252//2259
f 1248//2260 1879//2260 1865//2260
f 1248//2261 1246//2261 1879//2261
f 1246//2262 1893//2262 1879//2262
f 1251//2263 1248//2263 1250//2263
f 1252//2264 1248//2264 1251//2264
f 1247//2265 1252//2265 1249//2265
f 1250//2266 1248//2266 1865//2266
f 1251//2267 1250//2267 1253//2267
f 1257//2268 1252//2268 1251//2268
f 1257//2269 1249//2269 1252//2269
f 1253//2270 1250//2270 1841//2270
f 1651//2271 1249//2271 1257//2271
f 1256//2272 1251//2272 1253//2272
f 1255//2273 1651//2273 1257//2273
f 1257//2274 1251//2274 1256//2274
f 1256//2275 1253//2275 1254//2275
f 1256//2276 1254//2276 1258//2276
f 1257//2277 1256//2277 1259//2277
f 1255//2278 1257//2278 1259//2278
f 1641//2279 1255//2279 1259//2279
f 1259//2280 1256//2280 1261//2280
f 1262//2281 1641//2281 1259//2281
f 1261//2282 1258//2282 1778//2282
f 1261//2283 1256//2283 1258//2283
f 1260//2284 1261//2284 1757//2284
f 1263//2285 1259//2285 1260//2285
f 1262//2286 1259//2286 1263//2286
f 1260//2287 1259//2287 1261//2287
f 1265//2288 1260//2288 1757//2288
f 1263//2289 1260//2289 1265//2289
f 1264//2290 1262//2290 1263//2290
f 1265//2291 1757//2291 1758//2291
f 1267//2292 1263//2292 1265//2292
f 1268//2293 1263//2293 1274//2293
f 1264//2294 1263//2294 1268//2294
f 1631//2295 1264//2295 1268//2295
f 1267//2296 1265//2296 1739//2296
f 1265//2297 1266//2297 1739//2297
f 1265//2298 1758//2298 1266//2298
f 1274//2299 1263//2299 1267//2299
f 1269//2300 1631//2300 1268//2300
f 1273//2301 1270//2301 1272//2301
f 1273//2302 1267//2302 1270//2302
f 1274//2303 1267//2303 1273//2303
f 1269//2304 1268//2304 1274//2304
f 1271//2305 1274//2305 1275//2305
f 1271//2306 1269//2306 1274//2306
f 1275//2307 1274//2307 1280//2307
f 1277//2308 1272//2308 1276//2308
f 1273//2309 1272//2309 1277//2309
f 1279//2310 1273//2310 1277//2310
f 1279//2311 1274//2311 1273//2311
f 1280//2312 1274//2312 1279//2312
f 1278//2313 1277//2313 1276//2313
f 1620//2314 1275//2314 1280//2314
f 1279//2315 1277//2315 1278//2315
f 1278//2316 1276//2316 1281//2316
f 1284//2317 1279//2317 1282//2317
f 1279//2318 1278//2318 1282//2318
f 1285//2319 1280//2319 1279//2319
f 1282//2320 1278//2320 1856//2320
f 1285//2321 1279//2321 1288//2321
f 1286//2322 1284//2322 1283//2322
f 1284//2323 1282//2323 1283//2323
f 1288//2324 1279//2324 1284//2324
f 1287//2325 1284//2325 1286//2325
f 1288//2326 1284//2326 1287//2326
f 1289//2327 1288//2327 1290//2327
f 1289//2328 1285//2328 1288//2328
f 1286//2329 1283//2329 1816//2329
f 1293//2330 1287//2330 1286//2330
f 1197//2331 1288//2331 1287//2331
f 1290//2332 1288//2332 1197//2332
f 1291//2333 1293//2333 1292//2333
f 1287//2334 1293//2334 1291//2334
f 1197//2335 1287//2335 1291//2335
f 1295//2336 1290//2336 1197//2336
f 1294//2337 1291//2337 1292//2337
f 1291//2338 1802//2338 1196//2338
f 1291//2339 1294//2339 1802//2339
f 1199//2340 1291//2340 1196//2340
f 1197//2341 1291//2341 1199//2341
f 1200//2342 1198//2342 1197//2342
f 1295//2343 1197//2343 1198//2343
f 1597//2344 1295//2344 1198//2344
f 1296//2345 1297//2345 1950//2345
f 1298//2346 1297//2346 1296//2346
f 1301//2347 1299//2347 1490//2347
f 1301//2348 1300//2348 1299//2348
f 1315//2349 1300//2349 1301//2349
f 1317//2350 1315//2350 1301//2350
f 1302//2351 1317//2351 1301//2351
f 1318//2352 1302//2352 1493//2352
f 1318//2353 1317//2353 1302//2353
f 1303//2354 1318//2354 1494//2354
f 1493//2355 1302//2355 1492//2355
f 1492//2356 1302//2356 1301//2356
f 1306//2357 1304//2357 1496//2357
f 1306//2358 1305//2358 1304//2358
f 1306//2359 1307//2359 1305//2359
f 1321//2360 1306//2360 1308//2360
f 1497//2361 1321//2361 1308//2361
f 1528//2362 1497//2362 1472//2362
f 1308//2363 1306//2363 1483//2363
f 1309//2364 1312//2364 1310//2364
f 1312//2365 1311//2365 1310//2365
f 1313//2366 1311//2366 1312//2366
f 1193//2367 1313//2367 1312//2367
f 1194//2368 1313//2368 1193//2368
f 1194//2369 1326//2369 1313//2369
f 1326//2370 1325//2370 1313//2370
f 1195//2371 1326//2371 1194//2371
f 1315//2372 1314//2372 1300//2372
f 1315//2373 1316//2373 1314//2373
f 1317//2374 1316//2374 1315//2374
f 1318//2375 1316//2375 1317//2375
f 1316//2376 1327//2376 1314//2376
f 1307//2377 1319//2377 1305//2377
f 1307//2378 1320//2378 1319//2378
f 1320//2379 1332//2379 1319//2379
f 1497//2380 1336//2380 1321//2380
f 1336//2381 1335//2381 1321//2381
f 1321//2382 1320//2382 1307//2382
f 1528//2383 1336//2383 1497//2383
f 1321//2384 1307//2384 1306//2384
f 1311//2385 1322//2385 1310//2385
f 1322//2386 1324//2386 1323//2386
f 1311//2387 1324//2387 1322//2387
f 1325//2388 1324//2388 1311//2388
f 1313//2389 1325//2389 1311//2389
f 1340//2390 1339//2390 1325//2390
f 1326//2391 1340//2391 1325//2391
f 1326//2392 1341//2392 1340//2392
f 1195//2393 1341//2393 1326//2393
f 1329//2394 1328//2394 1327//2394
f 1316//2395 1329//2395 1327//2395
f 1330//2396 1329//2396 1316//2396
f 1318//2397 1330//2397 1316//2397
f 1331//2398 1330//2398 1318//2398
f 1331//2399 1346//2399 1330//2399
f 1303//2400 1331//2400 1318//2400
f 1330//2401 1345//2401 1329//2401
f 1303//2402 1347//2402 1331//2402
f 1334//2403 1333//2403 1332//2403
f 1334//2404 1348//2404 1333//2404
f 1320//2405 1334//2405 1332//2405
f 1320//2406 1352//2406 1334//2406
f 1321//2407 1335//2407 1320//2407
f 1335//2408 1352//2408 1320//2408
f 1336//2409 1354//2409 1335//2409
f 1528//2410 1354//2410 1336//2410
f 1324//2411 1338//2411 1323//2411
f 1338//2412 1337//2412 1323//2412
f 1338//2413 1356//2413 1337//2413
f 1325//2414 1338//2414 1324//2414
f 1339//2415 1338//2415 1325//2415
f 1339//2416 1359//2416 1338//2416
f 1340//2417 1360//2417 1339//2417
f 1341//2418 1342//2418 1340//2418
f 1338//2419 1359//2419 1356//2419
f 1340//2420 1342//2420 1360//2420
f 1345//2421 1343//2421 1328//2421
f 1329//2422 1345//2422 1328//2422
f 1345//2423 1344//2423 1343//2423
f 1345//2424 1362//2424 1344//2424
f 1330//2425 1346//2425 1345//2425
f 1346//2426 1363//2426 1345//2426
f 1331//2427 1347//2427 1346//2427
f 1345//2428 1363//2428 1362//2428
f 1348//2429 1351//2429 1349//2429
f 1352//2430 1348//2430 1334//2430
f 1352//2431 1351//2431 1348//2431
f 1353//2432 1351//2432 1352//2432
f 1335//2433 1353//2433 1352//2433
f 1354//2434 1353//2434 1335//2434
f 1354//2435 1531//2435 1355//2435
f 1358//2436 1357//2436 1356//2436
f 1358//2437 1370//2437 1357//2437
f 1359//2438 1358//2438 1356//2438
f 1359//2439 1370//2439 1358//2439
f 1339//2440 1360//2440 1359//2440
f 1372//2441 1342//2441 1341//2441
f 1362//2442 1361//2442 1344//2442
f 1363//2443 1361//2443 1362//2443
f 1364//2444 1374//2444 1361//2444
f 1363//2445 1364//2445 1361//2445
f 1365//2446 1364//2446 1363//2446
f 1346//2447 1365//2447 1363//2447
f 1347//2448 1379//2448 1346//2448
f 1346//2449 1379//2449 1365//2449
f 1367//2450 1350//2450 1351//2450
f 1367//2451 1366//2451 1350//2451
f 1353//2452 1367//2452 1351//2452
f 1368//2453 1367//2453 1353//2453
f 1354//2454 1368//2454 1353//2454
f 1355//2455 1368//2455 1354//2455
f 1351//2456 1350//2456 1349//2456
f 1370//2457 1369//2457 1357//2457
f 1385//2458 1369//2458 1370//2458
f 1360//2459 1370//2459 1359//2459
f 1360//2460 1373//2460 1370//2460
f 1371//2461 1373//2461 1360//2461
f 1342//2462 1371//2462 1360//2462
f 1372//2463 1371//2463 1342//2463
f 1370//2464 1373//2464 1385//2464
f 1375//2465 1389//2465 1374//2465
f 1364//2466 1375//2466 1374//2466
f 1364//2467 1376//2467 1375//2467
f 1377//2468 1364//2468 1365//2468
f 1377//2469 1376//2469 1364//2469
f 1379//2470 1377//2470 1365//2470
f 1379//2471 1378//2471 1377//2471
f 1366//2472 1382//2472 1380//2472
f 1382//2473 1381//2473 1380//2473
f 1367//2474 1382//2474 1366//2474
f 1368//2475 1382//2475 1367//2475
f 1368//2476 1395//2476 1382//2476
f 1368//2477 1397//2477 1395//2477
f 1355//2478 1397//2478 1368//2478
f 1531//2479 1397//2479 1355//2479
f 1385//2480 1383//2480 1369//2480
f 1385//2481 1384//2481 1383//2481
f 1386//2482 1384//2482 1385//2482
f 1373//2483 1386//2483 1385//2483
f 1373//2484 1387//2484 1386//2484
f 1371//2485 1387//2485 1373//2485
f 1372//2486 1388//2486 1371//2486
f 1375//2487 1390//2487 1389//2487
f 1376//2488 1390//2488 1375//2488
f 1376//2489 1391//2489 1390//2489
f 1391//2490 1402//2490 1390//2490
f 1377//2491 1392//2491 1376//2491
f 1392//2492 1391//2492 1376//2492
f 1378//2493 1392//2493 1377//2493
f 1379//2494 1407//2494 1378//2494
f 1378//2495 1405//2495 1392//2495
f 1382//2496 1393//2496 1381//2496
f 1382//2497 1394//2497 1393//2497
f 1394//2498 1408//2498 1393//2498
f 1382//2499 1395//2499 1394//2499
f 1395//2500 1396//2500 1394//2500
f 1397//2501 1396//2501 1395//2501
f 1398//2502 1415//2502 1399//2502
f 1384//2503 1386//2503 1398//2503
f 1386//2504 1400//2504 1398//2504
f 1400//2505 1415//2505 1398//2505
f 1387//2506 1400//2506 1386//2506
f 1401//2507 1400//2507 1387//2507
f 1371//2508 1401//2508 1387//2508
f 1388//2509 1401//2509 1371//2509
f 1391//2510 1403//2510 1402//2510
f 1404//2511 1419//2511 1403//2511
f 1391//2512 1404//2512 1403//2512
f 1392//2513 1405//2513 1391//2513
f 1405//2514 1404//2514 1391//2514
f 1378//2515 1407//2515 1405//2515
f 1407//2516 1406//2516 1405//2516
f 1411//2517 1409//2517 1408//2517
f 1411//2518 1410//2518 1409//2518
f 1412//2519 1396//2519 1397//2519
f 1411//2520 1425//2520 1410//2520
f 1412//2521 1411//2521 1396//2521
f 1397//2522 1535//2522 1412//2522
f 1396//2523 1411//2523 1394//2523
f 1394//2524 1411//2524 1408//2524
f 1415//2525 1413//2525 1399//2525
f 1413//2526 1416//2526 1414//2526
f 1415//2527 1416//2527 1413//2527
f 1417//2528 1416//2528 1415//2528
f 1417//2529 1415//2529 1400//2529
f 1401//2530 1417//2530 1400//2530
f 1388//2531 1432//2531 1401//2531
f 1401//2532 1418//2532 1417//2532
f 1421//2533 1420//2533 1419//2533
f 1422//2534 1433//2534 1420//2534
f 1421//2535 1422//2535 1420//2535
f 1404//2536 1421//2536 1419//2536
f 1423//2537 1421//2537 1404//2537
f 1423//2538 1422//2538 1421//2538
f 1405//2539 1406//2539 1423//2539
f 1424//2540 1406//2540 1407//2540
f 1405//2541 1423//2541 1404//2541
f 1411//2542 1427//2542 1425//2542
f 1427//2543 1426//2543 1425//2543
f 1412//2544 1427//2544 1411//2544
f 1412//2545 1428//2545 1427//2545
f 1412//2546 1441//2546 1428//2546
f 1535//2547 1441//2547 1412//2547
f 1416//2548 1429//2548 1414//2548
f 1416//2549 1431//2549 1429//2549
f 1417//2550 1431//2550 1416//2550
f 1418//2551 1431//2551 1417//2551
f 1401//2552 1432//2552 1418//2552
f 1418//2553 1450//2553 1431//2553
f 1422//2554 1435//2554 1433//2554
f 1435//2555 1434//2555 1433//2555
f 1423//2556 1435//2556 1422//2556
f 1423//2557 1455//2557 1435//2557
f 1406//2558 1455//2558 1423//2558
f 1424//2559 1455//2559 1406//2559
f 1424//2560 1456//2560 1455//2560
f 1436//2561 1456//2561 1424//2561
f 1439//2562 1438//2562 1437//2562
f 1439//2563 1437//2563 1426//2563
f 1427//2564 1439//2564 1426//2564
f 1427//2565 1440//2565 1439//2565
f 1428//2566 1440//2566 1427//2566
f 1441//2567 1462//2567 1428//2567
f 1444//2568 1443//2568 1442//2568
f 1445//2569 1443//2569 1444//2569
f 1446//2570 1445//2570 1444//2570
f 1446//2571 1466//2571 1445//2571
f 1447//2572 1466//2572 1446//2572
f 1431//2573 1801//2573 1430//2573
f 1449//2574 1801//2574 1431//2574
f 1450//2575 1449//2575 1431//2575
f 1450//2576 1451//2576 1449//2576
f 1418//2577 1451//2577 1450//2577
f 1432//2578 1451//2578 1418//2578
f 1432//2579 1471//2579 1451//2579
f 1449//2580 1448//2580 1801//2580
f 1431//2581 1430//2581 1429//2581
f 1452//2582 1473//2582 1453//2582
f 1435//2583 1452//2583 1434//2583
f 1435//2584 1454//2584 1452//2584
f 1454//2585 1473//2585 1452//2585
f 1455//2586 1454//2586 1435//2586
f 1456//2587 1454//2587 1455//2587
f 1456//2588 1476//2588 1454//2588
f 1460//2589 1458//2589 1457//2589
f 1460//2590 1459//2590 1458//2590
f 1439//2591 1460//2591 1457//2591
f 1440//2592 1460//2592 1439//2592
f 1440//2593 1461//2593 1460//2593
f 1428//2594 1462//2594 1440//2594
f 1462//2595 1461//2595 1440//2595
f 1439//2596 1457//2596 1438//2596
f 1465//2597 1464//2597 1463//2597
f 1445//2598 1463//2598 1443//2598
f 1445//2599 1465//2599 1463//2599
f 1445//2600 1466//2600 1465//2600
f 1447//2601 1481//2601 1466//2601
f 1499//2602 1481//2602 1447//2602
f 1466//2603 1479//2603 1465//2603
f 1467//2604 1481//2604 1499//2604
f 1449//2605 1469//2605 1448//2605
f 1469//2606 1468//2606 1448//2606
f 1451//2607 1469//2607 1449//2607
f 1451//2608 1482//2608 1469//2608
f 1470//2609 1482//2609 1451//2609
f 1471//2610 1470//2610 1451//2610
f 1471//2611 1472//2611 1470//2611
f 1473//2612 1475//2612 1474//2612
f 1454//2613 1475//2613 1473//2613
f 1476//2614 1475//2614 1454//2614
f 1456//2615 1488//2615 1476//2615
f 1436//2616 1488//2616 1456//2616
f 1436//2617 1489//2617 1488//2617
f 1475//2618 1485//2618 1474//2618
f 1459//2619 1774//2619 1458//2619
f 1459//2620 1444//2620 1774//2620
f 1444//2621 1442//2621 1774//2621
f 1461//2622 1459//2622 1460//2622
f 1461//2623 1444//2623 1459//2623
f 1461//2624 1446//2624 1444//2624
f 1462//2625 1446//2625 1461//2625
f 1447//2626 1446//2626 1462//2626
f 1499//2627 1447//2627 1462//2627
f 1441//2628 1499//2628 1462//2628
f 1479//2629 1477//2629 1464//2629
f 1479//2630 1491//2630 1477//2630
f 1466//2631 1480//2631 1479//2631
f 1480//2632 1491//2632 1479//2632
f 1481//2633 1480//2633 1466//2633
f 1481//2634 1493//2634 1480//2634
f 1467//2635 1494//2635 1481//2635
f 1491//2636 1478//2636 1477//2636
f 1465//2637 1479//2637 1464//2637
f 1482//2638 1763//2638 1468//2638
f 1482//2639 1495//2639 1763//2639
f 1483//2640 1495//2640 1482//2640
f 1484//2641 1483//2641 1482//2641
f 1470//2642 1484//2642 1482//2642
f 1470//2643 1497//2643 1484//2643
f 1472//2644 1497//2644 1470//2644
f 1469//2645 1482//2645 1468//2645
f 1475//2646 1486//2646 1485//2646
f 1475//2647 1487//2647 1486//2647
f 1476//2648 1487//2648 1475//2648
f 1488//2649 1487//2649 1476//2649
f 1488//2650 1193//2650 1487//2650
f 1489//2651 1194//2651 1488//2651
f 1491//2652 1490//2652 1478//2652
f 1491//2653 1492//2653 1490//2653
f 1480//2654 1492//2654 1491//2654
f 1493//2655 1492//2655 1480//2655
f 1492//2656 1301//2656 1490//2656
f 1494//2657 1318//2657 1493//2657
f 1467//2658 1303//2658 1494//2658
f 1481//2659 1494//2659 1493//2659
f 1483//2660 1496//2660 1495//2660
f 1484//2661 1308//2661 1483//2661
f 1497//2662 1308//2662 1484//2662
f 1483//2663 1306//2663 1496//2663
f 1502//2664 1498//2664 1501//2664
f 1467//2665 1499//2665 1505//2665
f 1467//2666 1505//2666 1303//2666
f 1503//2667 1501//2667 1981//2667
f 1502//2668 1501//2668 1503//2668
f 1505//2669 1500//2669 1502//2669
f 1303//2670 1505//2670 1504//2670
f 1502//2671 1503//2671 1507//2671
f 1507//2672 1503//2672 1506//2672
f 1347//2673 1303//2673 1504//2673
f 1508//2674 1502//2674 1507//2674
f 1505//2675 1502//2675 1508//2675
f 1508//2676 1504//2676 1505//2676
f 1510//2677 1504//2677 1508//2677
f 1512//2678 1508//2678 1509//2678
f 1508//2679 1507//2679 1509//2679
f 1347//2680 1504//2680 1510//2680
f 1509//2681 1507//2681 1511//2681
f 1507//2682 1506//2682 1511//2682
f 1379//2683 1347//2683 1510//2683
f 1407//2684 1379//2684 1510//2684
f 1514//2685 1508//2685 1512//2685
f 1515//2686 1510//2686 1514//2686
f 1510//2687 1508//2687 1514//2687
f 1509//2688 1511//2688 1513//2688
f 1424//2689 1510//2689 1515//2689
f 1407//2690 1510//2690 1424//2690
f 1512//2691 1509//2691 1513//2691
f 1436//2692 1424//2692 1515//2692
f 1516//2693 1513//2693 1518//2693
f 1516//2694 1512//2694 1513//2694
f 1514//2695 1512//2695 1516//2695
f 1518//2696 1513//2696 1990//2696
f 1436//2697 1515//2697 1489//2697
f 1515//2698 1514//2698 1520//2698
f 1517//2699 1514//2699 1516//2699
f 1519//2700 1515//2700 1520//2700
f 1195//2701 1489//2701 1519//2701
f 1489//2702 1515//2702 1519//2702
f 1520//2703 1514//2703 1517//2703
f 1517//2704 1516//2704 1518//2704
f 1341//2705 1195//2705 1519//2705
f 1372//2706 1341//2706 1519//2706
f 1372//2707 1519//2707 1520//2707
f 1517//2708 1518//2708 1521//2708
f 1525//2709 1520//2709 1517//2709
f 1372//2710 1520//2710 1388//2710
f 1522//2711 1517//2711 1521//2711
f 1525//2712 1517//2712 1522//2712
f 1523//2713 1520//2713 1525//2713
f 1388//2714 1520//2714 1523//2714
f 1522//2715 1521//2715 1524//2715
f 1432//2716 1388//2716 1523//2716
f 1471//2717 1432//2717 1523//2717
f 1526//2718 1522//2718 1524//2718
f 1525//2719 1522//2719 1526//2719
f 1472//2720 1471//2720 1525//2720
f 1471//2721 1523//2721 1525//2721
f 1526//2722 1524//2722 2010//2722
f 1529//2723 1525//2723 1526//2723
f 1472//2724 1525//2724 1532//2724
f 1527//2725 1526//2725 2010//2725
f 1526//2726 1527//2726 1530//2726
f 1529//2727 1526//2727 1530//2727
f 1532//2728 1525//2728 1529//2728
f 1528//2729 1472//2729 1532//2729
f 1532//2730 1529//2730 1536//2730
f 1531//2731 1528//2731 1532//2731
f 1530//2732 1527//2732 2089//2732
f 1354//2733 1528//2733 1531//2733
f 1536//2734 1529//2734 1530//2734
f 1530//2735 2089//2735 1533//2735
f 1536//2736 1530//2736 1533//2736
f 1532//2737 1536//2737 1534//2737
f 1531//2738 1532//2738 1534//2738
f 1531//2739 1534//2739 1535//2739
f 1397//2740 1531//2740 1535//2740
f 1536//2741 1533//2741 1537//2741
f 1505//2742 1534//2742 1536//2742
f 1499//2743 1534//2743 1505//2743
f 1499//2744 1535//2744 1534//2744
f 1441//2745 1535//2745 1499//2745
f 1500//2746 1537//2746 1498//2746
f 1536//2747 1537//2747 1500//2747
f 1502//2748 1500//2748 1498//2748
f 1505//2749 1536//2749 1500//2749
f 2100//2750 2127//2750 1538//2750
f 2127//2751 2103//2751 1538//2751
f 1539//2752 2113//2752 2110//2752
f 1539//2753 2127//2753 2113//2753
f 2131//2754 2100//2754 2134//2754
f 2134//2755 2100//2755 2095//2755
f 2127//2756 1539//2756 2103//2756
f 2127//2757 2118//2757 2113//2757
f 2127//2758 1540//2758 2118//2758
f 2127//2759 2100//2759 2131//2759
f 1590//2760 2088//2760 1945//2760
f 1541//2761 2088//2761 1590//2761
f 1541//2762 1545//2762 2088//2762
f 1541//2763 2116//2763 1545//2763
f 2112//2764 1541//2764 1590//2764
f 1939//2765 1543//2765 2084//2765
f 1542//2766 1543//2766 1939//2766
f 1542//2767 1547//2767 1543//2767
f 1589//2768 1547//2768 1542//2768
f 1950//2769 1297//2769 2083//2769
f 1544//2770 2083//2770 1297//2770
f 2129//2771 1544//2771 1297//2771
f 1298//2772 2129//2772 1297//2772
f 1545//2773 1548//2773 2079//2773
f 1545//2774 2079//2774 2088//2774
f 1543//2775 2076//2775 2084//2775
f 1546//2776 2076//2776 1543//2776
f 1547//2777 1546//2777 1543//2777
f 1547//2778 2102//2778 1546//2778
f 1544//2779 2071//2779 2083//2779
f 1544//2780 2060//2780 2071//2780
f 1548//2781 2067//2781 2079//2781
f 1545//2782 2117//2782 1548//2782
f 1546//2783 2063//2783 2076//2783
f 1546//2784 1549//2784 2063//2784
f 2102//2785 1549//2785 1546//2785
f 1544//2786 1550//2786 2060//2786
f 1551//2787 2067//2787 1548//2787
f 1552//2788 1551//2788 1548//2788
f 2117//2789 1552//2789 1548//2789
f 1554//2790 1551//2790 1552//2790
f 1553//2791 2056//2791 2063//2791
f 1549//2792 1553//2792 2063//2792
f 1560//2793 1558//2793 2053//2793
f 1550//2794 2053//2794 2060//2794
f 1550//2795 1560//2795 2053//2795
f 2133//2796 2135//2796 1560//2796
f 2133//2797 1560//2797 1550//2797
f 1554//2798 2041//2798 1551//2798
f 1555//2799 2048//2799 2056//2799
f 1556//2800 1555//2800 1553//2800
f 1556//2801 1557//2801 1555//2801
f 1549//2802 1556//2802 1553//2802
f 1553//2803 1555//2803 2056//2803
f 1560//2804 1559//2804 1558//2804
f 1561//2805 1559//2805 1560//2805
f 2135//2806 1561//2806 1560//2806
f 1562//2807 2042//2807 2041//2807
f 1554//2808 1562//2808 2041//2808
f 1554//2809 1563//2809 1562//2809
f 1564//2810 2024//2810 2048//2810
f 1555//2811 1564//2811 2048//2811
f 1557//2812 1564//2812 1555//2812
f 2105//2813 1564//2813 1557//2813
f 1559//2814 1566//2814 2031//2814
f 1561//2815 1566//2815 1559//2815
f 1559//2816 2031//2816 1558//2816
f 1562//2817 2029//2817 2042//2817
f 1562//2818 1570//2818 2029//2818
f 1563//2819 1570//2819 1562//2819
f 1563//2820 1571//2820 1570//2820
f 1564//2821 2025//2821 2024//2821
f 1565//2822 2025//2822 1564//2822
f 2031//2823 1566//2823 2006//2823
f 2007//2824 2006//2824 1566//2824
f 1561//2825 1567//2825 1566//2825
f 1567//2826 1572//2826 1566//2826
f 1569//2827 2001//2827 1568//2827
f 1576//2828 1569//2828 1568//2828
f 2092//2829 1569//2829 1576//2829
f 1570//2830 2015//2830 2029//2830
f 1574//2831 1994//2831 2025//2831
f 1565//2832 1574//2832 2025//2832
f 1566//2833 1572//2833 2007//2833
f 1569//2834 2002//2834 2001//2834
f 1578//2835 2002//2835 1569//2835
f 2094//2836 1578//2836 1569//2836
f 1570//2837 1997//2837 2015//2837
f 1571//2838 1997//2838 1570//2838
f 1571//2839 1579//2839 1997//2839
f 2123//2840 1579//2840 1571//2840
f 1574//2841 1575//2841 1994//2841
f 1575//2842 1573//2842 1994//2842
f 2109//2843 1580//2843 1575//2843
f 1574//2844 2109//2844 1575//2844
f 1576//2845 1568//2845 2007//2845
f 1572//2846 1576//2846 2007//2846
f 1572//2847 2092//2847 1576//2847
f 1577//2848 1973//2848 1985//2848
f 1578//2849 1985//2849 2002//2849
f 1578//2850 1577//2850 1985//2850
f 1578//2851 2098//2851 1577//2851
f 1579//2852 1581//2852 1997//2852
f 1579//2853 1582//2853 1581//2853
f 2123//2854 1582//2854 1579//2854
f 1575//2855 1580//2855 1573//2855
f 1585//2856 1973//2856 1577//2856
f 2098//2857 1585//2857 1577//2857
f 1582//2858 1960//2858 1581//2858
f 1580//2859 1968//2859 1573//2859
f 1580//2860 1583//2860 1968//2860
f 1584//2861 1583//2861 1580//2861
f 1585//2862 1965//2862 1973//2862
f 1585//2863 1586//2863 1965//2863
f 1582//2864 1588//2864 1960//2864
f 1588//2865 1587//2865 1960//2865
f 1583//2866 1956//2866 1968//2866
f 1584//2867 2112//2867 1583//2867
f 2112//2868 1590//2868 1583//2868
f 1965//2869 1591//2869 1953//2869
f 1586//2870 1591//2870 1965//2870
f 1589//2871 1591//2871 1586//2871
f 1588//2872 1296//2872 1587//2872
f 1587//2873 1296//2873 1950//2873
f 1298//2874 1296//2874 1588//2874
f 1956//2875 1590//2875 1945//2875
f 1583//2876 1590//2876 1956//2876
f 1591//2877 1939//2877 1953//2877
f 1542//2878 1939//2878 1591//2878
f 1589//2879 1542//2879 1591//2879
f 1593//2880 1600//2880 1597//2880
f 1593//2881 1592//2881 1600//2881
f 1594//2882 1593//2882 1597//2882
f 1595//2883 1592//2883 1593//2883
f 1596//2884 1593//2884 1594//2884
f 1596//2885 1595//2885 1593//2885
f 1594//2886 1597//2886 1198//2886
f 1595//2887 1186//2887 1592//2887
f 1595//2888 1189//2888 1186//2888
f 1186//2889 1179//2889 1592//2889
f 1597//2890 1598//2890 1601//2890
f 1600//2891 1598//2891 1597//2891
f 1600//2892 1599//2892 1598//2892
f 1592//2893 1599//2893 1600//2893
f 1597//2894 1601//2894 1295//2894
f 1598//2895 1179//2895 1177//2895
f 1592//2896 1179//2896 1599//2896
f 1599//2897 1179//2897 1598//2897
f 1604//2898 1603//2898 1602//2898
f 1598//2899 1604//2899 1602//2899
f 1602//2900 1606//2900 1601//2900
f 1598//2901 1602//2901 1601//2901
f 1295//2902 1601//2902 1290//2902
f 1603//2903 1164//2903 1161//2903
f 1604//2904 1164//2904 1603//2904
f 1598//2905 1164//2905 1604//2905
f 1177//2906 1164//2906 1598//2906
f 1606//2907 1605//2907 1289//2907
f 1606//2908 1289//2908 1290//2908
f 1603//2909 1605//2909 1606//2909
f 1601//2910 1606//2910 1290//2910
f 1602//2911 1603//2911 1606//2911
f 1603//2912 1157//2912 1605//2912
f 1605//2913 1154//2913 1609//2913
f 1157//2914 1154//2914 1605//2914
f 1603//2915 1161//2915 1157//2915
f 1609//2916 1608//2916 1607//2916
f 1289//2917 1609//2917 1607//2917
f 1605//2918 1609//2918 1289//2918
f 1609//2919 1150//2919 1608//2919
f 1150//2920 1149//2920 1608//2920
f 1609//2921 1154//2921 1150//2921
f 1613//2922 1612//2922 1611//2922
f 1610//2923 1611//2923 1614//2923
f 1607//2924 1611//2924 1610//2924
f 1607//2925 1613//2925 1611//2925
f 1289//2926 1610//2926 1285//2926
f 1608//2927 1613//2927 1607//2927
f 1289//2928 1607//2928 1610//2928
f 1613//2929 1616//2929 1612//2929
f 1608//2930 1143//2930 1613//2930
f 1613//2931 1143//2931 1616//2931
f 1608//2932 1149//2932 1143//2932
f 1611//2933 1615//2933 1614//2933
f 1612//2934 1615//2934 1611//2934
f 1614//2935 1617//2935 1280//2935
f 1610//2936 1614//2936 1285//2936
f 1285//2937 1614//2937 1280//2937
f 1615//2938 1133//2938 1619//2938
f 1612//2939 1140//2939 1615//2939
f 1612//2940 1616//2940 1140//2940
f 1140//2941 1133//2941 1615//2941
f 1280//2942 1617//2942 1620//2942
f 1619//2943 1618//2943 1617//2943
f 1615//2944 1619//2944 1617//2944
f 1614//2945 1615//2945 1617//2945
f 1618//2946 1126//2946 1622//2946
f 1618//2947 1128//2947 1126//2947
f 1619//2948 1128//2948 1618//2948
f 1619//2949 1133//2949 1128//2949
f 1622//2950 1625//2950 1621//2950
f 1618//2951 1622//2951 1621//2951
f 1618//2952 1621//2952 1620//2952
f 1617//2953 1618//2953 1620//2953
f 1625//2954 1122//2954 1119//2954
f 1622//2955 1122//2955 1625//2955
f 1622//2956 1126//2956 1122//2956
f 1624//2957 1625//2957 1623//2957
f 1624//2958 1626//2958 1271//2958
f 1275//2959 1624//2959 1271//2959
f 1620//2960 1624//2960 1275//2960
f 1621//2961 1625//2961 1624//2961
f 1621//2962 1624//2962 1620//2962
f 1115//2963 1113//2963 1623//2963
f 1625//2964 1115//2964 1623//2964
f 1119//2965 1115//2965 1625//2965
f 1626//2966 1627//2966 1630//2966
f 1626//2967 1623//2967 1627//2967
f 1624//2968 1623//2968 1626//2968
f 1623//2969 1109//2969 1627//2969
f 1109//2970 1106//2970 1627//2970
f 1623//2971 1113//2971 1109//2971
f 1629//2972 1634//2972 1628//2972
f 1630//2973 1629//2973 1628//2973
f 1630//2974 1628//2974 1269//2974
f 1626//2975 1630//2975 1269//2975
f 1271//2976 1626//2976 1269//2976
f 1630//2977 1105//2977 1629//2977
f 1627//2978 1106//2978 1630//2978
f 1629//2979 1101//2979 1634//2979
f 1105//2980 1101//2980 1629//2980
f 1106//2981 1105//2981 1630//2981
f 1634//2982 1633//2982 1632//2982
f 1628//2983 1632//2983 1631//2983
f 1628//2984 1634//2984 1632//2984
f 1269//2985 1628//2985 1631//2985
f 1633//2986 1093//2986 1092//2986
f 1634//2987 1100//2987 1633//2987
f 1101//2988 1100//2988 1634//2988
f 1100//2989 1093//2989 1633//2989
f 1636//2990 1640//2990 1639//2990
f 1264//2991 1635//2991 1262//2991
f 1635//2992 1636//2992 1639//2992
f 1632//2993 1636//2993 1635//2993
f 1633//2994 1636//2994 1632//2994
f 1631//2995 1635//2995 1264//2995
f 1631//2996 1632//2996 1635//2996
f 1636//2997 1087//2997 1640//2997
f 1633//2998 1089//2998 1636//2998
f 1092//2999 1089//2999 1633//2999
f 1636//3000 1089//3000 1087//3000
f 1639//3001 1637//3001 1645//3001
f 1639//3002 1638//3002 1637//3002
f 1262//3003 1639//3003 1645//3003
f 1639//3004 1640//3004 1638//3004
f 1635//3005 1639//3005 1262//3005
f 1262//3006 1645//3006 1641//3006
f 1638//3007 1080//3007 1637//3007
f 1640//3008 1081//3008 1638//3008
f 1087//3009 1081//3009 1640//3009
f 1081//3010 1080//3010 1638//3010
f 1644//3011 1643//3011 1642//3011
f 1645//3012 1642//3012 1641//3012
f 1637//3013 1644//3013 1642//3013
f 1645//3014 1637//3014 1642//3014
f 1074//3015 1071//3015 1643//3015
f 1644//3016 1074//3016 1643//3016
f 1637//3017 1080//3017 1644//3017
f 1080//3018 1074//3018 1644//3018
f 1647//3019 1646//3019 1650//3019
f 1641//3020 1647//3020 1650//3020
f 1643//3021 1646//3021 1647//3021
f 1641//3022 1650//3022 1255//3022
f 1642//3023 1643//3023 1647//3023
f 1641//3024 1642//3024 1647//3024
f 1643//3025 1065//3025 1646//3025
f 1646//3026 1065//3026 1064//3026
f 1643//3027 1071//3027 1065//3027
f 1650//3028 1648//3028 1651//3028
f 1650//3029 1651//3029 1255//3029
f 1650//3030 1649//3030 1648//3030
f 1650//3031 1646//3031 1649//3031
f 1646//3032 1060//3032 1649//3032
f 1649//3033 1060//3033 1058//3033
f 1064//3034 1060//3034 1646//3034
f 1652//3035 1653//3035 1657//3035
f 1648//3036 1653//3036 1652//3036
f 1648//3037 1652//3037 1651//3037
f 1649//3038 1653//3038 1648//3038
f 1649//3039 1058//3039 1653//3039
f 1653//3040 1051//3040 1657//3040
f 1054//3041 1051//3041 1653//3041
f 1058//3042 1054//3042 1653//3042
f 1657//3043 1656//3043 1655//3043
f 1657//3044 1655//3044 1654//3044
f 1651//3045 1652//3045 1654//3045
f 1652//3046 1657//3046 1654//3046
f 1651//3047 1654//3047 1249//3047
f 1043//3048 1037//3048 1656//3048
f 1657//3049 1047//3049 1656//3049
f 1051//3050 1047//3050 1657//3050
f 1047//3051 1043//3051 1656//3051
f 1655//3052 1660//3052 1658//3052
f 1654//3053 1655//3053 1658//3053
f 1654//3054 1658//3054 1247//3054
f 1656//3055 1660//3055 1655//3055
f 1654//3056 1247//3056 1249//3056
f 1660//3057 1659//3057 1658//3057
f 1660//3058 1035//3058 1659//3058
f 1660//3059 1037//3059 1035//3059
f 1656//3060 1037//3060 1660//3060
f 1247//3061 1661//3061 1665//3061
f 1662//3062 1667//3062 1661//3062
f 1247//3063 1658//3063 1661//3063
f 1658//3064 1662//3064 1661//3064
f 1659//3065 1662//3065 1658//3065
f 1659//3066 1030//3066 1662//3066
f 1662//3067 1030//3067 1667//3067
f 1035//3068 1030//3068 1659//3068
f 1030//3069 1028//3069 1667//3069
f 1670//3070 1666//3070 1663//3070
f 1666//3071 1664//3071 1663//3071
f 1665//3072 1666//3072 1670//3072
f 1667//3073 1664//3073 1666//3073
f 1661//3074 1667//3074 1666//3074
f 1661//3075 1666//3075 1665//3075
f 1665//3076 1670//3076 1243//3076
f 1667//3077 1028//3077 1664//3077
f 1664//3078 1023//3078 1021//3078
f 1028//3079 1023//3079 1664//3079
f 1669//3080 1673//3080 1668//3080
f 1670//3081 1668//3081 1241//3081
f 1670//3082 1669//3082 1668//3082
f 1663//3083 1669//3083 1670//3083
f 1243//3084 1670//3084 1241//3084
f 1664//3085 1021//3085 1663//3085
f 1663//3086 1021//3086 1669//3086
f 1021//3087 1017//3087 1669//3087
f 1668//3088 1671//3088 1239//3088
f 1673//3089 1672//3089 1671//3089
f 1673//3090 1671//3090 1668//3090
f 1241//3091 1668//3091 1239//3091
f 1672//3092 1011//3092 1008//3092
f 1673//3093 1014//3093 1672//3093
f 1669//3094 1017//3094 1673//3094
f 1014//3095 1011//3095 1672//3095
f 1673//3096 1017//3096 1014//3096
f 1675//3097 1237//3097 1239//3097
f 1674//3098 1680//3098 1675//3098
f 1671//3099 1674//3099 1675//3099
f 1671//3100 1676//3100 1674//3100
f 1671//3101 1672//3101 1676//3101
f 1239//3102 1671//3102 1675//3102
f 1674//3103 1681//3103 1680//3103
f 1004//3104 1677//3104 1674//3104
f 1676//3105 1004//3105 1674//3105
f 1676//3106 1008//3106 1004//3106
f 1672//3107 1008//3107 1676//3107
f 1674//3108 1677//3108 1681//3108
f 1681//3109 1679//3109 1678//3109
f 1680//3110 1678//3110 1237//3110
f 1680//3111 1681//3111 1678//3111
f 1237//3112 1678//3112 1682//3112
f 1675//3113 1680//3113 1237//3113
f 1239//3114 1237//3114 1234//3114
f 1681//3115 995//3115 1679//3115
f 1681//3116 999//3116 995//3116
f 1677//3117 999//3117 1681//3117
f 1684//3118 1689//3118 1683//3118
f 1678//3119 1684//3119 1683//3119
f 1678//3120 1683//3120 1682//3120
f 1678//3121 1679//3121 1684//3121
f 1682//3122 1683//3122 1687//3122
f 1689//3123 991//3123 1685//3123
f 1689//3124 1684//3124 991//3124
f 1679//3125 992//3125 1684//3125
f 1679//3126 995//3126 992//3126
f 991//3127 989//3127 1685//3127
f 992//3128 991//3128 1684//3128
f 1688//3129 1691//3129 1687//3129
f 1688//3130 1686//3130 1691//3130
f 1689//3131 1686//3131 1688//3131
f 1683//3132 1688//3132 1687//3132
f 1683//3133 1689//3133 1688//3133
f 1682//3134 1687//3134 1236//3134
f 1687//3135 1230//3135 1236//3135
f 1686//3136 1693//3136 1691//3136
f 1689//3137 984//3137 1686//3137
f 1686//3138 984//3138 1693//3138
f 1689//3139 989//3139 984//3139
f 1685//3140 989//3140 1689//3140
f 1691//3141 1690//3141 1696//3141
f 1687//3142 1696//3142 1230//3142
f 1687//3143 1691//3143 1696//3143
f 1691//3144 1692//3144 1690//3144
f 980//3145 1692//3145 1691//3145
f 1691//3146 1693//3146 980//3146
f 1694//3147 1695//3147 1700//3147
f 1696//3148 1694//3148 1700//3148
f 1696//3149 1700//3149 1229//3149
f 1690//3150 1695//3150 1694//3150
f 1690//3151 1694//3151 1696//3151
f 1230//3152 1696//3152 1229//3152
f 1690//3153 971//3153 1695//3153
f 1690//3154 1697//3154 971//3154
f 1692//3155 1697//3155 1690//3155
f 1695//3156 966//3156 1701//3156
f 971//3157 966//3157 1695//3157
f 1699//3158 1705//3158 1698//3158
f 1700//3159 1698//3159 1229//3159
f 1699//3160 1698//3160 1700//3160
f 1695//3161 1699//3161 1700//3161
f 1699//3162 961//3162 1705//3162
f 1695//3163 1701//3163 1699//3163
f 1701//3164 963//3164 1699//3164
f 963//3165 961//3165 1699//3165
f 1701//3166 966//3166 963//3166
f 1225//3167 1702//3167 1706//3167
f 1705//3168 1703//3168 1702//3168
f 1229//3169 1702//3169 1225//3169
f 1698//3170 1705//3170 1702//3170
f 1229//3171 1698//3171 1702//3171
f 1703//3172 954//3172 1704//3172
f 1705//3173 961//3173 956//3173
f 1705//3174 956//3174 1703//3174
f 956//3175 954//3175 1703//3175
f 1702//3176 1707//3176 1706//3176
f 1702//3177 1708//3177 1707//3177
f 1702//3178 1704//3178 1708//3178
f 1706//3179 1707//3179 1215//3179
f 1708//3180 1711//3180 1707//3180
f 1703//3181 1704//3181 1702//3181
f 1708//3182 948//3182 1709//3182
f 1704//3183 948//3183 1708//3183
f 954//3184 948//3184 1704//3184
f 1711//3185 1714//3185 1710//3185
f 1707//3186 1710//3186 1216//3186
f 1707//3187 1711//3187 1710//3187
f 1707//3188 1216//3188 1215//3188
f 943//3189 1712//3189 1711//3189
f 1711//3190 1712//3190 1714//3190
f 1711//3191 1709//3191 943//3191
f 1708//3192 1709//3192 1711//3192
f 943//3193 940//3193 1712//3193
f 1714//3194 1713//3194 1719//3194
f 1714//3195 1719//3195 1216//3195
f 1710//3196 1714//3196 1216//3196
f 1216//3197 1719//3197 1715//3197
f 1713//3198 1718//3198 1719//3198
f 936//3199 1713//3199 1714//3199
f 1712//3200 936//3200 1714//3200
f 1712//3201 940//3201 936//3201
f 936//3202 933//3202 1713//3202
f 1717//3203 1720//3203 1715//3203
f 1719//3204 1718//3204 1717//3204
f 1718//3205 1716//3205 1717//3205
f 1715//3206 1719//3206 1717//3206
f 1717//3207 1716//3207 1720//3207
f 1718//3208 929//3208 1716//3208
f 1713//3209 933//3209 1718//3209
f 1716//3210 929//3210 927//3210
f 933//3211 929//3211 1718//3211
f 1720//3212 1725//3212 1209//3212
f 1721//3213 1726//3213 1720//3213
f 1715//3214 1720//3214 1209//3214
f 1716//3215 1721//3215 1720//3215
f 1716//3216 927//3216 1721//3216
f 1721//3217 1722//3217 1726//3217
f 924//3218 1722//3218 1721//3218
f 1726//3219 1722//3219 919//3219
f 1721//3220 927//3220 924//3220
f 1725//3221 1729//3221 1723//3221
f 1725//3222 1724//3222 1729//3222
f 1209//3223 1725//3223 1723//3223
f 1726//3224 1724//3224 1725//3224
f 1720//3225 1726//3225 1725//3225
f 1724//3226 1727//3226 914//3226
f 1726//3227 915//3227 1724//3227
f 1724//3228 914//3228 1729//3228
f 1727//3229 915//3229 914//3229
f 1724//3230 915//3230 1727//3230
f 919//3231 915//3231 1726//3231
f 1729//3232 1728//3232 1733//3232
f 1723//3233 1729//3233 1733//3233
f 1728//3234 1732//3234 1733//3234
f 1729//3235 909//3235 1728//3235
f 914//3236 909//3236 1729//3236
f 1728//3237 909//3237 906//3237
f 1730//3238 1731//3238 1735//3238
f 1730//3239 1201//3239 1733//3239
f 1732//3240 1731//3240 1730//3240
f 1733//3241 1732//3241 1730//3241
f 1732//3242 901//3242 1731//3242
f 1728//3243 902//3243 1732//3243
f 1732//3244 902//3244 901//3244
f 906//3245 902//3245 1728//3245
f 1735//3246 1736//3246 1734//3246
f 1201//3247 1734//3247 1198//3247
f 1201//3248 1735//3248 1734//3248
f 1735//3249 1737//3249 1736//3249
f 1730//3250 1735//3250 1201//3250
f 1731//3251 1737//3251 1735//3251
f 1737//3252 894//3252 1736//3252
f 1731//3253 896//3253 1737//3253
f 901//3254 896//3254 1731//3254
f 896//3255 894//3255 1737//3255
f 1734//3256 1596//3256 1594//3256
f 1738//3257 1595//3257 1596//3257
f 1734//3258 1594//3258 1198//3258
f 1596//3259 1736//3259 1738//3259
f 1734//3260 1736//3260 1596//3260
f 1738//3261 886//3261 1595//3261
f 1738//3262 892//3262 886//3262
f 1736//3263 892//3263 1738//3263
f 894//3264 892//3264 1736//3264
f 886//3265 1189//3265 1595//3265
f 1740//3266 1266//3266 1758//3266
f 1740//3267 1741//3267 1266//3267
f 1741//3268 1739//3268 1266//3268
f 1742//3269 1741//3269 1740//3269
f 1743//3270 1742//3270 1740//3270
f 1743//3271 1744//3271 1742//3271
f 1745//3272 1744//3272 1743//3272
f 1496//3273 1744//3273 1745//3273
f 1495//3274 1745//3274 1763//3274
f 1496//3275 1745//3275 1495//3275
f 1747//3276 1746//3276 1205//3276
f 1747//3277 1748//3277 1746//3277
f 1749//3278 1747//3278 1767//3278
f 1749//3279 1748//3279 1747//3279
f 1749//3280 1750//3280 1748//3280
f 1746//3281 1207//3281 1205//3281
f 1490//3282 1750//3282 1749//3282
f 1478//3283 1749//3283 1767//3283
f 1490//3284 1749//3284 1478//3284
f 1751//3285 1752//3285 1235//3285
f 1752//3286 1930//3286 1235//3286
f 1753//3287 1754//3287 1751//3287
f 1754//3288 1752//3288 1751//3288
f 1755//3289 1753//3289 1776//3289
f 1756//3290 1754//3290 1753//3290
f 1756//3291 1932//3291 1754//3291
f 1756//3292 1753//3292 1755//3292
f 1756//3293 1933//3293 1932//3293
f 1755//3294 1776//3294 1777//3294
f 1486//3295 1756//3295 1755//3295
f 1190//3296 1756//3296 1486//3296
f 1485//3297 1486//3297 1755//3297
f 1757//3298 1759//3298 1758//3298
f 1759//3299 1740//3299 1758//3299
f 1759//3300 1757//3300 1760//3300
f 1761//3301 1759//3301 1760//3301
f 1761//3302 1762//3302 1759//3302
f 1762//3303 1743//3303 1759//3303
f 1743//3304 1740//3304 1759//3304
f 1762//3305 1745//3305 1743//3305
f 1763//3306 1745//3306 1762//3306
f 1763//3307 1762//3307 1468//3307
f 1468//3308 1762//3308 1761//3308
f 1765//3309 1764//3309 1782//3309
f 1765//3310 1767//3310 1747//3310
f 1766//3311 1767//3311 1765//3311
f 1785//3312 1766//3312 1765//3312
f 1764//3313 1205//3313 1202//3313
f 1764//3314 1747//3314 1205//3314
f 1765//3315 1747//3315 1764//3315
f 1464//3316 1766//3316 1785//3316
f 1477//3317 1767//3317 1766//3317
f 1477//3318 1766//3318 1464//3318
f 1477//3319 1478//3319 1767//3319
f 1768//3320 1802//3320 1294//3320
f 1769//3321 1770//3321 1768//3321
f 1771//3322 1769//3322 1789//3322
f 1772//3323 1770//3323 1769//3323
f 1771//3324 1773//3324 1769//3324
f 1773//3325 1772//3325 1769//3325
f 1789//3326 1769//3326 1768//3326
f 1786//3327 1768//3327 1294//3327
f 1458//3328 1771//3328 1791//3328
f 1442//3329 1772//3329 1773//3329
f 1774//3330 1773//3330 1771//3330
f 1774//3331 1771//3331 1458//3331
f 1774//3332 1442//3332 1773//3332
f 1775//3333 1751//3333 1231//3333
f 1753//3334 1751//3334 1775//3334
f 1794//3335 1776//3335 1775//3335
f 1776//3336 1753//3336 1775//3336
f 1795//3337 1777//3337 1794//3337
f 1777//3338 1776//3338 1794//3338
f 1231//3339 1751//3339 1232//3339
f 1751//3340 1235//3340 1232//3340
f 1473//3341 1777//3341 1795//3341
f 1474//3342 1777//3342 1473//3342
f 1485//3343 1755//3343 1777//3343
f 1485//3344 1777//3344 1474//3344
f 1473//3345 1795//3345 1453//3345
f 1779//3346 1757//3346 1778//3346
f 1779//3347 1760//3347 1757//3347
f 1798//3348 1779//3348 1778//3348
f 1800//3349 1779//3349 1798//3349
f 1800//3350 1780//3350 1779//3350
f 1780//3351 1760//3351 1779//3351
f 1757//3352 1261//3352 1778//3352
f 1761//3353 1760//3353 1780//3353
f 1797//3354 1778//3354 1258//3354
f 1468//3355 1761//3355 1780//3355
f 1448//3356 1780//3356 1800//3356
f 1468//3357 1780//3357 1448//3357
f 1803//3358 1202//3358 1781//3358
f 1782//3359 1764//3359 1202//3359
f 1783//3360 1202//3360 1803//3360
f 1783//3361 1782//3361 1202//3361
f 1783//3362 1784//3362 1782//3362
f 1785//3363 1782//3363 1784//3363
f 1804//3364 1784//3364 1783//3364
f 1785//3365 1765//3365 1782//3365
f 1463//3366 1785//3366 1784//3366
f 1464//3367 1785//3367 1463//3367
f 1463//3368 1784//3368 1804//3368
f 1463//3369 1804//3369 1443//3369
f 1786//3370 1294//3370 1292//3370
f 1787//3371 1786//3371 1292//3371
f 1789//3372 1786//3372 1787//3372
f 1789//3373 1768//3373 1786//3373
f 1788//3374 1789//3374 1787//3374
f 1790//3375 1791//3375 1788//3375
f 1791//3376 1789//3376 1788//3376
f 1791//3377 1771//3377 1789//3377
f 1457//3378 1790//3378 1806//3378
f 1458//3379 1791//3379 1790//3379
f 1458//3380 1790//3380 1457//3380
f 1438//3381 1457//3381 1806//3381
f 1792//3382 1775//3382 1231//3382
f 1793//3383 1794//3383 1792//3383
f 1794//3384 1775//3384 1792//3384
f 1795//3385 1794//3385 1793//3385
f 1796//3386 1795//3386 1793//3386
f 1811//3387 1796//3387 1793//3387
f 1792//3388 1232//3388 1226//3388
f 1792//3389 1231//3389 1232//3389
f 1453//3390 1795//3390 1796//3390
f 1452//3391 1796//3391 1811//3391
f 1452//3392 1453//3392 1796//3392
f 1434//3393 1452//3393 1811//3393
f 1812//3394 1797//3394 1258//3394
f 1798//3395 1797//3395 1812//3395
f 1798//3396 1778//3396 1797//3396
f 1799//3397 1798//3397 1812//3397
f 1800//3398 1798//3398 1799//3398
f 1814//3399 1799//3399 1812//3399
f 1430//3400 1799//3400 1814//3400
f 1430//3401 1801//3401 1799//3401
f 1801//3402 1800//3402 1799//3402
f 1801//3403 1448//3403 1800//3403
f 1803//3404 1781//3404 1802//3404
f 1770//3405 1803//3405 1802//3405
f 1772//3406 1803//3406 1770//3406
f 1772//3407 1783//3407 1803//3407
f 1804//3408 1783//3408 1772//3408
f 1770//3409 1802//3409 1768//3409
f 1443//3410 1804//3410 1772//3410
f 1442//3411 1443//3411 1772//3411
f 1787//3412 1292//3412 1818//3412
f 1820//3413 1805//3413 1818//3413
f 1805//3414 1787//3414 1818//3414
f 1805//3415 1790//3415 1787//3415
f 1790//3416 1788//3416 1787//3416
f 1822//3417 1805//3417 1820//3417
f 1806//3418 1790//3418 1805//3418
f 1817//3419 1818//3419 1293//3419
f 1818//3420 1292//3420 1293//3420
f 1438//3421 1805//3421 1437//3421
f 1438//3422 1806//3422 1805//3422
f 1437//3423 1805//3423 1822//3423
f 1437//3424 1822//3424 1426//3424
f 1807//3425 1792//3425 1226//3425
f 1808//3426 1793//3426 1807//3426
f 1793//3427 1792//3427 1807//3427
f 1826//3428 1809//3428 1808//3428
f 1809//3429 1793//3429 1808//3429
f 1810//3430 1809//3430 1826//3430
f 1810//3431 1811//3431 1809//3431
f 1811//3432 1793//3432 1809//3432
f 1433//3433 1811//3433 1810//3433
f 1434//3434 1811//3434 1433//3434
f 1828//3435 1812//3435 1254//3435
f 1812//3436 1258//3436 1254//3436
f 1813//3437 1812//3437 1828//3437
f 1813//3438 1814//3438 1812//3438
f 1815//3439 1814//3439 1813//3439
f 1414//3440 1814//3440 1815//3440
f 1414//3441 1429//3441 1814//3441
f 1429//3442 1430//3442 1814//3442
f 1819//3443 1818//3443 1817//3443
f 1820//3444 1818//3444 1819//3444
f 1822//3445 1820//3445 1819//3445
f 1821//3446 1819//3446 1834//3446
f 1822//3447 1819//3447 1821//3447
f 1816//3448 1817//3448 1286//3448
f 1817//3449 1293//3449 1286//3449
f 1425//3450 1822//3450 1821//3450
f 1410//3451 1821//3451 1834//3451
f 1426//3452 1822//3452 1425//3452
f 1410//3453 1425//3453 1821//3453
f 1824//3454 1226//3454 1227//3454
f 1823//3455 1226//3455 1824//3455
f 1823//3456 1807//3456 1226//3456
f 1808//3457 1807//3457 1823//3457
f 1823//3458 1826//3458 1808//3458
f 1825//3459 1823//3459 1824//3459
f 1825//3460 1826//3460 1823//3460
f 1827//3461 1826//3461 1825//3461
f 1827//3462 1810//3462 1826//3462
f 1840//3463 1827//3463 1825//3463
f 1420//3464 1810//3464 1827//3464
f 1433//3465 1810//3465 1420//3465
f 1420//3466 1827//3466 1419//3466
f 1828//3467 1254//3467 1842//3467
f 1829//3468 1828//3468 1842//3468
f 1829//3469 1813//3469 1828//3469
f 1830//3470 1829//3470 1842//3470
f 1830//3471 1831//3471 1829//3471
f 1831//3472 1813//3472 1829//3472
f 1815//3473 1813//3473 1831//3473
f 1414//3474 1815//3474 1831//3474
f 1414//3475 1831//3475 1413//3475
f 1413//3476 1831//3476 1830//3476
f 1399//3477 1413//3477 1830//3477
f 1832//3478 1816//3478 1283//3478
f 1833//3479 1832//3479 1847//3479
f 1833//3480 1816//3480 1832//3480
f 1833//3481 1819//3481 1816//3481
f 1834//3482 1819//3482 1833//3482
f 1835//3483 1834//3483 1833//3483
f 1819//3484 1817//3484 1816//3484
f 1409//3485 1834//3485 1835//3485
f 1409//3486 1835//3486 1408//3486
f 1409//3487 1410//3487 1834//3487
f 1836//3488 1824//3488 1221//3488
f 1850//3489 1836//3489 1221//3489
f 1837//3490 1824//3490 1836//3490
f 1838//3491 1837//3491 1836//3491
f 1825//3492 1824//3492 1837//3492
f 1840//3493 1837//3493 1838//3493
f 1840//3494 1825//3494 1837//3494
f 1839//3495 1840//3495 1838//3495
f 1824//3496 1227//3496 1221//3496
f 1838//3497 1836//3497 1850//3497
f 1403//3498 1840//3498 1839//3498
f 1403//3499 1827//3499 1840//3499
f 1403//3500 1839//3500 1402//3500
f 1419//3501 1827//3501 1403//3501
f 1842//3502 1253//3502 1841//3502
f 1842//3503 1254//3503 1253//3503
f 1843//3504 1841//3504 1853//3504
f 1843//3505 1842//3505 1841//3505
f 1830//3506 1842//3506 1843//3506
f 1844//3507 1845//3507 1843//3507
f 1845//3508 1830//3508 1843//3508
f 1844//3509 1843//3509 1854//3509
f 1854//3510 1843//3510 1853//3510
f 1399//3511 1830//3511 1845//3511
f 1384//3512 1844//3512 1855//3512
f 1398//3513 1845//3513 1844//3513
f 1384//3514 1398//3514 1844//3514
f 1399//3515 1845//3515 1398//3515
f 1846//3516 1832//3516 1283//3516
f 1847//3517 1832//3517 1846//3517
f 1848//3518 1847//3518 1846//3518
f 1849//3519 1847//3519 1848//3519
f 1859//3520 1849//3520 1848//3520
f 1835//3521 1833//3521 1847//3521
f 1849//3522 1835//3522 1847//3522
f 1846//3523 1283//3523 1282//3523
f 1859//3524 1848//3524 1857//3524
f 1393//3525 1835//3525 1849//3525
f 1393//3526 1849//3526 1859//3526
f 1408//3527 1835//3527 1393//3527
f 1381//3528 1393//3528 1859//3528
f 1850//3529 1221//3529 1223//3529
f 1860//3530 1850//3530 1223//3530
f 1862//3531 1851//3531 1860//3531
f 1851//3532 1852//3532 1860//3532
f 1852//3533 1850//3533 1860//3533
f 1852//3534 1838//3534 1850//3534
f 1839//3535 1838//3535 1852//3535
f 1389//3536 1852//3536 1851//3536
f 1390//3537 1839//3537 1852//3537
f 1389//3538 1390//3538 1852//3538
f 1402//3539 1839//3539 1390//3539
f 1868//3540 1854//3540 1866//3540
f 1854//3541 1853//3541 1866//3541
f 1870//3542 1854//3542 1868//3542
f 1870//3543 1855//3543 1854//3543
f 1855//3544 1844//3544 1854//3544
f 1853//3545 1841//3545 1250//3545
f 1866//3546 1853//3546 1250//3546
f 1383//3547 1855//3547 1870//3547
f 1384//3548 1855//3548 1383//3548
f 1383//3549 1870//3549 1369//3549
f 1872//3550 1857//3550 1856//3550
f 1848//3551 1846//3551 1856//3551
f 1857//3552 1848//3552 1856//3552
f 1858//3553 1857//3553 1872//3553
f 1858//3554 1859//3554 1857//3554
f 1856//3555 1846//3555 1282//3555
f 1366//3556 1380//3556 1858//3556
f 1380//3557 1381//3557 1859//3557
f 1380//3558 1859//3558 1858//3558
f 1860//3559 1223//3559 1218//3559
f 1861//3560 1860//3560 1218//3560
f 1862//3561 1860//3561 1861//3561
f 1863//3562 1861//3562 1875//3562
f 1863//3563 1862//3563 1861//3563
f 1864//3564 1863//3564 1878//3564
f 1863//3565 1851//3565 1862//3565
f 1864//3566 1851//3566 1863//3566
f 1389//3567 1851//3567 1864//3567
f 1374//3568 1864//3568 1878//3568
f 1374//3569 1389//3569 1864//3569
f 1361//3570 1374//3570 1878//3570
f 1866//3571 1250//3571 1865//3571
f 1867//3572 1866//3572 1865//3572
f 1868//3573 1866//3573 1867//3573
f 1881//3574 1868//3574 1867//3574
f 1869//3575 1868//3575 1881//3575
f 1869//3576 1870//3576 1868//3576
f 1369//3577 1869//3577 1883//3577
f 1357//3578 1369//3578 1883//3578
f 1369//3579 1870//3579 1869//3579
f 1885//3580 1281//3580 1276//3580
f 1871//3581 1281//3581 1885//3581
f 1871//3582 1872//3582 1281//3582
f 1872//3583 1856//3583 1281//3583
f 1871//3584 1858//3584 1872//3584
f 1889//3585 1871//3585 1887//3585
f 1873//3586 1871//3586 1889//3586
f 1873//3587 1858//3587 1871//3587
f 1281//3588 1856//3588 1278//3588
f 1887//3589 1871//3589 1885//3589
f 1366//3590 1858//3590 1873//3590
f 1350//3591 1366//3591 1873//3591
f 1350//3592 1873//3592 1889//3592
f 1874//3593 1861//3593 1218//3593
f 1875//3594 1861//3594 1874//3594
f 1876//3595 1875//3595 1874//3595
f 1878//3596 1875//3596 1876//3596
f 1877//3597 1878//3597 1876//3597
f 1874//3598 1218//3598 1219//3598
f 1878//3599 1863//3599 1875//3599
f 1361//3600 1878//3600 1877//3600
f 1361//3601 1877//3601 1344//3601
f 1344//3602 1877//3602 1892//3602
f 1867//3603 1865//3603 1879//3603
f 1880//3604 1881//3604 1879//3604
f 1881//3605 1867//3605 1879//3605
f 1882//3606 1881//3606 1880//3606
f 1882//3607 1883//3607 1881//3607
f 1883//3608 1869//3608 1881//3608
f 1880//3609 1879//3609 1893//3609
f 1357//3610 1883//3610 1882//3610
f 1356//3611 1882//3611 1884//3611
f 1356//3612 1884//3612 1337//3612
f 1356//3613 1357//3613 1882//3613
f 1886//3614 1885//3614 1276//3614
f 1888//3615 1885//3615 1886//3615
f 1888//3616 1887//3616 1885//3616
f 1888//3617 1889//3617 1887//3617
f 1888//3618 1886//3618 1899//3618
f 1349//3619 1889//3619 1888//3619
f 1350//3620 1889//3620 1349//3620
f 1348//3621 1888//3621 1899//3621
f 1348//3622 1349//3622 1888//3622
f 1890//3623 1874//3623 1219//3623
f 1901//3624 1874//3624 1890//3624
f 1876//3625 1874//3625 1901//3625
f 1891//3626 1876//3626 1901//3626
f 1877//3627 1876//3627 1891//3627
f 1892//3628 1891//3628 1904//3628
f 1892//3629 1877//3629 1891//3629
f 1903//3630 1892//3630 1904//3630
f 1890//3631 1219//3631 1211//3631
f 1904//3632 1891//3632 1901//3632
f 1344//3633 1892//3633 1343//3633
f 1343//3634 1892//3634 1903//3634
f 1328//3635 1343//3635 1903//3635
f 1894//3636 1893//3636 1245//3636
f 1895//3637 1893//3637 1894//3637
f 1895//3638 1880//3638 1893//3638
f 1909//3639 1895//3639 1894//3639
f 1882//3640 1880//3640 1895//3640
f 1896//3641 1884//3641 1895//3641
f 1884//3642 1882//3642 1895//3642
f 1896//3643 1895//3643 1909//3643
f 1337//3644 1884//3644 1896//3644
f 1323//3645 1337//3645 1896//3645
f 1897//3646 1276//3646 1272//3646
f 1912//3647 1897//3647 1272//3647
f 1886//3648 1276//3648 1897//3648
f 1899//3649 1886//3649 1897//3649
f 1898//3650 1899//3650 1897//3650
f 1898//3651 1897//3651 1912//3651
f 1333//3652 1899//3652 1898//3652
f 1332//3653 1333//3653 1898//3653
f 1332//3654 1898//3654 1900//3654
f 1348//3655 1899//3655 1333//3655
f 1915//3656 1901//3656 1890//3656
f 1916//3657 1901//3657 1915//3657
f 1904//3658 1901//3658 1916//3658
f 1902//3659 1903//3659 1916//3659
f 1903//3660 1904//3660 1916//3660
f 1905//3661 1903//3661 1902//3661
f 1915//3662 1211//3662 1208//3662
f 1915//3663 1890//3663 1211//3663
f 1327//3664 1328//3664 1905//3664
f 1327//3665 1905//3665 1902//3665
f 1314//3666 1327//3666 1902//3666
f 1328//3667 1903//3667 1905//3667
f 1906//3668 1894//3668 1245//3668
f 1907//3669 1894//3669 1906//3669
f 1908//3670 1907//3670 1921//3670
f 1908//3671 1909//3671 1907//3671
f 1909//3672 1894//3672 1907//3672
f 1923//3673 1908//3673 1921//3673
f 1923//3674 1909//3674 1908//3674
f 1921//3675 1907//3675 1906//3675
f 1323//3676 1896//3676 1909//3676
f 1322//3677 1909//3677 1923//3677
f 1322//3678 1323//3678 1909//3678
f 1310//3679 1322//3679 1923//3679
f 1910//3680 1272//3680 1270//3680
f 1910//3681 1912//3681 1272//3681
f 1912//3682 1910//3682 1911//3682
f 1913//3683 1912//3683 1911//3683
f 1913//3684 1900//3684 1912//3684
f 1900//3685 1898//3685 1912//3685
f 1332//3686 1900//3686 1319//3686
f 1319//3687 1900//3687 1913//3687
f 1319//3688 1913//3688 1305//3688
f 1927//3689 1914//3689 1210//3689
f 1914//3690 1915//3690 1210//3690
f 1916//3691 1915//3691 1914//3691
f 1917//3692 1914//3692 1927//3692
f 1918//3693 1914//3693 1917//3693
f 1918//3694 1916//3694 1914//3694
f 1918//3695 1902//3695 1916//3695
f 1919//3696 1918//3696 1917//3696
f 1919//3697 1902//3697 1918//3697
f 1915//3698 1208//3698 1210//3698
f 1314//3699 1902//3699 1919//3699
f 1300//3700 1314//3700 1919//3700
f 1300//3701 1919//3701 1917//3701
f 1920//3702 1906//3702 1240//3702
f 1921//3703 1906//3703 1920//3703
f 1922//3704 1921//3704 1920//3704
f 1923//3705 1921//3705 1922//3705
f 1924//3706 1923//3706 1922//3706
f 1310//3707 1923//3707 1924//3707
f 1310//3708 1924//3708 1309//3708
f 1741//3709 1925//3709 1739//3709
f 1742//3710 1925//3710 1741//3710
f 1742//3711 1926//3711 1925//3711
f 1926//3712 1911//3712 1925//3712
f 1744//3713 1926//3713 1742//3713
f 1913//3714 1911//3714 1926//3714
f 1739//3715 1270//3715 1267//3715
f 1739//3716 1910//3716 1270//3716
f 1925//3717 1910//3717 1739//3717
f 1911//3718 1910//3718 1925//3718
f 1304//3719 1926//3719 1744//3719
f 1305//3720 1913//3720 1926//3720
f 1304//3721 1305//3721 1926//3721
f 1304//3722 1744//3722 1496//3722
f 1927//3723 1210//3723 1746//3723
f 1748//3724 1927//3724 1746//3724
f 1748//3725 1928//3725 1927//3725
f 1928//3726 1917//3726 1927//3726
f 1929//3727 1928//3727 1748//3727
f 1929//3728 1917//3728 1928//3728
f 1750//3729 1929//3729 1748//3729
f 1746//3730 1210//3730 1207//3730
f 1300//3731 1917//3731 1299//3731
f 1299//3732 1917//3732 1929//3732
f 1490//3733 1299//3733 1750//3733
f 1299//3734 1929//3734 1750//3734
f 1920//3735 1240//3735 1930//3735
f 1752//3736 1931//3736 1930//3736
f 1931//3737 1920//3737 1930//3737
f 1932//3738 1931//3738 1752//3738
f 1933//3739 1920//3739 1931//3739
f 1933//3740 1922//3740 1920//3740
f 1933//3741 1931//3741 1932//3741
f 1934//3742 1922//3742 1933//3742
f 1934//3743 1924//3743 1922//3743
f 1754//3744 1932//3744 1752//3744
f 1309//3745 1924//3745 1934//3745
f 1190//3746 1933//3746 1756//3746
f 1191//3747 1933//3747 1190//3747
f 1191//3748 1934//3748 1933//3748
f 1309//3749 1934//3749 1191//3749
f 1951//3750 2072//3750 1503//3750
f 1935//3751 2072//3751 1951//3751
f 1963//3752 1938//3752 1937//3752
f 1952//3753 1938//3753 1963//3753
f 1939//3754 1938//3754 1952//3754
f 1939//3755 1952//3755 1953//3755
f 1974//3756 1940//3756 1518//3756
f 1941//3757 1940//3757 1974//3757
f 1955//3758 1944//3758 1943//3758
f 1945//3759 1944//3759 1955//3759
f 2088//3760 1944//3760 1945//3760
f 1945//3761 1955//3761 1956//3761
f 1957//3762 2089//3762 1527//3762
f 1969//3763 1946//3763 1957//3763
f 1958//3764 1946//3764 1969//3764
f 1958//3765 1947//3765 1946//3765
f 1948//3766 1947//3766 1958//3766
f 1959//3767 1948//3767 1958//3767
f 1949//3768 1948//3768 1959//3768
f 1970//3769 1949//3769 1959//3769
f 1950//3770 1948//3770 1949//3770
f 1950//3771 1949//3771 1587//3771
f 1951//3772 1503//3772 1981//3772
f 1962//3773 1935//3773 1951//3773
f 1963//3774 1937//3774 1962//3774
f 1964//3775 1952//3775 1963//3775
f 1962//3776 1936//3776 1935//3776
f 1937//3777 1936//3777 1962//3777
f 1953//3778 1952//3778 1964//3778
f 1953//3779 1964//3779 1965//3779
f 1954//3780 1941//3780 1974//3780
f 1954//3781 1942//3781 1941//3781
f 1966//3782 1942//3782 1954//3782
f 1967//3783 1955//3783 1942//3783
f 1955//3784 1943//3784 1942//3784
f 1967//3785 1942//3785 1966//3785
f 1956//3786 1955//3786 1968//3786
f 1959//3787 1958//3787 1978//3787
f 1970//3788 1959//3788 1978//3788
f 1960//3789 1587//3789 1970//3789
f 1587//3790 1949//3790 1970//3790
f 1971//3791 1951//3791 1981//3791
f 1961//3792 1962//3792 1951//3792
f 1963//3793 1962//3793 1961//3793
f 1972//3794 1963//3794 1961//3794
f 1984//3795 1964//3795 1972//3795
f 1964//3796 1963//3796 1972//3796
f 1973//3797 1964//3797 1984//3797
f 1965//3798 1964//3798 1973//3798
f 1966//3799 1954//3799 1991//3799
f 1968//3800 1955//3800 1967//3800
f 1573//3801 1968//3801 1967//3801
f 1957//3802 1527//3802 2010//3802
f 1995//3803 1957//3803 2010//3803
f 1969//3804 1957//3804 1995//3804
f 1977//3805 1969//3805 1995//3805
f 1978//3806 1958//3806 1969//3806
f 1980//3807 1970//3807 1978//3807
f 1581//3808 1970//3808 1980//3808
f 1960//3809 1970//3809 1581//3809
f 1986//3810 1971//3810 1981//3810
f 1998//3811 1961//3811 1971//3811
f 1961//3812 1951//3812 1971//3812
f 1982//3813 1961//3813 1998//3813
f 1972//3814 1961//3814 1982//3814
f 1974//3815 1518//3815 1990//3815
f 1991//3816 1974//3816 1990//3816
f 1954//3817 1974//3817 1991//3817
f 1975//3818 1966//3818 1991//3818
f 1993//3819 1966//3819 1975//3819
f 1993//3820 1967//3820 1966//3820
f 1967//3821 1993//3821 1976//3821
f 1573//3822 1967//3822 1976//3822
f 1996//3823 1978//3823 1977//3823
f 1978//3824 1969//3824 1977//3824
f 1979//3825 1978//3825 1996//3825
f 1980//3826 1978//3826 1979//3826
f 1997//3827 1980//3827 1979//3827
f 1581//3828 1980//3828 1997//3828
f 1986//3829 1981//3829 1501//3829
f 1998//3830 1971//3830 1986//3830
f 2016//3831 1982//3831 1998//3831
f 1983//3832 1984//3832 1982//3832
f 1984//3833 1972//3833 1982//3833
f 1985//3834 1984//3834 1983//3834
f 1985//3835 1983//3835 2002//3835
f 1985//3836 1973//3836 1984//3836
f 1987//3837 1986//3837 2017//3837
f 2005//3838 1989//3838 1988//3838
f 2005//3839 1568//3839 1989//3839
f 2007//3840 1568//3840 2005//3840
f 1975//3841 1991//3841 2008//3841
f 1992//3842 1975//3842 2008//3842
f 1993//3843 1975//3843 1992//3843
f 1992//3844 1976//3844 1993//3844
f 2009//3845 1976//3845 1992//3845
f 1994//3846 1573//3846 1976//3846
f 2011//3847 1977//3847 1995//3847
f 1996//3848 1977//3848 2012//3848
f 2013//3849 1979//3849 1996//3849
f 2014//3850 1979//3850 2013//3850
f 2012//3851 1977//3851 2011//3851
f 1997//3852 1979//3852 2014//3852
f 1997//3853 2014//3853 2015//3853
f 1987//3854 1998//3854 1986//3854
f 1999//3855 1998//3855 1987//3855
f 2016//3856 1998//3856 1999//3856
f 2000//3857 1982//3857 2016//3857
f 1983//3858 1982//3858 2000//3858
f 1986//3859 1501//3859 1498//3859
f 2002//3860 1983//3860 2000//3860
f 2001//3861 2002//3861 2000//3861
f 2017//3862 1986//3862 1498//3862
f 2004//3863 1987//3863 2003//3863
f 2019//3864 2004//3864 2018//3864
f 2019//3865 1988//3865 2004//3865
f 2003//3866 1987//3866 2017//3866
f 2005//3867 1988//3867 2019//3867
f 2007//3868 2005//3868 2006//3868
f 2021//3869 1991//3869 1990//3869
f 2008//3870 1991//3870 2021//3870
f 2032//3871 2008//3871 2021//3871
f 2022//3872 2008//3872 2032//3872
f 1992//3873 2008//3873 2022//3873
f 2023//3874 2009//3874 1992//3874
f 2023//3875 1992//3875 2022//3875
f 2025//3876 2009//3876 2023//3876
f 1994//3877 1976//3877 2009//3877
f 2025//3878 1994//3878 2009//3878
f 2036//3879 2010//3879 1524//3879
f 2011//3880 1995//3880 2036//3880
f 2027//3881 2014//3881 2013//3881
f 1995//3882 2010//3882 2036//3882
f 2013//3883 1996//3883 2012//3883
f 2013//3884 2012//3884 2026//3884
f 2026//3885 2012//3885 2011//3885
f 2015//3886 2014//3886 2027//3886
f 2015//3887 2027//3887 2029//3887
f 2004//3888 1999//3888 1987//3888
f 1988//3889 2016//3889 2004//3889
f 2016//3890 1999//3890 2004//3890
f 1989//3891 2016//3891 1988//3891
f 1989//3892 2000//3892 2016//3892
f 1568//3893 2000//3893 1989//3893
f 1568//3894 2001//3894 2000//3894
f 2017//3895 1498//3895 1537//3895
f 2020//3896 2019//3896 2018//3896
f 2005//3897 2019//3897 2020//3897
f 2018//3898 2004//3898 2003//3898
f 2006//3899 2005//3899 2020//3899
f 2031//3900 2020//3900 2030//3900
f 2006//3901 2020//3901 2031//3901
f 2021//3902 1990//3902 1511//3902
f 2033//3903 2022//3903 2032//3903
f 2034//3904 2023//3904 2033//3904
f 2023//3905 2022//3905 2033//3905
f 2035//3906 2023//3906 2034//3906
f 1511//3907 1990//3907 1513//3907
f 2024//3908 2023//3908 2035//3908
f 2024//3909 2035//3909 2048//3909
f 2025//3910 2023//3910 2024//3910
f 2037//3911 2011//3911 2036//3911
f 2026//3912 2011//3912 2037//3912
f 2027//3913 2013//3913 2026//3913
f 2028//3914 2027//3914 2039//3914
f 2039//3915 2027//3915 2026//3915
f 2029//3916 2027//3916 2028//3916
f 2029//3917 2028//3917 2042//3917
f 2050//3918 2017//3918 1537//3918
f 2003//3919 2017//3919 2050//3919
f 2051//3920 2003//3920 2050//3920
f 2018//3921 2003//3921 2051//3921
f 2044//3922 2018//3922 2043//3922
f 2030//3923 2018//3923 2044//3923
f 2030//3924 2020//3924 2018//3924
f 2043//3925 2018//3925 2051//3925
f 2031//3926 2030//3926 1558//3926
f 2046//3927 2021//3927 1511//3927
f 2032//3928 2021//3928 2046//3928
f 2033//3929 2032//3929 2047//3929
f 2034//3930 2033//3930 2047//3930
f 2026//3931 2037//3931 2038//3931
f 2039//3932 2026//3932 2038//3932
f 2040//3933 2028//3933 2039//3933
f 2042//3934 2028//3934 2040//3934
f 2042//3935 2040//3935 2041//3935
f 2045//3936 2030//3936 2044//3936
f 1558//3937 2030//3937 2045//3937
f 2055//3938 2034//3938 2047//3938
f 2035//3939 2034//3939 2055//3939
f 2047//3940 2032//3940 2046//3940
f 2055//3941 2047//3941 2054//3941
f 2048//3942 2035//3942 2055//3942
f 2048//3943 2055//3943 2056//3943
f 2057//3944 1524//3944 1521//3944
f 2057//3945 2036//3945 1524//3945
f 2037//3946 2036//3946 2057//3946
f 2064//3947 2038//3947 2078//3947
f 2064//3948 2039//3948 2038//3948
f 2049//3949 2039//3949 2064//3949
f 2040//3950 2039//3950 2049//3950
f 2038//3951 2037//3951 2078//3951
f 2078//3952 2037//3952 2057//3952
f 2041//3953 2040//3953 2049//3953
f 1551//3954 2049//3954 2058//3954
f 1551//3955 2041//3955 2049//3955
f 2050//3956 1537//3956 1533//3956
f 2051//3957 2050//3957 2080//3957
f 2068//3958 2051//3958 2080//3958
f 2043//3959 2051//3959 2068//3959
f 2059//3960 2044//3960 2068//3960
f 2044//3961 2043//3961 2068//3961
f 2052//3962 2044//3962 2059//3962
f 2052//3963 2045//3963 2044//3963
f 2053//3964 2045//3964 2052//3964
f 2053//3965 1558//3965 2045//3965
f 2061//3966 1511//3966 1506//3966
f 2061//3967 2046//3967 1511//3967
f 2054//3968 2047//3968 2046//3968
f 2062//3969 2055//3969 2054//3969
f 2056//3970 2055//3970 2062//3970
f 2056//3971 2062//3971 2063//3971
f 2058//3972 2049//3972 2064//3972
f 2067//3973 2058//3973 2066//3973
f 1551//3974 2058//3974 2067//3974
f 2080//3975 2050//3975 1533//3975
f 2081//3976 2068//3976 2090//3976
f 2059//3977 2068//3977 2081//3977
f 2070//3978 2052//3978 2059//3978
f 2069//3979 2070//3979 2059//3979
f 2070//3980 2060//3980 2052//3980
f 2053//3981 2052//3981 2060//3981
f 2054//3982 2061//3982 2072//3982
f 2074//3983 2054//3983 2073//3983
f 2062//3984 2054//3984 2074//3984
f 2075//3985 2062//3985 2074//3985
f 2054//3986 2046//3986 2061//3986
f 2063//3987 2062//3987 2075//3987
f 2063//3988 2075//3988 2076//3988
f 1940//3989 2057//3989 1521//3989
f 2077//3990 2057//3990 1940//3990
f 2085//3991 2064//3991 2078//3991
f 2065//3992 2064//3992 2085//3992
f 2066//3993 2064//3993 2065//3993
f 2066//3994 2058//3994 2064//3994
f 2079//3995 2067//3995 2066//3995
f 2080//3996 1533//3996 2089//3996
f 2090//3997 2068//3997 2080//3997
f 2069//3998 2059//3998 2081//3998
f 2070//3999 2069//3999 2082//3999
f 2071//4000 2070//4000 2082//4000
f 2060//4001 2070//4001 2071//4001
f 2072//4002 1506//4002 1503//4002
f 2073//4003 2054//4003 2072//4003
f 2072//4004 2061//4004 1506//4004
f 2075//4005 2074//4005 1937//4005
f 2084//4006 2076//4006 2075//4006
f 2085//4007 2078//4007 2077//4007
f 2078//4008 2057//4008 2077//4008
f 2086//4009 2065//4009 2085//4009
f 2087//4010 2065//4010 2086//4010
f 2087//4011 2066//4011 2065//4011
f 2079//4012 2066//4012 2087//4012
f 2088//4013 2079//4013 2087//4013
f 2090//4014 2080//4014 2089//4014
f 2091//4015 2081//4015 2090//4015
f 2091//4016 2069//4016 2081//4016
f 2082//4017 2069//4017 2091//4017
f 2083//4018 2071//4018 2082//4018
f 1950//4019 2083//4019 2082//4019
f 1935//4020 2073//4020 2072//4020
f 1936//4021 2073//4021 1935//4021
f 2074//4022 2073//4022 1936//4022
f 1937//4023 2074//4023 1936//4023
f 1938//4024 2075//4024 1937//4024
f 2084//4025 2075//4025 1938//4025
f 2084//4026 1938//4026 1939//4026
f 1941//4027 2077//4027 1940//4027
f 1942//4028 2085//4028 1941//4028
f 2085//4029 2077//4029 1941//4029
f 1943//4030 2085//4030 1942//4030
f 2086//4031 2085//4031 1943//4031
f 1944//4032 2086//4032 1943//4032
f 2087//4033 2086//4033 1944//4033
f 1518//4034 1940//4034 1521//4034
f 2088//4035 2087//4035 1944//4035
f 1957//4036 2090//4036 2089//4036
f 1946//4037 2090//4037 1957//4037
f 2091//4038 2090//4038 1946//4038
f 1947//4039 2091//4039 1946//4039
f 1948//4040 2082//4040 1947//4040
f 2082//4041 2091//4041 1947//4041
f 1950//4042 2082//4042 1948//4042
f 2094//4043 2092//4043 2093//4043
f 1569//4044 2092//4044 2094//4044
f 2096//4045 2093//4045 2095//4045
f 2094//4046 2093//4046 2096//4046
f 2096//4047 2095//4047 2097//4047
f 2098//4048 1578//4048 2096//4048
f 1578//4049 2094//4049 2096//4049
f 2097//4050 2095//4050 2100//4050
f 2098//4051 2096//4051 2097//4051
f 2098//4052 2097//4052 2099//4052
f 1586//4053 2098//4053 2099//4053
f 1586//4054 1585//4054 2098//4054
f 2100//4055 2099//4055 2097//4055
f 1586//4056 2099//4056 1589//4056
f 2101//4057 2099//4057 2100//4057
f 1589//4058 2099//4058 2101//4058
f 2101//4059 2100//4059 1538//4059
f 1547//4060 1589//4060 2101//4060
f 2102//4061 1547//4061 2101//4061
f 2104//4062 2101//4062 1538//4062
f 2102//4063 2101//4063 2104//4063
f 2104//4064 1538//4064 2103//4064
f 1556//4065 1549//4065 2104//4065
f 1549//4066 2102//4066 2104//4066
f 2105//4067 2104//4067 2103//4067
f 1556//4068 2104//4068 2105//4068
f 1557//4069 1556//4069 2105//4069
f 2103//4070 1539//4070 2106//4070
f 2107//4071 2103//4071 2106//4071
f 2105//4072 2103//4072 2107//4072
f 1565//4073 1564//4073 2105//4073
f 1565//4074 2105//4074 1574//4074
f 1574//4075 2105//4075 2107//4075
f 2106//4076 1539//4076 2108//4076
f 2107//4077 2106//4077 2108//4077
f 1574//4078 2107//4078 2109//4078
f 2111//4079 2107//4079 2108//4079
f 2111//4080 2109//4080 2107//4080
f 1584//4081 2109//4081 2111//4081
f 1580//4082 2109//4082 1584//4082
f 2111//4083 2108//4083 2110//4083
f 2110//4084 2108//4084 1539//4084
f 2114//4085 2111//4085 2110//4085
f 2112//4086 2111//4086 2114//4086
f 2112//4087 1584//4087 2111//4087
f 2114//4088 2110//4088 2113//4088
f 2115//4089 2114//4089 2113//4089
f 2112//4090 2114//4090 2115//4090
f 2116//4091 2112//4091 2115//4091
f 1541//4092 2112//4092 2116//4092
f 2115//4093 2113//4093 2118//4093
f 2115//4094 2118//4094 2119//4094
f 2116//4095 2115//4095 2119//4095
f 2117//4096 2116//4096 2119//4096
f 2117//4097 1545//4097 2116//4097
f 1552//4098 2117//4098 2119//4098
f 2121//4099 2119//4099 2118//4099
f 2120//4100 2119//4100 2121//4100
f 1554//4101 2119//4101 2120//4101
f 1554//4102 1552//4102 2119//4102
f 2122//4103 2120//4103 2121//4103
f 2121//4104 2118//4104 1540//4104
f 1563//4105 1554//4105 2120//4105
f 1563//4106 2120//4106 2122//4106
f 2122//4107 2121//4107 2124//4107
f 1571//4108 1563//4108 2122//4108
f 2124//4109 2121//4109 1540//4109
f 1571//4110 2122//4110 2124//4110
f 2123//4111 1571//4111 2124//4111
f 2125//4112 2124//4112 1540//4112
f 2123//4113 2124//4113 2125//4113
f 2125//4114 1540//4114 2127//4114
f 1582//4115 2123//4115 2125//4115
f 2126//4116 2127//4116 2128//4116
f 2126//4117 2125//4117 2127//4117
f 1582//4118 2125//4118 2126//4118
f 1588//4119 1582//4119 2126//4119
f 2130//4120 2126//4120 2128//4120
f 1298//4121 2126//4121 2130//4121
f 1588//4122 2126//4122 1298//4122
f 1298//4123 2130//4123 2129//4123
f 2130//4124 2128//4124 2131//4124
f 2132//4125 2130//4125 2131//4125
f 2129//4126 2130//4126 2132//4126
f 2128//4127 2127//4127 2131//4127
f 1544//4128 2129//4128 2132//4128
f 2134//4129 2132//4129 2131//4129
f 2133//4130 2132//4130 2134//4130
f 2133//4131 1544//4131 2132//4131
f 1550//4132 1544//4132 2133//4132
f 2136//4133 2133//4133 2134//4133
f 2135//4134 2133//4134 2136//4134
f 2136//4135 2134//4135 2137//4135
f 2138//4136 2136//4136 2137//4136
f 2138//4137 2135//4137 2136//4137
f 1561//4138 2135//4138 2138//4138
f 1567//4139 1561//4139 2138//4139
f 2137//4140 2134//4140 2095//4140
f 2139//4141 2138//4141 2137//4141
f 2139//4142 1567//4142 2138//4142
f 1572//4143 1567//4143 2139//4143
f 2093//4144 2137//4144 2095//4144
f 2139//4145 2137//4145 2093//4145
f 2092//4146 2139//4146 2093//4146
f 2092//4147 1572//4147 2139//4147
f 2141//4148 3130//4148 2142//4148
f 3130//4149 2143//4149 2142//4149
f 2143//4150 3127//4150 2144//4150
f 3127//4151 3128//4151 2144//4151
f 2140//4152 2141//4152 2148//4152
f 2144//4153 3128//4153 2149//4153
f 3128//4154 2145//4154 2149//4154
f 2141//4155 2142//4155 2150//4155
f 2142//4156 2151//4156 2150//4156
f 2142//4157 2143//4157 2151//4157
f 2143//4158 2144//4158 2151//4158
f 2148//4159 2141//4159 2152//4159
f 2141//4160 2150//4160 2152//4160
f 2146//4161 2147//4161 2153//4161
f 2151//4162 2144//4162 2154//4162
f 2144//4163 2149//4163 2154//4163
f 2145//4164 2146//4164 2161//4164
f 2146//4165 2153//4165 2161//4165
f 2148//4166 2152//4166 2155//4166
f 2152//4167 2150//4167 2156//4167
f 2152//4168 2156//4168 2155//4168
f 2150//4169 2151//4169 2156//4169
f 2151//4170 2157//4170 2156//4170
f 2151//4171 2154//4171 2157//4171
f 2149//4172 2145//4172 2160//4172
f 2148//4173 2155//4173 2158//4173
f 2157//4174 2154//4174 2159//4174
f 2154//4175 2149//4175 2160//4175
f 2154//4176 2160//4176 2159//4176
f 2160//4177 2145//4177 2161//4177
f 2158//4178 2155//4178 2163//4178
f 2155//4179 2156//4179 2164//4179
f 2155//4180 2164//4180 2163//4180
f 2156//4181 2157//4181 2164//4181
f 2161//4182 2153//4182 2165//4182
f 2158//4183 2163//4183 2166//4183
f 2164//4184 2157//4184 2167//4184
f 2157//4185 2159//4185 2167//4185
f 2140//4186 3129//4186 2141//4186
f 3129//4187 3130//4187 2141//4187
f 2147//4188 3675//4188 2153//4188
f 2153//4189 3675//4189 2162//4189
f 2153//4190 2162//4190 2178//4190
f 2168//4191 2148//4191 2158//4191
f 2169//4192 2148//4192 2168//4192
f 2140//4193 2148//4193 2169//4193
f 2170//4194 2164//4194 2171//4194
f 2164//4195 2167//4195 2171//4195
f 2167//4196 2159//4196 2172//4196
f 2159//4197 2160//4197 2172//4197
f 2166//4198 2170//4198 2173//4198
f 2172//4199 2160//4199 2174//4199
f 2160//4200 2161//4200 2174//4200
f 2170//4201 2171//4201 2175//4201
f 2171//4202 2176//4202 2175//4202
f 2171//4203 2167//4203 2176//4203
f 2167//4204 2172//4204 2176//4204
f 2173//4205 2170//4205 2177//4205
f 2170//4206 2175//4206 2177//4206
f 2176//4207 2172//4207 2179//4207
f 2172//4208 2174//4208 2179//4208
f 2161//4209 2165//4209 2187//4209
f 2165//4210 2178//4210 2187//4210
f 2173//4211 2177//4211 2181//4211
f 2177//4212 2175//4212 2182//4212
f 2177//4213 2182//4213 2181//4213
f 2175//4214 2176//4214 2182//4214
f 2176//4215 2183//4215 2182//4215
f 2176//4216 2179//4216 2183//4216
f 2174//4217 2161//4217 2186//4217
f 2173//4218 2181//4218 2184//4218
f 2183//4219 2179//4219 2185//4219
f 2179//4220 2174//4220 2186//4220
f 2179//4221 2186//4221 2185//4221
f 2186//4222 2161//4222 2187//4222
f 2184//4223 2181//4223 2188//4223
f 2181//4224 2182//4224 2189//4224
f 2181//4225 2189//4225 2188//4225
f 2182//4226 2183//4226 2189//4226
f 2187//4227 2178//4227 2190//4227
f 2184//4228 2188//4228 2191//4228
f 2189//4229 2183//4229 2192//4229
f 2183//4230 2185//4230 2192//4230
f 2166//4231 2163//4231 2170//4231
f 2163//4232 2164//4232 2170//4232
f 2165//4233 2153//4233 2178//4233
f 2178//4234 2162//4234 3442//4234
f 2178//4235 3442//4235 2180//4235
f 2178//4236 2180//4236 2190//4236
f 2193//4237 2173//4237 2184//4237
f 2194//4238 2173//4238 2193//4238
f 2166//4239 2173//4239 2194//4239
f 2195//4240 2189//4240 2196//4240
f 2189//4241 2192//4241 2196//4241
f 2192//4242 2185//4242 2197//4242
f 2185//4243 2186//4243 2197//4243
f 2191//4244 2195//4244 2198//4244
f 2197//4245 2186//4245 2199//4245
f 2186//4246 2187//4246 2199//4246
f 2195//4247 2196//4247 2200//4247
f 2196//4248 2201//4248 2200//4248
f 2196//4249 2192//4249 2201//4249
f 2192//4250 2197//4250 2201//4250
f 2198//4251 2195//4251 2202//4251
f 2195//4252 2200//4252 2202//4252
f 2199//4253 2187//4253 2203//4253
f 2187//4254 2190//4254 2205//4254
f 2201//4255 2197//4255 2204//4255
f 2197//4256 2199//4256 2204//4256
f 2203//4257 2187//4257 2205//4257
f 2198//4258 2202//4258 2206//4258
f 2202//4259 2200//4259 2207//4259
f 2202//4260 2207//4260 2206//4260
f 2200//4261 2201//4261 2207//4261
f 2201//4262 2208//4262 2207//4262
f 2201//4263 2204//4263 2208//4263
f 2199//4264 2203//4264 2211//4264
f 2198//4265 2206//4265 2209//4265
f 2208//4266 2204//4266 2210//4266
f 2204//4267 2199//4267 2211//4267
f 2204//4268 2211//4268 2210//4268
f 2209//4269 2206//4269 2213//4269
f 2206//4270 2207//4270 2214//4270
f 2206//4271 2214//4271 2213//4271
f 2207//4272 2208//4272 2214//4272
f 2190//4273 2212//4273 2205//4273
f 2209//4274 2213//4274 2215//4274
f 2214//4275 2208//4275 2216//4275
f 2208//4276 2210//4276 2216//4276
f 2191//4277 2188//4277 2195//4277
f 2188//4278 2189//4278 2195//4278
f 2180//4279 2212//4279 2190//4279
f 2217//4280 2198//4280 2209//4280
f 2191//4281 2198//4281 2217//4281
f 2218//4282 2214//4282 2219//4282
f 2214//4283 2216//4283 2219//4283
f 2216//4284 2210//4284 2220//4284
f 2210//4285 2211//4285 2220//4285
f 2215//4286 2218//4286 2221//4286
f 2220//4287 2211//4287 2222//4287
f 2211//4288 2203//4288 2222//4288
f 2218//4289 2219//4289 2223//4289
f 2219//4290 2224//4290 2223//4290
f 2219//4291 2216//4291 2224//4291
f 2216//4292 2220//4292 2224//4292
f 2205//4293 2212//4293 2226//4293
f 2221//4294 2218//4294 2225//4294
f 2218//4295 2223//4295 2225//4295
f 2203//4296 2205//4296 2229//4296
f 2205//4297 2226//4297 2229//4297
f 2224//4298 2220//4298 2227//4298
f 2220//4299 2222//4299 2227//4299
f 2222//4300 2203//4300 2228//4300
f 2203//4301 2229//4301 2228//4301
f 2221//4302 2225//4302 2230//4302
f 2225//4303 2223//4303 2231//4303
f 2225//4304 2231//4304 2230//4304
f 2223//4305 2224//4305 2231//4305
f 2224//4306 2232//4306 2231//4306
f 2224//4307 2227//4307 2232//4307
f 2222//4308 2228//4308 2235//4308
f 2221//4309 2230//4309 2233//4309
f 2232//4310 2227//4310 2234//4310
f 2227//4311 2222//4311 2235//4311
f 2227//4312 2235//4312 2234//4312
f 2233//4313 2230//4313 2236//4313
f 2230//4314 2231//4314 2237//4314
f 2230//4315 2237//4315 2236//4315
f 2231//4316 2232//4316 2237//4316
f 2233//4317 2236//4317 2238//4317
f 2237//4318 2232//4318 2239//4318
f 2232//4319 2234//4319 2239//4319
f 2215//4320 2213//4320 2218//4320
f 2213//4321 2214//4321 2218//4321
f 2229//4322 2226//4322 2240//4322
f 2241//4323 2221//4323 2233//4323
f 2215//4324 2221//4324 2241//4324
f 2242//4325 2237//4325 2243//4325
f 2237//4326 2239//4326 2243//4326
f 2239//4327 2234//4327 2244//4327
f 2234//4328 2235//4328 2244//4328
f 2238//4329 2242//4329 2245//4329
f 2244//4330 2235//4330 2246//4330
f 2235//4331 2228//4331 2246//4331
f 2242//4332 2243//4332 2247//4332
f 2243//4333 2248//4333 2247//4333
f 2243//4334 2239//4334 2248//4334
f 2239//4335 2244//4335 2248//4335
f 2245//4336 2242//4336 2249//4336
f 2242//4337 2247//4337 2249//4337
f 2246//4338 2228//4338 2250//4338
f 2228//4339 2229//4339 2251//4339
f 2229//4340 2240//4340 2251//4340
f 2248//4341 2244//4341 2252//4341
f 2244//4342 2246//4342 2252//4342
f 2228//4343 2251//4343 2250//4343
f 2245//4344 2249//4344 2253//4344
f 2249//4345 2247//4345 2254//4345
f 2249//4346 2254//4346 2253//4346
f 2247//4347 2248//4347 2254//4347
f 2248//4348 2255//4348 2254//4348
f 2248//4349 2252//4349 2255//4349
f 2246//4350 2250//4350 2258//4350
f 2245//4351 2253//4351 2256//4351
f 2255//4352 2252//4352 2262//4352
f 2252//4353 2257//4353 2262//4353
f 2252//4354 2246//4354 2258//4354
f 2252//4355 2258//4355 2257//4355
f 2256//4356 2253//4356 2259//4356
f 2253//4357 2254//4357 2260//4357
f 2253//4358 2260//4358 2259//4358
f 2254//4359 2255//4359 2260//4359
f 2256//4360 2259//4360 2261//4360
f 2260//4361 2255//4361 2262//4361
f 2251//4362 2240//4362 2263//4362
f 2238//4363 2236//4363 2242//4363
f 2236//4364 2237//4364 2242//4364
f 2240//4365 3461//4365 2263//4365
f 2264//4366 2245//4366 2256//4366
f 2265//4367 2245//4367 2264//4367
f 2238//4368 2245//4368 2265//4368
f 2266//4369 2260//4369 2267//4369
f 2260//4370 2262//4370 2267//4370
f 2262//4371 2257//4371 2268//4371
f 2257//4372 2258//4372 2268//4372
f 2261//4373 2266//4373 2269//4373
f 2268//4374 2258//4374 2270//4374
f 2258//4375 2250//4375 2270//4375
f 2266//4376 2267//4376 2271//4376
f 2267//4377 2272//4377 2271//4377
f 2267//4378 2262//4378 2272//4378
f 2262//4379 2273//4379 2272//4379
f 2262//4380 2268//4380 2273//4380
f 2250//4381 2251//4381 2275//4381
f 2269//4382 2266//4382 2274//4382
f 2266//4383 2271//4383 2274//4383
f 2270//4384 2250//4384 2275//4384
f 2251//4385 2263//4385 2276//4385
f 2275//4386 2251//4386 2276//4386
f 2269//4387 2274//4387 2277//4387
f 2274//4388 2271//4388 2278//4388
f 2274//4389 2278//4389 2277//4389
f 2271//4390 2272//4390 2278//4390
f 2272//4391 2279//4391 2278//4391
f 2272//4392 2273//4392 2279//4392
f 2270//4393 2275//4393 2280//4393
f 2269//4394 2277//4394 2281//4394
f 2273//4395 2268//4395 2285//4395
f 2268//4396 2270//4396 2282//4396
f 2268//4397 2282//4397 2285//4397
f 2270//4398 2280//4398 2282//4398
f 2276//4399 2263//4399 2286//4399
f 2281//4400 2277//4400 2283//4400
f 2277//4401 2278//4401 2284//4401
f 2277//4402 2284//4402 2283//4402
f 2278//4403 2279//4403 2284//4403
f 2279//4404 2273//4404 2285//4404
f 2276//4405 2286//4405 2275//4405
f 2281//4406 2283//4406 2287//4406
f 2284//4407 2279//4407 2288//4407
f 2279//4408 2285//4408 2288//4408
f 2261//4409 2259//4409 2266//4409
f 2259//4410 2260//4410 2266//4410
f 2289//4411 2269//4411 2281//4411
f 2261//4412 2269//4412 2289//4412
f 2290//4413 2284//4413 2291//4413
f 2284//4414 2288//4414 2291//4414
f 2288//4415 2285//4415 2292//4415
f 2285//4416 2282//4416 2292//4416
f 2287//4417 2290//4417 2293//4417
f 2292//4418 2282//4418 2294//4418
f 2282//4419 2280//4419 2294//4419
f 2290//4420 2291//4420 2295//4420
f 2291//4421 2296//4421 2295//4421
f 2291//4422 2288//4422 2296//4422
f 2288//4423 2292//4423 2296//4423
f 2293//4424 2290//4424 2297//4424
f 2290//4425 2295//4425 2297//4425
f 2275//4426 2286//4426 2298//4426
f 2296//4427 2292//4427 2299//4427
f 2292//4428 2294//4428 2299//4428
f 2294//4429 2280//4429 2300//4429
f 2280//4430 2275//4430 2300//4430
f 2275//4431 2298//4431 2300//4431
f 2293//4432 2297//4432 2301//4432
f 2297//4433 2295//4433 2302//4433
f 2297//4434 2302//4434 2301//4434
f 2295//4435 2296//4435 2302//4435
f 2296//4436 2303//4436 2302//4436
f 2296//4437 2299//4437 2303//4437
f 2298//4438 2286//4438 2304//4438
f 2294//4439 2300//4439 2307//4439
f 2293//4440 2301//4440 2305//4440
f 2303//4441 2299//4441 2306//4441
f 2299//4442 2294//4442 2307//4442
f 2299//4443 2307//4443 2306//4443
f 2305//4444 2301//4444 2308//4444
f 2301//4445 2302//4445 2309//4445
f 2301//4446 2309//4446 2308//4446
f 2302//4447 2303//4447 2309//4447
f 2300//4448 2298//4448 2310//4448
f 2298//4449 2304//4449 2310//4449
f 2305//4450 2308//4450 2311//4450
f 2309//4451 2303//4451 2312//4451
f 2303//4452 2306//4452 2312//4452
f 2287//4453 2283//4453 2290//4453
f 2283//4454 2284//4454 2290//4454
f 2313//4455 2293//4455 2305//4455
f 2287//4456 2293//4456 2313//4456
f 2314//4457 2309//4457 2315//4457
f 2309//4458 2312//4458 2315//4458
f 2312//4459 2306//4459 2316//4459
f 2306//4460 2307//4460 2316//4460
f 2311//4461 2314//4461 2317//4461
f 2316//4462 2307//4462 2318//4462
f 2307//4463 2300//4463 2318//4463
f 2314//4464 2315//4464 2319//4464
f 2315//4465 2320//4465 2319//4465
f 2315//4466 2312//4466 2320//4466
f 2312//4467 2316//4467 2320//4467
f 2317//4468 2314//4468 2321//4468
f 2314//4469 2319//4469 2321//4469
f 2318//4470 2300//4470 2322//4470
f 2300//4471 2310//4471 2323//4471
f 2320//4472 2316//4472 2325//4472
f 2316//4473 2318//4473 2325//4473
f 2300//4474 2323//4474 2322//4474
f 2317//4475 2321//4475 2326//4475
f 2321//4476 2319//4476 2327//4476
f 2321//4477 2327//4477 2326//4477
f 2319//4478 2320//4478 2327//4478
f 2320//4479 2328//4479 2327//4479
f 2320//4480 2325//4480 2328//4480
f 2318//4481 2322//4481 2329//4481
f 2310//4482 2324//4482 2323//4482
f 2317//4483 2326//4483 2330//4483
f 2328//4484 2325//4484 2335//4484
f 2325//4485 2331//4485 2335//4485
f 2325//4486 2318//4486 2331//4486
f 2318//4487 2329//4487 2331//4487
f 2330//4488 2326//4488 2332//4488
f 2326//4489 2327//4489 2333//4489
f 2326//4490 2333//4490 2332//4490
f 2327//4491 2328//4491 2333//4491
f 2330//4492 2332//4492 2334//4492
f 2333//4493 2328//4493 2335//4493
f 2311//4494 2308//4494 2314//4494
f 2308//4495 2309//4495 2314//4495
f 2310//4496 2304//4496 2324//4496
f 2323//4497 2324//4497 2336//4497
f 2337//4498 2317//4498 2330//4498
f 2311//4499 2317//4499 2337//4499
f 2338//4500 2333//4500 2339//4500
f 2333//4501 2335//4501 2339//4501
f 2335//4502 2331//4502 2340//4502
f 2334//4503 2338//4503 2341//4503
f 2340//4504 2331//4504 2342//4504
f 2331//4505 2329//4505 2342//4505
f 2338//4506 2339//4506 2343//4506
f 2339//4507 2344//4507 2343//4507
f 2339//4508 2335//4508 2344//4508
f 2335//4509 2340//4509 2344//4509
f 2341//4510 2338//4510 2345//4510
f 2338//4511 2343//4511 2345//4511
f 2323//4512 2336//4512 2346//4512
f 2344//4513 2340//4513 2347//4513
f 2340//4514 2342//4514 2347//4514
f 2329//4515 2323//4515 2354//4515
f 2323//4516 2346//4516 2354//4516
f 2341//4517 2345//4517 2348//4517
f 2345//4518 2343//4518 2349//4518
f 2345//4519 2349//4519 2348//4519
f 2343//4520 2344//4520 2349//4520
f 2344//4521 2350//4521 2349//4521
f 2344//4522 2347//4522 2350//4522
f 2342//4523 2329//4523 2353//4523
f 2341//4524 2348//4524 2351//4524
f 2350//4525 2347//4525 2352//4525
f 2347//4526 2342//4526 2353//4526
f 2347//4527 2353//4527 2352//4527
f 2353//4528 2329//4528 2354//4528
f 2351//4529 2348//4529 2355//4529
f 2348//4530 2349//4530 2356//4530
f 2348//4531 2356//4531 2355//4531
f 2349//4532 2350//4532 2356//4532
f 2354//4533 2346//4533 2357//4533
f 2351//4534 2355//4534 2358//4534
f 2356//4535 2350//4535 2359//4535
f 2350//4536 2352//4536 2359//4536
f 2334//4537 2332//4537 2338//4537
f 2332//4538 2333//4538 2338//4538
f 2322//4539 2323//4539 2329//4539
f 2336//4540 2360//4540 2346//4540
f 2361//4541 2341//4541 2351//4541
f 2334//4542 2341//4542 2361//4542
f 2362//4543 2356//4543 2363//4543
f 2356//4544 2359//4544 2363//4544
f 2359//4545 2352//4545 2364//4545
f 2352//4546 2353//4546 2364//4546
f 2358//4547 2362//4547 2365//4547
f 2364//4548 2353//4548 2366//4548
f 2353//4549 2367//4549 2366//4549
f 2362//4550 2363//4550 2371//4550
f 2363//4551 2368//4551 2371//4551
f 2363//4552 2359//4552 2369//4552
f 2363//4553 2369//4553 2368//4553
f 2359//4554 2364//4554 2369//4554
f 2362//4555 2371//4555 2365//4555
f 2365//4556 2371//4556 2372//4556
f 2371//4557 2368//4557 2372//4557
f 2369//4558 2364//4558 2373//4558
f 2364//4559 2366//4559 2373//4559
f 2357//4560 2346//4560 2376//4560
f 2346//4561 2374//4561 2376//4561
f 2370//4562 2365//4562 2377//4562
f 2366//4563 2367//4563 2375//4563
f 2365//4564 2372//4564 2378//4564
f 2365//4565 2378//4565 2377//4565
f 2372//4566 2368//4566 2379//4566
f 2372//4567 2379//4567 2378//4567
f 2368//4568 2369//4568 2379//4568
f 2369//4569 2373//4569 2382//4569
f 2373//4570 2366//4570 2382//4570
f 2378//4571 2380//4571 2377//4571
f 2375//4572 2367//4572 2381//4572
f 2367//4573 2357//4573 2381//4573
f 2379//4574 2369//4574 2382//4574
f 2357//4575 2376//4575 2381//4575
f 2382//4576 2366//4576 2375//4576
f 2358//4577 2355//4577 2362//4577
f 2355//4578 2356//4578 2362//4578
f 2353//4579 2354//4579 2367//4579
f 2354//4580 2357//4580 2367//4580
f 2346//4581 2360//4581 3488//4581
f 2346//4582 3488//4582 2374//4582
f 2370//4583 2377//4583 2383//4583
f 2384//4584 2365//4584 2370//4584
f 2384//4585 2370//4585 2383//4585
f 2358//4586 2365//4586 2384//4586
f 2385//4587 2386//4587 2396//4587
f 2394//4588 2390//4588 2388//4588
f 2388//4589 2392//4589 2394//4589
f 2388//4590 2389//4590 2392//4590
f 2391//4591 2390//4591 2393//4591
f 2390//4592 2394//4592 2393//4592
f 2392//4593 2389//4593 2395//4593
f 2389//4594 2385//4594 2396//4594
f 2389//4595 2396//4595 2395//4595
f 2396//4596 2386//4596 2397//4596
f 2397//4597 2386//4597 2398//4597
f 2386//4598 2387//4598 2398//4598
f 2392//4599 2395//4599 2400//4599
f 2394//4600 2392//4600 2400//4600
f 2394//4601 2400//4601 2401//4601
f 2393//4602 2402//4602 2391//4602
f 2400//4603 2395//4603 2404//4603
f 2395//4604 2396//4604 2404//4604
f 2393//4605 2403//4605 2405//4605
f 2404//4606 2396//4606 2406//4606
f 2396//4607 2397//4607 2406//4607
f 2403//4608 2401//4608 2407//4608
f 2401//4609 2400//4609 2408//4609
f 2401//4610 2408//4610 2407//4610
f 2400//4611 2404//4611 2408//4611
f 2398//4612 2387//4612 2410//4612
f 2405//4613 2403//4613 2409//4613
f 2403//4614 2407//4614 2409//4614
f 2408//4615 2404//4615 2411//4615
f 2404//4616 2406//4616 2411//4616
f 2397//4617 2398//4617 2419//4617
f 2398//4618 2410//4618 2419//4618
f 2405//4619 2409//4619 2412//4619
f 2409//4620 2407//4620 2413//4620
f 2409//4621 2413//4621 2412//4621
f 2407//4622 2408//4622 2413//4622
f 2408//4623 2414//4623 2413//4623
f 2408//4624 2411//4624 2414//4624
f 2406//4625 2397//4625 2418//4625
f 2405//4626 2412//4626 2416//4626
f 2414//4627 2411//4627 2423//4627
f 2411//4628 2417//4628 2423//4628
f 2411//4629 2406//4629 2418//4629
f 2411//4630 2418//4630 2417//4630
f 2418//4631 2397//4631 2419//4631
f 2416//4632 2412//4632 2420//4632
f 2412//4633 2413//4633 2421//4633
f 2412//4634 2421//4634 2420//4634
f 2413//4635 2414//4635 2421//4635
f 2416//4636 2420//4636 2422//4636
f 2421//4637 2414//4637 2423//4637
f 2393//4638 2394//4638 2403//4638
f 2394//4639 2401//4639 2403//4639
f 2387//4640 2399//4640 2410//4640
f 2410//4641 2399//4641 2415//4641
f 2424//4642 2405//4642 2416//4642
f 2425//4643 2405//4643 2424//4643
f 2402//4644 2393//4644 2405//4644
f 2402//4645 2405//4645 2425//4645
f 2426//4646 2421//4646 2427//4646
f 2421//4647 2423//4647 2427//4647
f 2423//4648 2417//4648 2428//4648
f 2417//4649 2418//4649 2428//4649
f 2422//4650 2426//4650 2430//4650
f 2428//4651 2418//4651 2431//4651
f 2418//4652 2419//4652 2431//4652
f 2426//4653 2427//4653 2432//4653
f 2427//4654 2433//4654 2432//4654
f 2427//4655 2423//4655 2433//4655
f 2423//4656 2434//4656 2433//4656
f 2423//4657 2428//4657 2434//4657
f 2430//4658 2426//4658 2435//4658
f 2426//4659 2432//4659 2435//4659
f 2431//4660 2419//4660 2436//4660
f 2436//4661 2419//4661 2437//4661
f 2419//4662 2429//4662 2437//4662
f 2430//4663 2435//4663 2438//4663
f 2435//4664 2432//4664 2439//4664
f 2435//4665 2439//4665 2438//4665
f 2432//4666 2433//4666 2439//4666
f 2433//4667 2440//4667 2439//4667
f 2433//4668 2434//4668 2440//4668
f 2431//4669 2436//4669 2444//4669
f 2437//4670 2429//4670 2441//4670
f 2430//4671 2438//4671 2442//4671
f 2440//4672 2434//4672 2443//4672
f 2434//4673 2428//4673 2443//4673
f 2428//4674 2431//4674 2444//4674
f 2428//4675 2444//4675 2443//4675
f 2442//4676 2438//4676 2445//4676
f 2438//4677 2439//4677 2446//4677
f 2438//4678 2446//4678 2445//4678
f 2439//4679 2440//4679 2446//4679
f 2442//4680 2445//4680 2447//4680
f 2446//4681 2440//4681 2448//4681
f 2440//4682 2443//4682 2448//4682
f 2422//4683 2420//4683 2426//4683
f 2420//4684 2421//4684 2426//4684
f 2419//4685 2410//4685 2429//4685
f 2410//4686 2415//4686 2429//4686
f 2415//4687 2449//4687 2429//4687
f 2429//4688 2449//4688 2441//4688
f 2450//4689 2430//4689 2442//4689
f 2451//4690 2430//4690 2450//4690
f 2422//4691 2430//4691 2451//4691
f 2452//4692 2446//4692 2453//4692
f 2446//4693 2448//4693 2453//4693
f 2448//4694 2443//4694 2454//4694
f 2443//4695 2444//4695 2454//4695
f 2447//4696 2452//4696 2455//4696
f 2454//4697 2444//4697 2456//4697
f 2444//4698 2436//4698 2456//4698
f 2452//4699 2453//4699 2457//4699
f 2453//4700 2458//4700 2457//4700
f 2453//4701 2448//4701 2458//4701
f 2448//4702 2454//4702 2458//4702
f 2455//4703 2452//4703 2459//4703
f 2452//4704 2457//4704 2459//4704
f 2437//4705 2441//4705 2462//4705
f 2458//4706 2454//4706 2461//4706
f 2454//4707 2456//4707 2461//4707
f 2436//4708 2437//4708 2462//4708
f 2462//4709 2441//4709 2463//4709
f 2441//4710 2460//4710 2463//4710
f 2455//4711 2459//4711 2464//4711
f 2459//4712 2457//4712 2465//4712
f 2459//4713 2465//4713 2464//4713
f 2457//4714 2458//4714 2465//4714
f 2458//4715 2466//4715 2465//4715
f 2458//4716 2461//4716 2466//4716
f 2456//4717 2436//4717 2469//4717
f 2455//4718 2464//4718 2467//4718
f 2466//4719 2461//4719 2474//4719
f 2461//4720 2468//4720 2474//4720
f 2461//4721 2456//4721 2469//4721
f 2461//4722 2469//4722 2468//4722
f 2469//4723 2436//4723 2470//4723
f 2436//4724 2462//4724 2470//4724
f 2467//4725 2464//4725 2471//4725
f 2464//4726 2465//4726 2472//4726
f 2464//4727 2472//4727 2471//4727
f 2465//4728 2466//4728 2472//4728
f 2467//4729 2471//4729 2473//4729
f 2472//4730 2466//4730 2474//4730
f 2447//4731 2445//4731 2452//4731
f 2445//4732 2446//4732 2452//4732
f 2441//4733 2449//4733 2460//4733
f 2475//4734 2455//4734 2467//4734
f 2476//4735 2455//4735 2475//4735
f 2447//4736 2455//4736 2476//4736
f 2477//4737 2472//4737 2478//4737
f 2472//4738 2474//4738 2478//4738
f 2474//4739 2468//4739 2479//4739
f 2468//4740 2469//4740 2479//4740
f 2473//4741 2477//4741 2480//4741
f 2479//4742 2469//4742 2481//4742
f 2469//4743 2470//4743 2481//4743
f 2477//4744 2478//4744 2482//4744
f 2478//4745 2483//4745 2482//4745
f 2478//4746 2474//4746 2483//4746
f 2474//4747 2484//4747 2483//4747
f 2474//4748 2479//4748 2484//4748
f 2480//4749 2477//4749 2485//4749
f 2477//4750 2482//4750 2485//4750
f 2481//4751 2470//4751 2486//4751
f 2470//4752 2462//4752 2486//4752
f 2462//4753 2463//4753 2487//4753
f 2480//4754 2485//4754 2488//4754
f 2485//4755 2482//4755 2489//4755
f 2485//4756 2489//4756 2488//4756
f 2482//4757 2483//4757 2489//4757
f 2483//4758 2490//4758 2489//4758
f 2483//4759 2484//4759 2490//4759
f 2481//4760 2486//4760 2492//4760
f 2480//4761 2488//4761 2491//4761
f 2484//4762 2479//4762 2495//4762
f 2479//4763 2481//4763 2492//4763
f 2479//4764 2492//4764 2495//4764
f 2491//4765 2488//4765 2493//4765
f 2488//4766 2489//4766 2494//4766
f 2488//4767 2494//4767 2493//4767
f 2489//4768 2490//4768 2494//4768
f 2490//4769 2484//4769 2495//4769
f 2486//4770 2462//4770 2496//4770
f 2462//4771 2487//4771 2496//4771
f 2487//4772 2497//4772 2496//4772
f 2491//4773 2493//4773 2498//4773
f 2494//4774 2490//4774 2499//4774
f 2490//4775 2495//4775 2499//4775
f 2473//4776 2471//4776 2477//4776
f 2471//4777 2472//4777 2477//4777
f 2463//4778 2460//4778 2487//4778
f 2487//4779 2500//4779 2497//4779
f 2501//4780 2480//4780 2491//4780
f 2502//4781 2480//4781 2501//4781
f 2473//4782 2480//4782 2502//4782
f 2503//4783 2494//4783 2504//4783
f 2494//4784 2499//4784 2504//4784
f 2499//4785 2495//4785 2505//4785
f 2495//4786 2492//4786 2505//4786
f 2498//4787 2503//4787 2506//4787
f 2505//4788 2492//4788 2507//4788
f 2492//4789 2486//4789 2507//4789
f 2503//4790 2504//4790 2508//4790
f 2504//4791 2509//4791 2508//4791
f 2504//4792 2499//4792 2509//4792
f 2499//4793 2505//4793 2509//4793
f 2506//4794 2503//4794 2510//4794
f 2503//4795 2508//4795 2510//4795
f 2509//4796 2505//4796 2511//4796
f 2505//4797 2507//4797 2511//4797
f 2486//4798 2496//4798 2518//4798
f 2506//4799 2510//4799 2512//4799
f 2510//4800 2508//4800 2513//4800
f 2510//4801 2513//4801 2512//4801
f 2508//4802 2509//4802 2513//4802
f 2509//4803 2514//4803 2513//4803
f 2509//4804 2511//4804 2514//4804
f 2507//4805 2486//4805 2517//4805
f 2496//4806 2497//4806 2522//4806
f 2506//4807 2512//4807 2515//4807
f 2514//4808 2511//4808 2516//4808
f 2511//4809 2507//4809 2517//4809
f 2511//4810 2517//4810 2516//4810
f 2517//4811 2486//4811 2518//4811
f 2522//4812 2497//4812 2519//4812
f 2515//4813 2512//4813 2520//4813
f 2512//4814 2513//4814 2521//4814
f 2512//4815 2521//4815 2520//4815
f 2513//4816 2514//4816 2521//4816
f 2518//4817 2496//4817 2522//4817
f 2515//4818 2520//4818 2523//4818
f 2521//4819 2514//4819 2524//4819
f 2514//4820 2516//4820 2524//4820
f 2498//4821 2493//4821 2503//4821
f 2493//4822 2494//4822 2503//4822
f 2525//4823 2506//4823 2515//4823
f 2526//4824 2506//4824 2525//4824
f 2498//4825 2506//4825 2526//4825
f 2527//4826 2521//4826 2528//4826
f 2521//4827 2524//4827 2528//4827
f 2524//4828 2516//4828 2529//4828
f 2516//4829 2517//4829 2529//4829
f 2523//4830 2527//4830 2530//4830
f 2529//4831 2517//4831 2531//4831
f 2517//4832 2518//4832 2531//4832
f 2527//4833 2528//4833 2532//4833
f 2528//4834 2533//4834 2532//4834
f 2528//4835 2524//4835 2533//4835
f 2524//4836 2529//4836 2533//4836
f 2522//4837 2519//4837 2536//4837
f 2530//4838 2527//4838 2534//4838
f 2527//4839 2532//4839 2534//4839
f 2531//4840 2518//4840 2535//4840
f 2518//4841 2522//4841 2536//4841
f 2533//4842 2529//4842 2537//4842
f 2529//4843 2531//4843 2537//4843
f 2518//4844 2536//4844 2535//4844
f 2536//4845 2519//4845 2538//4845
f 2530//4846 2534//4846 2539//4846
f 2534//4847 2532//4847 2540//4847
f 2534//4848 2540//4848 2539//4848
f 2532//4849 2533//4849 2540//4849
f 2533//4850 2541//4850 2540//4850
f 2533//4851 2537//4851 2541//4851
f 2531//4852 2535//4852 2544//4852
f 2530//4853 2539//4853 2542//4853
f 2541//4854 2537//4854 2543//4854
f 2537//4855 2531//4855 2544//4855
f 2537//4856 2544//4856 2543//4856
f 2542//4857 2539//4857 2545//4857
f 2539//4858 2540//4858 2546//4858
f 2539//4859 2546//4859 2545//4859
f 2540//4860 2541//4860 2546//4860
f 2536//4861 2538//4861 2547//4861
f 2535//4862 2536//4862 2547//4862
f 2542//4863 2545//4863 2548//4863
f 2546//4864 2541//4864 2549//4864
f 2541//4865 2543//4865 2549//4865
f 2523//4866 2520//4866 2527//4866
f 2520//4867 2521//4867 2527//4867
f 2550//4868 2530//4868 2542//4868
f 2523//4869 2530//4869 2550//4869
f 2551//4870 2546//4870 2552//4870
f 2546//4871 2549//4871 2552//4871
f 2549//4872 2543//4872 2553//4872
f 2543//4873 2544//4873 2553//4873
f 2548//4874 2551//4874 2554//4874
f 2553//4875 2544//4875 2555//4875
f 2544//4876 2535//4876 2555//4876
f 2551//4877 2552//4877 2556//4877
f 2552//4878 2557//4878 2556//4878
f 2552//4879 2549//4879 2557//4879
f 2549//4880 2553//4880 2557//4880
f 2554//4881 2551//4881 2558//4881
f 2551//4882 2556//4882 2558//4882
f 2555//4883 2535//4883 2559//4883
f 2535//4884 2547//4884 2562//4884
f 2547//4885 2560//4885 2562//4885
f 2557//4886 2553//4886 2561//4886
f 2553//4887 2555//4887 2561//4887
f 2559//4888 2535//4888 2562//4888
f 2554//4889 2558//4889 2563//4889
f 2558//4890 2556//4890 2564//4890
f 2558//4891 2564//4891 2563//4891
f 2556//4892 2557//4892 2564//4892
f 2557//4893 2565//4893 2564//4893
f 2557//4894 2561//4894 2565//4894
f 2555//4895 2559//4895 2568//4895
f 2554//4896 2563//4896 2566//4896
f 2565//4897 2561//4897 2567//4897
f 2561//4898 2555//4898 2568//4898
f 2561//4899 2568//4899 2567//4899
f 2566//4900 2563//4900 2569//4900
f 2563//4901 2564//4901 2570//4901
f 2563//4902 2570//4902 2569//4902
f 2564//4903 2565//4903 2570//4903
f 2566//4904 2569//4904 2571//4904
f 2570//4905 2565//4905 2572//4905
f 2565//4906 2567//4906 2572//4906
f 2562//4907 2560//4907 2573//4907
f 2548//4908 2545//4908 2551//4908
f 2545//4909 2546//4909 2551//4909
f 2547//4910 2538//4910 2560//4910
f 2574//4911 2554//4911 2566//4911
f 2575//4912 2554//4912 2574//4912
f 2548//4913 2554//4913 2575//4913
f 2576//4914 2570//4914 2577//4914
f 2570//4915 2572//4915 2577//4915
f 2572//4916 2567//4916 2578//4916
f 2567//4917 2568//4917 2578//4917
f 2571//4918 2576//4918 2579//4918
f 2578//4919 2568//4919 2580//4919
f 2568//4920 2559//4920 2580//4920
f 2576//4921 2577//4921 2581//4921
f 2577//4922 2582//4922 2581//4922
f 2577//4923 2572//4923 2582//4923
f 2572//4924 2578//4924 2582//4924
f 2562//4925 2573//4925 2584//4925
f 2579//4926 2576//4926 2583//4926
f 2576//4927 2581//4927 2583//4927
f 2559//4928 2562//4928 2587//4928
f 2562//4929 2584//4929 2587//4929
f 2582//4930 2578//4930 2585//4930
f 2578//4931 2580//4931 2585//4931
f 2580//4932 2559//4932 2586//4932
f 2559//4933 2587//4933 2586//4933
f 2579//4934 2583//4934 2588//4934
f 2583//4935 2581//4935 2589//4935
f 2583//4936 2589//4936 2588//4936
f 2581//4937 2582//4937 2589//4937
f 2582//4938 2590//4938 2589//4938
f 2582//4939 2585//4939 2590//4939
f 2580//4940 2586//4940 2593//4940
f 2579//4941 2588//4941 2591//4941
f 2590//4942 2585//4942 2592//4942
f 2585//4943 2580//4943 2593//4943
f 2585//4944 2593//4944 2592//4944
f 2591//4945 2588//4945 2594//4945
f 2588//4946 2589//4946 2595//4946
f 2588//4947 2595//4947 2594//4947
f 2589//4948 2590//4948 2595//4948
f 2591//4949 2594//4949 2596//4949
f 2595//4950 2590//4950 2597//4950
f 2590//4951 2592//4951 2597//4951
f 2571//4952 2569//4952 2576//4952
f 2569//4953 2570//4953 2576//4953
f 2598//4954 2579//4954 2591//4954
f 2599//4955 2579//4955 2598//4955
f 2571//4956 2579//4956 2599//4956
f 2600//4957 2595//4957 2601//4957
f 2595//4958 2597//4958 2601//4958
f 2597//4959 2592//4959 2602//4959
f 2592//4960 2593//4960 2602//4960
f 2596//4961 2600//4961 2604//4961
f 2602//4962 2593//4962 2605//4962
f 2593//4963 2586//4963 2605//4963
f 2600//4964 2601//4964 2606//4964
f 2601//4965 2607//4965 2606//4965
f 2601//4966 2597//4966 2607//4966
f 2597//4967 2602//4967 2607//4967
f 2604//4968 2600//4968 2608//4968
f 2600//4969 2606//4969 2608//4969
f 2605//4970 2586//4970 2609//4970
f 2586//4971 2587//4971 2611//4971
f 2587//4972 2603//4972 2611//4972
f 2607//4973 2602//4973 2610//4973
f 2602//4974 2605//4974 2610//4974
f 2609//4975 2586//4975 2611//4975
f 2611//4976 2603//4976 2612//4976
f 2604//4977 2608//4977 2613//4977
f 2608//4978 2606//4978 2614//4978
f 2608//4979 2614//4979 2613//4979
f 2606//4980 2607//4980 2614//4980
f 2607//4981 2615//4981 2614//4981
f 2607//4982 2610//4982 2615//4982
f 2605//4983 2609//4983 2618//4983
f 2604//4984 2613//4984 2616//4984
f 2615//4985 2610//4985 2617//4985
f 2610//4986 2605//4986 2618//4986
f 2610//4987 2618//4987 2617//4987
f 2616//4988 2613//4988 2619//4988
f 2613//4989 2614//4989 2620//4989
f 2613//4990 2620//4990 2619//4990
f 2614//4991 2615//4991 2620//4991
f 2616//4992 2619//4992 2621//4992
f 2620//4993 2615//4993 2622//4993
f 2615//4994 2617//4994 2622//4994
f 2596//4995 2594//4995 2600//4995
f 2594//4996 2595//4996 2600//4996
f 2587//4997 2584//4997 2603//4997
f 2603//4998 3547//4998 2612//4998
f 2612//4999 3547//4999 3553//4999
f 2623//5000 2604//5000 2616//5000
f 2624//5001 2604//5001 2623//5001
f 2596//5002 2604//5002 2624//5002
f 2625//5003 2620//5003 2626//5003
f 2620//5004 2622//5004 2626//5004
f 2622//5005 2617//5005 2627//5005
f 2617//5006 2618//5006 2627//5006
f 2621//5007 2625//5007 2628//5007
f 2627//5008 2618//5008 2629//5008
f 2618//5009 2609//5009 2629//5009
f 2625//5010 2626//5010 2630//5010
f 2626//5011 2631//5011 2630//5011
f 2626//5012 2622//5012 2631//5012
f 2622//5013 2627//5013 2631//5013
f 2628//5014 2625//5014 2632//5014
f 2625//5015 2630//5015 2632//5015
f 2611//5016 2612//5016 2633//5016
f 2611//5017 2633//5017 2635//5017
f 2631//5018 2627//5018 2634//5018
f 2627//5019 2629//5019 2634//5019
f 2609//5020 2611//5020 2635//5020
f 2628//5021 2632//5021 2636//5021
f 2632//5022 2630//5022 2637//5022
f 2632//5023 2637//5023 2636//5023
f 2630//5024 2631//5024 2637//5024
f 2631//5025 2638//5025 2637//5025
f 2631//5026 2634//5026 2638//5026
f 2629//5027 2609//5027 2641//5027
f 2628//5028 2636//5028 2639//5028
f 2638//5029 2634//5029 2640//5029
f 2634//5030 2629//5030 2641//5030
f 2634//5031 2641//5031 2640//5031
f 2641//5032 2609//5032 2642//5032
f 2609//5033 2635//5033 2642//5033
f 2639//5034 2636//5034 2643//5034
f 2636//5035 2637//5035 2644//5035
f 2636//5036 2644//5036 2643//5036
f 2637//5037 2638//5037 2644//5037
f 2639//5038 2643//5038 2645//5038
f 2644//5039 2638//5039 2646//5039
f 2638//5040 2640//5040 2646//5040
f 2621//5041 2619//5041 2625//5041
f 2619//5042 2620//5042 2625//5042
f 2612//5043 3553//5043 2633//5043
f 2633//5044 3553//5044 3559//5044
f 2647//5045 2628//5045 2639//5045
f 2648//5046 2628//5046 2647//5046
f 2621//5047 2628//5047 2648//5047
f 2649//5048 2644//5048 2650//5048
f 2644//5049 2646//5049 2650//5049
f 2646//5050 2640//5050 2651//5050
f 2640//5051 2641//5051 2651//5051
f 2645//5052 2649//5052 2652//5052
f 2651//5053 2641//5053 2653//5053
f 2641//5054 2642//5054 2653//5054
f 2649//5055 2650//5055 2654//5055
f 2650//5056 2655//5056 2654//5056
f 2650//5057 2646//5057 2655//5057
f 2646//5058 2651//5058 2655//5058
f 2652//5059 2649//5059 2656//5059
f 2649//5060 2654//5060 2656//5060
f 2635//5061 2633//5061 2657//5061
f 2655//5062 2651//5062 2658//5062
f 2651//5063 2653//5063 2658//5063
f 2642//5064 2635//5064 2665//5064
f 2635//5065 2657//5065 2665//5065
f 2652//5066 2656//5066 2659//5066
f 2656//5067 2654//5067 2660//5067
f 2656//5068 2660//5068 2659//5068
f 2654//5069 2655//5069 2660//5069
f 2655//5070 2661//5070 2660//5070
f 2655//5071 2658//5071 2661//5071
f 2653//5072 2642//5072 2664//5072
f 2652//5073 2659//5073 2662//5073
f 2661//5074 2658//5074 2663//5074
f 2658//5075 2653//5075 2664//5075
f 2658//5076 2664//5076 2663//5076
f 2664//5077 2642//5077 2665//5077
f 2662//5078 2659//5078 2666//5078
f 2659//5079 2660//5079 2667//5079
f 2659//5080 2667//5080 2666//5080
f 2660//5081 2661//5081 2667//5081
f 2665//5082 2657//5082 2669//5082
f 2657//5083 2668//5083 2669//5083
f 2662//5084 2666//5084 2670//5084
f 2667//5085 2661//5085 2671//5085
f 2661//5086 2663//5086 2671//5086
f 2645//5087 2643//5087 2649//5087
f 2643//5088 2644//5088 2649//5088
f 2633//5089 3559//5089 2657//5089
f 2657//5090 3561//5090 2668//5090
f 2672//5091 2652//5091 2662//5091
f 2673//5092 2652//5092 2672//5092
f 2645//5093 2652//5093 2673//5093
f 2674//5094 2667//5094 2675//5094
f 2667//5095 2671//5095 2675//5095
f 2671//5096 2663//5096 2676//5096
f 2663//5097 2664//5097 2676//5097
f 2670//5098 2674//5098 2677//5098
f 2676//5099 2664//5099 2678//5099
f 2664//5100 2665//5100 2678//5100
f 2674//5101 2675//5101 2679//5101
f 2675//5102 2680//5102 2679//5102
f 2675//5103 2671//5103 2680//5103
f 2671//5104 2676//5104 2680//5104
f 2677//5105 2674//5105 2681//5105
f 2674//5106 2679//5106 2681//5106
f 2669//5107 2668//5107 2683//5107
f 2680//5108 2676//5108 2682//5108
f 2676//5109 2678//5109 2682//5109
f 2665//5110 2669//5110 2683//5110
f 2677//5111 2681//5111 2684//5111
f 2681//5112 2679//5112 2685//5112
f 2681//5113 2685//5113 2684//5113
f 2679//5114 2680//5114 2685//5114
f 2680//5115 2686//5115 2685//5115
f 2680//5116 2682//5116 2686//5116
f 2678//5117 2665//5117 2689//5117
f 2677//5118 2684//5118 2687//5118
f 2686//5119 2682//5119 2688//5119
f 2682//5120 2678//5120 2689//5120
f 2682//5121 2689//5121 2688//5121
f 2689//5122 2665//5122 2690//5122
f 2665//5123 2683//5123 2690//5123
f 2687//5124 2684//5124 2691//5124
f 2684//5125 2685//5125 2692//5125
f 2684//5126 2692//5126 2691//5126
f 2685//5127 2686//5127 2692//5127
f 2683//5128 2668//5128 2693//5128
f 2687//5129 2691//5129 2694//5129
f 2692//5130 2686//5130 2695//5130
f 2686//5131 2688//5131 2695//5131
f 2670//5132 2666//5132 2674//5132
f 2666//5133 2667//5133 2674//5133
f 2668//5134 3561//5134 2696//5134
f 2668//5135 2696//5135 2693//5135
f 2697//5136 2677//5136 2687//5136
f 2698//5137 2677//5137 2697//5137
f 2670//5138 2677//5138 2698//5138
f 2699//5139 2692//5139 2700//5139
f 2692//5140 2695//5140 2700//5140
f 2695//5141 2688//5141 2701//5141
f 2688//5142 2689//5142 2701//5142
f 2694//5143 2699//5143 2702//5143
f 2701//5144 2689//5144 2703//5144
f 2689//5145 2690//5145 2703//5145
f 2699//5146 2700//5146 2704//5146
f 2700//5147 2705//5147 2704//5147
f 2700//5148 2695//5148 2705//5148
f 2695//5149 2701//5149 2705//5149
f 2702//5150 2699//5150 2706//5150
f 2699//5151 2704//5151 2706//5151
f 2683//5152 2693//5152 2708//5152
f 2705//5153 2701//5153 2707//5153
f 2701//5154 2703//5154 2707//5154
f 2690//5155 2683//5155 2708//5155
f 2708//5156 2693//5156 2709//5156
f 2702//5157 2706//5157 2710//5157
f 2706//5158 2704//5158 2711//5158
f 2706//5159 2711//5159 2710//5159
f 2704//5160 2705//5160 2711//5160
f 2705//5161 2712//5161 2711//5161
f 2705//5162 2707//5162 2712//5162
f 2703//5163 2690//5163 2715//5163
f 2702//5164 2710//5164 2713//5164
f 2712//5165 2707//5165 2714//5165
f 2707//5166 2703//5166 2715//5166
f 2707//5167 2715//5167 2714//5167
f 2715//5168 2690//5168 2716//5168
f 2690//5169 2708//5169 2716//5169
f 2713//5170 2710//5170 2717//5170
f 2710//5171 2711//5171 2718//5171
f 2710//5172 2718//5172 2717//5172
f 2711//5173 2712//5173 2718//5173
f 2713//5174 2717//5174 2719//5174
f 2718//5175 2712//5175 2720//5175
f 2712//5176 2714//5176 2720//5176
f 2694//5177 2691//5177 2699//5177
f 2691//5178 2692//5178 2699//5178
f 2693//5179 3573//5179 2709//5179
f 2721//5180 2702//5180 2713//5180
f 2722//5181 2702//5181 2721//5181
f 2694//5182 2702//5182 2722//5182
f 2723//5183 2718//5183 2724//5183
f 2718//5184 2720//5184 2724//5184
f 2720//5185 2714//5185 2725//5185
f 2714//5186 2715//5186 2725//5186
f 2719//5187 2723//5187 2727//5187
f 2725//5188 2715//5188 2728//5188
f 2715//5189 2716//5189 2728//5189
f 2723//5190 2724//5190 2729//5190
f 2724//5191 2730//5191 2729//5191
f 2724//5192 2720//5192 2730//5192
f 2720//5193 2725//5193 2730//5193
f 2727//5194 2723//5194 2731//5194
f 2723//5195 2729//5195 2731//5195
f 2708//5196 2726//5196 2733//5196
f 2730//5197 2725//5197 2732//5197
f 2725//5198 2728//5198 2732//5198
f 2716//5199 2708//5199 2733//5199
f 2727//5200 2731//5200 2734//5200
f 2731//5201 2729//5201 2735//5201
f 2731//5202 2735//5202 2734//5202
f 2729//5203 2730//5203 2735//5203
f 2730//5204 2736//5204 2735//5204
f 2730//5205 2732//5205 2736//5205
f 2728//5206 2716//5206 2737//5206
f 2727//5207 2734//5207 2738//5207
f 2736//5208 2732//5208 2744//5208
f 2732//5209 2739//5209 2744//5209
f 2732//5210 2728//5210 2739//5210
f 2728//5211 2737//5211 2739//5211
f 2716//5212 2733//5212 2737//5212
f 2738//5213 2734//5213 2740//5213
f 2734//5214 2735//5214 2741//5214
f 2734//5215 2741//5215 2740//5215
f 2735//5216 2736//5216 2741//5216
f 2733//5217 2726//5217 2742//5217
f 2726//5218 2745//5218 2742//5218
f 2738//5219 2740//5219 2743//5219
f 2741//5220 2736//5220 2744//5220
f 2719//5221 2717//5221 2723//5221
f 2717//5222 2718//5222 2723//5222
f 2708//5223 2709//5223 2726//5223
f 2726//5224 2709//5224 2745//5224
f 2733//5225 2742//5225 2751//5225
f 2737//5226 2733//5226 2751//5226
f 2746//5227 2727//5227 2738//5227
f 2747//5228 2727//5228 2746//5228
f 2719//5229 2727//5229 2747//5229
f 2748//5230 2741//5230 2749//5230
f 2741//5231 2744//5231 2749//5231
f 2744//5232 2739//5232 2750//5232
f 2743//5233 2748//5233 2752//5233
f 2750//5234 2739//5234 2753//5234
f 2739//5235 2737//5235 2753//5235
f 2737//5236 2751//5236 2753//5236
f 2748//5237 2749//5237 2754//5237
f 2749//5238 2755//5238 2754//5238
f 2749//5239 2744//5239 2755//5239
f 2744//5240 2756//5240 2755//5240
f 2744//5241 2750//5241 2756//5241
f 2752//5242 2748//5242 2757//5242
f 2748//5243 2754//5243 2757//5243
f 2751//5244 2742//5244 2758//5244
f 2752//5245 2757//5245 2759//5245
f 2757//5246 2754//5246 2760//5246
f 2757//5247 2760//5247 2759//5247
f 2754//5248 2755//5248 2760//5248
f 2755//5249 2761//5249 2760//5249
f 2755//5250 2756//5250 2761//5250
f 2753//5251 2751//5251 2762//5251
f 2752//5252 2759//5252 2763//5252
f 2756//5253 2750//5253 2768//5253
f 2750//5254 2753//5254 2764//5254
f 2750//5255 2764//5255 2768//5255
f 2753//5256 2762//5256 2764//5256
f 2751//5257 2758//5257 2762//5257
f 2763//5258 2759//5258 2766//5258
f 2759//5259 2760//5259 2767//5259
f 2759//5260 2767//5260 2766//5260
f 2760//5261 2761//5261 2767//5261
f 2761//5262 2756//5262 2768//5262
f 2742//5263 2765//5263 2758//5263
f 2767//5264 2761//5264 2769//5264
f 2761//5265 2768//5265 2769//5265
f 2743//5266 2740//5266 2748//5266
f 2740//5267 2741//5267 2748//5267
f 2742//5268 2745//5268 2770//5268
f 2742//5269 2770//5269 2765//5269
f 2762//5270 2758//5270 2777//5270
f 2772//5271 2752//5271 2763//5271
f 2772//5272 2763//5272 2771//5272
f 2773//5273 2752//5273 2772//5273
f 2743//5274 2752//5274 2773//5274
f 2774//5275 2767//5275 2775//5275
f 2767//5276 2769//5276 2775//5276
f 2769//5277 2768//5277 2776//5277
f 2768//5278 2764//5278 2776//5278
f 2763//5279 2774//5279 2778//5279
f 2776//5280 2764//5280 2779//5280
f 2764//5281 2762//5281 2779//5281
f 2762//5282 2777//5282 2779//5282
f 2774//5283 2775//5283 2780//5283
f 2775//5284 2781//5284 2780//5284
f 2775//5285 2769//5285 2781//5285
f 2769//5286 2776//5286 2781//5286
f 2778//5287 2774//5287 2782//5287
f 2774//5288 2780//5288 2782//5288
f 2777//5289 2758//5289 2783//5289
f 2758//5290 2765//5290 2783//5290
f 2781//5291 2776//5291 2784//5291
f 2776//5292 2779//5292 2784//5292
f 2777//5293 2783//5293 2791//5293
f 2778//5294 2782//5294 2785//5294
f 2782//5295 2780//5295 2786//5295
f 2782//5296 2786//5296 2785//5296
f 2780//5297 2781//5297 2786//5297
f 2781//5298 2787//5298 2786//5298
f 2781//5299 2784//5299 2787//5299
f 2779//5300 2777//5300 2790//5300
f 2778//5301 2785//5301 2788//5301
f 2787//5302 2784//5302 2796//5302
f 2784//5303 2789//5303 2796//5303
f 2784//5304 2779//5304 2790//5304
f 2784//5305 2790//5305 2789//5305
f 2790//5306 2777//5306 2791//5306
f 2788//5307 2785//5307 2792//5307
f 2785//5308 2786//5308 2793//5308
f 2785//5309 2793//5309 2792//5309
f 2786//5310 2787//5310 2793//5310
f 2791//5311 2783//5311 2794//5311
f 2788//5312 2792//5312 2795//5312
f 2793//5313 2787//5313 2796//5313
f 2763//5314 2766//5314 2774//5314
f 2766//5315 2767//5315 2774//5315
f 2783//5316 2765//5316 2803//5316
f 2797//5317 2788//5317 2795//5317
f 2798//5318 2778//5318 2788//5318
f 2798//5319 2788//5319 2797//5319
f 2799//5320 2778//5320 2798//5320
f 2763//5321 2778//5321 2799//5321
f 2800//5322 2793//5322 2801//5322
f 2793//5323 2796//5323 2801//5323
f 2796//5324 2789//5324 2802//5324
f 2789//5325 2790//5325 2802//5325
f 2794//5326 2783//5326 2803//5326
f 2802//5327 2790//5327 2805//5327
f 2790//5328 2791//5328 2805//5328
f 2800//5329 2801//5329 2806//5329
f 2801//5330 2796//5330 2807//5330
f 2801//5331 2807//5331 2806//5331
f 2796//5332 2802//5332 2807//5332
f 2804//5333 2795//5333 2808//5333
f 2795//5334 2800//5334 2808//5334
f 2800//5335 2806//5335 2808//5335
f 2794//5336 2803//5336 2809//5336
f 2791//5337 2794//5337 2809//5337
f 2804//5338 2808//5338 2810//5338
f 2808//5339 2806//5339 2811//5339
f 2808//5340 2811//5340 2810//5340
f 2806//5341 2807//5341 2812//5341
f 2806//5342 2812//5342 2811//5342
f 2807//5343 2802//5343 2812//5343
f 2805//5344 2791//5344 2816//5344
f 2809//5345 2803//5345 2813//5345
f 2804//5346 2810//5346 2814//5346
f 2812//5347 2802//5347 2815//5347
f 2802//5348 2805//5348 2816//5348
f 2802//5349 2816//5349 2815//5349
f 2816//5350 2791//5350 2817//5350
f 2791//5351 2809//5351 2817//5351
f 2814//5352 2810//5352 2818//5352
f 2810//5353 2811//5353 2819//5353
f 2810//5354 2819//5354 2818//5354
f 2811//5355 2812//5355 2819//5355
f 2814//5356 2818//5356 2820//5356
f 2819//5357 2812//5357 2821//5357
f 2812//5358 2815//5358 2821//5358
f 2792//5359 2800//5359 2795//5359
f 2792//5360 2793//5360 2800//5360
f 2803//5361 3595//5361 2813//5361
f 2822//5362 2804//5362 2814//5362
f 2823//5363 2804//5363 2822//5363
f 2797//5364 2795//5364 2804//5364
f 2797//5365 2804//5365 2823//5365
f 2824//5366 2819//5366 2825//5366
f 2819//5367 2821//5367 2825//5367
f 2821//5368 2815//5368 2826//5368
f 2815//5369 2816//5369 2826//5369
f 2820//5370 2824//5370 2827//5370
f 2826//5371 2816//5371 2828//5371
f 2816//5372 2817//5372 2828//5372
f 2824//5373 2825//5373 2829//5373
f 2825//5374 2830//5374 2829//5374
f 2825//5375 2821//5375 2830//5375
f 2821//5376 2831//5376 2830//5376
f 2821//5377 2826//5377 2831//5377
f 2809//5378 2813//5378 2832//5378
f 2827//5379 2824//5379 2833//5379
f 2824//5380 2829//5380 2833//5380
f 2809//5381 2832//5381 2834//5381
f 2817//5382 2809//5382 2834//5382
f 2827//5383 2833//5383 2835//5383
f 2833//5384 2829//5384 2836//5384
f 2833//5385 2836//5385 2835//5385
f 2829//5386 2830//5386 2836//5386
f 2830//5387 2837//5387 2836//5387
f 2830//5388 2831//5388 2837//5388
f 2828//5389 2817//5389 2839//5389
f 2827//5390 2835//5390 2838//5390
f 2831//5391 2826//5391 2844//5391
f 2826//5392 2828//5392 2839//5392
f 2826//5393 2839//5393 2844//5393
f 2839//5394 2817//5394 2840//5394
f 2817//5395 2834//5395 2840//5395
f 2838//5396 2835//5396 2842//5396
f 2835//5397 2836//5397 2843//5397
f 2835//5398 2843//5398 2842//5398
f 2836//5399 2837//5399 2843//5399
f 2837//5400 2831//5400 2844//5400
f 2832//5401 2841//5401 2834//5401
f 2838//5402 2842//5402 2845//5402
f 2843//5403 2837//5403 2846//5403
f 2837//5404 2844//5404 2846//5404
f 2820//5405 2818//5405 2824//5405
f 2818//5406 2819//5406 2824//5406
f 2813//5407 3602//5407 2832//5407
f 2832//5408 3602//5408 2841//5408
f 2847//5409 2827//5409 2838//5409
f 2820//5410 2827//5410 2847//5410
f 2848//5411 2843//5411 2849//5411
f 2843//5412 2846//5412 2849//5412
f 2846//5413 2844//5413 2850//5413
f 2844//5414 2839//5414 2850//5414
f 2845//5415 2848//5415 2851//5415
f 2850//5416 2839//5416 2852//5416
f 2839//5417 2840//5417 2852//5417
f 2848//5418 2849//5418 2853//5418
f 2849//5419 2846//5419 2854//5419
f 2849//5420 2854//5420 2853//5420
f 2846//5421 2850//5421 2854//5421
f 2834//5422 2841//5422 2855//5422
f 2851//5423 2848//5423 2856//5423
f 2848//5424 2853//5424 2856//5424
f 2854//5425 2850//5425 2857//5425
f 2850//5426 2852//5426 2857//5426
f 2834//5427 2855//5427 2868//5427
f 2851//5428 2856//5428 2858//5428
f 2856//5429 2853//5429 2859//5429
f 2856//5430 2859//5430 2858//5430
f 2853//5431 2854//5431 2859//5431
f 2852//5432 2840//5432 2860//5432
f 2840//5433 2834//5433 2868//5433
f 2851//5434 2858//5434 2861//5434
f 2854//5435 2857//5435 2862//5435
f 2857//5436 2863//5436 2862//5436
f 2857//5437 2852//5437 2864//5437
f 2857//5438 2864//5438 2863//5438
f 2852//5439 2860//5439 2864//5439
f 2861//5440 2858//5440 2865//5440
f 2858//5441 2859//5441 2866//5441
f 2858//5442 2866//5442 2865//5442
f 2859//5443 2867//5443 2866//5443
f 2859//5444 2854//5444 2867//5444
f 2854//5445 2862//5445 2867//5445
f 2860//5446 2840//5446 2868//5446
f 2861//5447 2865//5447 2869//5447
f 2865//5448 2866//5448 2869//5448
f 2868//5449 2855//5449 2870//5449
f 2845//5450 2842//5450 2848//5450
f 2842//5451 2843//5451 2848//5451
f 2872//5452 2851//5452 2861//5452
f 2872//5453 2861//5453 2871//5453
f 2873//5454 2851//5454 2872//5454
f 2845//5455 2851//5455 2873//5455
f 2869//5456 2866//5456 2874//5456
f 2866//5457 2867//5457 2874//5457
f 2867//5458 2875//5458 2874//5458
f 2867//5459 2862//5459 2875//5459
f 2860//5460 2868//5460 2876//5460
f 2861//5461 2869//5461 2877//5461
f 2869//5462 2878//5462 2877//5462
f 2869//5463 2874//5463 2878//5463
f 2864//5464 2860//5464 2879//5464
f 2860//5465 2876//5465 2879//5465
f 2862//5466 2863//5466 2880//5466
f 2862//5467 2880//5467 2875//5467
f 2863//5468 2864//5468 2880//5468
f 2864//5469 2879//5469 2880//5469
f 2868//5470 2870//5470 2876//5470
f 2881//5471 2882//5471 2893//5471
f 2885//5472 2884//5472 2886//5472
f 2884//5473 2881//5473 2887//5473
f 2884//5474 2887//5474 2886//5474
f 2882//5475 2883//5475 2888//5475
f 2890//5476 2889//5476 2885//5476
f 2885//5477 2886//5477 2890//5477
f 2889//5478 2890//5478 2891//5478
f 2889//5479 2891//5479 2892//5479
f 2887//5480 2881//5480 2893//5480
f 2893//5481 2882//5481 2894//5481
f 2882//5482 2895//5482 2894//5482
f 2882//5483 2888//5483 2895//5483
f 2891//5484 2890//5484 2896//5484
f 2890//5485 2897//5485 2896//5485
f 2890//5486 2886//5486 2897//5486
f 2886//5487 2898//5487 2897//5487
f 2886//5488 2887//5488 2898//5488
f 2893//5489 2894//5489 2901//5489
f 2892//5490 2891//5490 2899//5490
f 2898//5491 2887//5491 2900//5491
f 2887//5492 2893//5492 2901//5492
f 2887//5493 2901//5493 2900//5493
f 2899//5494 2891//5494 2902//5494
f 2891//5495 2896//5495 2902//5495
f 2896//5496 2897//5496 2903//5496
f 2896//5497 2903//5497 2902//5497
f 2897//5498 2898//5498 2903//5498
f 2895//5499 2888//5499 2904//5499
f 2899//5500 2902//5500 2905//5500
f 2903//5501 2898//5501 2906//5501
f 2898//5502 2900//5502 2906//5502
f 2907//5503 2899//5503 2905//5503
f 2907//5504 2905//5504 2932//5504
f 2908//5505 2892//5505 2899//5505
f 2908//5506 2899//5506 2907//5506
f 2908//5507 2889//5507 2892//5507
f 2909//5508 2903//5508 2910//5508
f 2903//5509 2906//5509 2910//5509
f 2906//5510 2900//5510 2911//5510
f 2900//5511 2901//5511 2911//5511
f 2911//5512 2901//5512 2913//5512
f 2901//5513 2894//5513 2913//5513
f 2909//5514 2910//5514 2914//5514
f 2910//5515 2915//5515 2914//5515
f 2910//5516 2906//5516 2915//5516
f 2906//5517 2911//5517 2915//5517
f 2912//5518 2905//5518 2916//5518
f 2905//5519 2909//5519 2916//5519
f 2909//5520 2914//5520 2916//5520
f 2913//5521 2894//5521 2917//5521
f 2894//5522 2895//5522 2920//5522
f 2895//5523 2918//5523 2920//5523
f 2895//5524 2904//5524 2918//5524
f 2915//5525 2911//5525 2919//5525
f 2911//5526 2913//5526 2919//5526
f 2917//5527 2894//5527 2920//5527
f 2912//5528 2916//5528 2921//5528
f 2916//5529 2914//5529 2922//5529
f 2916//5530 2922//5530 2921//5530
f 2914//5531 2915//5531 2922//5531
f 2915//5532 2923//5532 2922//5532
f 2915//5533 2919//5533 2923//5533
f 2913//5534 2917//5534 2926//5534
f 2912//5535 2921//5535 2924//5535
f 2923//5536 2919//5536 2925//5536
f 2919//5537 2913//5537 2926//5537
f 2919//5538 2926//5538 2925//5538
f 2924//5539 2921//5539 2927//5539
f 2921//5540 2922//5540 2928//5540
f 2921//5541 2928//5541 2927//5541
f 2922//5542 2923//5542 2928//5542
f 2924//5543 2927//5543 2929//5543
f 2928//5544 2923//5544 2930//5544
f 2923//5545 2925//5545 2930//5545
f 2902//5546 2909//5546 2905//5546
f 2902//5547 2903//5547 2909//5547
f 2931//5548 2912//5548 2924//5548
f 2932//5549 2912//5549 2931//5549
f 2932//5550 2905//5550 2912//5550
f 2933//5551 2928//5551 2934//5551
f 2928//5552 2930//5552 2934//5552
f 2930//5553 2925//5553 2935//5553
f 2925//5554 2926//5554 2935//5554
f 2936//5555 2918//5555 2937//5555
f 2929//5556 2933//5556 2938//5556
f 2935//5557 2926//5557 2939//5557
f 2926//5558 2917//5558 2939//5558
f 2933//5559 2934//5559 2940//5559
f 2934//5560 2941//5560 2940//5560
f 2934//5561 2930//5561 2941//5561
f 2930//5562 2935//5562 2941//5562
f 2938//5563 2933//5563 2942//5563
f 2933//5564 2940//5564 2942//5564
f 2941//5565 2935//5565 2943//5565
f 2935//5566 2939//5566 2943//5566
f 2917//5567 2920//5567 2944//5567
f 2920//5568 2936//5568 2944//5568
f 2938//5569 2942//5569 2945//5569
f 2942//5570 2940//5570 2946//5570
f 2942//5571 2946//5571 2945//5571
f 2940//5572 2941//5572 2946//5572
f 2941//5573 2947//5573 2946//5573
f 2941//5574 2943//5574 2947//5574
f 2939//5575 2917//5575 2948//5575
f 2938//5576 2945//5576 2949//5576
f 2947//5577 2943//5577 2954//5577
f 2943//5578 2950//5578 2954//5578
f 2943//5579 2939//5579 2950//5579
f 2939//5580 2948//5580 2950//5580
f 2917//5581 2944//5581 2948//5581
f 2949//5582 2945//5582 2951//5582
f 2945//5583 2946//5583 2952//5583
f 2945//5584 2952//5584 2951//5584
f 2946//5585 2947//5585 2952//5585
f 2949//5586 2951//5586 2953//5586
f 2952//5587 2947//5587 2954//5587
f 2929//5588 2927//5588 2933//5588
f 2927//5589 2928//5589 2933//5589
f 2920//5590 2918//5590 2936//5590
f 2936//5591 2937//5591 3632//5591
f 2936//5592 3632//5592 2960//5592
f 2955//5593 2938//5593 2949//5593
f 2956//5594 2938//5594 2955//5594
f 2929//5595 2938//5595 2956//5595
f 2957//5596 2952//5596 2958//5596
f 2952//5597 2954//5597 2958//5597
f 2954//5598 2950//5598 2959//5598
f 2953//5599 2957//5599 2961//5599
f 2959//5600 2950//5600 2962//5600
f 2950//5601 2948//5601 2962//5601
f 2957//5602 2958//5602 2963//5602
f 2958//5603 2964//5603 2963//5603
f 2958//5604 2954//5604 2964//5604
f 2954//5605 2959//5605 2964//5605
f 2961//5606 2957//5606 2965//5606
f 2957//5607 2963//5607 2965//5607
f 2962//5608 2948//5608 2966//5608
f 2948//5609 2944//5609 2966//5609
f 2944//5610 2960//5610 2968//5610
f 2964//5611 2959//5611 2967//5611
f 2959//5612 2962//5612 2967//5612
f 2966//5613 2944//5613 2968//5613
f 2961//5614 2965//5614 2969//5614
f 2965//5615 2963//5615 2970//5615
f 2965//5616 2970//5616 2969//5616
f 2963//5617 2964//5617 2970//5617
f 2964//5618 2971//5618 2970//5618
f 2964//5619 2967//5619 2971//5619
f 2962//5620 2966//5620 2974//5620
f 2961//5621 2969//5621 2972//5621
f 2971//5622 2967//5622 2973//5622
f 2967//5623 2962//5623 2974//5623
f 2967//5624 2974//5624 2973//5624
f 2972//5625 2969//5625 2975//5625
f 2969//5626 2970//5626 2976//5626
f 2969//5627 2976//5627 2975//5627
f 2970//5628 2971//5628 2976//5628
f 2968//5629 2960//5629 2977//5629
f 2972//5630 2975//5630 2978//5630
f 2976//5631 2971//5631 2979//5631
f 2971//5632 2973//5632 2979//5632
f 2953//5633 2951//5633 2957//5633
f 2951//5634 2952//5634 2957//5634
f 2944//5635 2936//5635 2960//5635
f 2977//5636 2960//5636 3644//5636
f 2980//5637 2961//5637 2972//5637
f 2981//5638 2961//5638 2980//5638
f 2953//5639 2961//5639 2981//5639
f 2982//5640 2976//5640 2983//5640
f 2976//5641 2979//5641 2983//5641
f 2979//5642 2973//5642 2984//5642
f 2973//5643 2974//5643 2984//5643
f 2978//5644 2982//5644 2985//5644
f 2984//5645 2974//5645 2986//5645
f 2974//5646 2966//5646 2986//5646
f 2982//5647 2983//5647 2987//5647
f 2983//5648 2988//5648 2987//5648
f 2983//5649 2979//5649 2988//5649
f 2979//5650 2984//5650 2988//5650
f 2985//5651 2982//5651 2989//5651
f 2982//5652 2987//5652 2989//5652
f 2968//5653 2977//5653 2991//5653
f 2988//5654 2984//5654 2990//5654
f 2984//5655 2986//5655 2990//5655
f 2986//5656 2966//5656 2996//5656
f 2966//5657 2968//5657 2991//5657
f 2966//5658 2991//5658 2996//5658
f 2991//5659 2977//5659 2992//5659
f 2985//5660 2989//5660 2993//5660
f 2989//5661 2987//5661 2994//5661
f 2989//5662 2994//5662 2993//5662
f 2987//5663 2988//5663 2994//5663
f 2988//5664 2995//5664 2994//5664
f 2988//5665 2990//5665 2995//5665
f 2985//5666 2993//5666 2997//5666
f 2995//5667 2990//5667 3002//5667
f 2990//5668 2998//5668 3002//5668
f 2990//5669 2986//5669 2998//5669
f 2986//5670 2996//5670 2998//5670
f 2997//5671 2993//5671 2999//5671
f 2993//5672 2994//5672 3000//5672
f 2993//5673 3000//5673 2999//5673
f 2994//5674 2995//5674 3000//5674
f 2997//5675 2999//5675 3001//5675
f 3000//5676 2995//5676 3002//5676
f 2978//5677 2975//5677 2982//5677
f 2975//5678 2976//5678 2982//5678
f 2977//5679 3644//5679 2992//5679
f 2992//5680 3644//5680 3652//5680
f 3003//5681 2985//5681 2997//5681
f 3004//5682 2985//5682 3003//5682
f 2978//5683 2985//5683 3004//5683
f 3005//5684 3000//5684 3006//5684
f 3000//5685 3002//5685 3006//5685
f 3002//5686 2998//5686 3007//5686
f 3001//5687 3005//5687 3008//5687
f 3007//5688 2998//5688 3009//5688
f 2998//5689 2996//5689 3009//5689
f 3005//5690 3006//5690 3010//5690
f 3006//5691 3011//5691 3010//5691
f 3006//5692 3002//5692 3011//5692
f 3002//5693 3007//5693 3011//5693
f 3008//5694 3005//5694 3012//5694
f 3005//5695 3010//5695 3012//5695
f 2991//5696 2992//5696 3015//5696
f 3011//5697 3007//5697 3013//5697
f 3007//5698 3009//5698 3013//5698
f 3009//5699 2996//5699 3014//5699
f 2996//5700 2991//5700 3015//5700
f 2996//5701 3015//5701 3014//5701
f 3008//5702 3012//5702 3016//5702
f 3012//5703 3010//5703 3017//5703
f 3012//5704 3017//5704 3016//5704
f 3010//5705 3011//5705 3017//5705
f 3011//5706 3018//5706 3017//5706
f 3011//5707 3013//5707 3018//5707
f 3009//5708 3014//5708 3022//5708
f 3015//5709 2992//5709 3019//5709
f 3008//5710 3016//5710 3020//5710
f 3018//5711 3013//5711 3021//5711
f 3013//5712 3009//5712 3022//5712
f 3013//5713 3022//5713 3021//5713
f 3020//5714 3016//5714 3023//5714
f 3016//5715 3017//5715 3024//5715
f 3016//5716 3024//5716 3023//5716
f 3017//5717 3018//5717 3024//5717
f 3020//5718 3023//5718 3025//5718
f 3024//5719 3018//5719 3026//5719
f 3018//5720 3021//5720 3026//5720
f 3001//5721 2999//5721 3005//5721
f 2999//5722 3000//5722 3005//5722
f 2992//5723 3652//5723 3653//5723
f 2992//5724 3653//5724 3019//5724
f 3027//5725 3008//5725 3020//5725
f 3028//5726 3008//5726 3027//5726
f 3001//5727 3008//5727 3028//5727
f 3029//5728 3024//5728 3030//5728
f 3024//5729 3026//5729 3030//5729
f 3026//5730 3021//5730 3031//5730
f 3021//5731 3022//5731 3031//5731
f 3015//5732 3019//5732 3032//5732
f 3025//5733 3029//5733 3033//5733
f 3031//5734 3022//5734 3034//5734
f 3022//5735 3014//5735 3034//5735
f 3029//5736 3030//5736 3035//5736
f 3030//5737 3036//5737 3035//5737
f 3030//5738 3026//5738 3036//5738
f 3026//5739 3031//5739 3036//5739
f 3033//5740 3029//5740 3037//5740
f 3029//5741 3035//5741 3037//5741
f 3034//5742 3014//5742 3038//5742
f 3014//5743 3015//5743 3040//5743
f 3015//5744 3032//5744 3040//5744
f 3036//5745 3031//5745 3039//5745
f 3031//5746 3034//5746 3039//5746
f 3038//5747 3014//5747 3040//5747
f 3033//5748 3037//5748 3041//5748
f 3037//5749 3035//5749 3042//5749
f 3037//5750 3042//5750 3041//5750
f 3035//5751 3036//5751 3042//5751
f 3036//5752 3043//5752 3042//5752
f 3036//5753 3039//5753 3043//5753
f 3034//5754 3038//5754 3046//5754
f 3033//5755 3041//5755 3044//5755
f 3043//5756 3039//5756 3045//5756
f 3039//5757 3034//5757 3046//5757
f 3039//5758 3046//5758 3045//5758
f 3044//5759 3041//5759 3047//5759
f 3041//5760 3042//5760 3048//5760
f 3041//5761 3048//5761 3047//5761
f 3042//5762 3043//5762 3048//5762
f 3040//5763 3032//5763 3049//5763
f 3044//5764 3047//5764 3050//5764
f 3048//5765 3043//5765 3051//5765
f 3043//5766 3045//5766 3051//5766
f 3025//5767 3023//5767 3029//5767
f 3023//5768 3024//5768 3029//5768
f 3019//5769 3653//5769 3032//5769
f 3032//5770 3052//5770 3049//5770
f 3053//5771 3033//5771 3044//5771
f 3054//5772 3033//5772 3053//5772
f 3025//5773 3033//5773 3054//5773
f 3055//5774 3048//5774 3056//5774
f 3048//5775 3051//5775 3056//5775
f 3051//5776 3045//5776 3057//5776
f 3045//5777 3046//5777 3057//5777
f 3050//5778 3055//5778 3058//5778
f 3057//5779 3046//5779 3059//5779
f 3046//5780 3038//5780 3059//5780
f 3055//5781 3056//5781 3060//5781
f 3056//5782 3061//5782 3060//5782
f 3056//5783 3051//5783 3061//5783
f 3051//5784 3057//5784 3061//5784
f 3058//5785 3055//5785 3062//5785
f 3055//5786 3060//5786 3062//5786
f 3040//5787 3049//5787 3063//5787
f 3038//5788 3040//5788 3064//5788
f 3040//5789 3063//5789 3064//5789
f 3061//5790 3057//5790 3065//5790
f 3057//5791 3059//5791 3065//5791
f 3038//5792 3064//5792 3072//5792
f 3058//5793 3062//5793 3066//5793
f 3062//5794 3060//5794 3067//5794
f 3062//5795 3067//5795 3066//5795
f 3060//5796 3061//5796 3067//5796
f 3061//5797 3068//5797 3067//5797
f 3061//5798 3065//5798 3068//5798
f 3059//5799 3038//5799 3071//5799
f 3058//5800 3066//5800 3069//5800
f 3068//5801 3065//5801 3070//5801
f 3065//5802 3059//5802 3071//5802
f 3065//5803 3071//5803 3070//5803
f 3071//5804 3038//5804 3072//5804
f 3069//5805 3066//5805 3073//5805
f 3066//5806 3067//5806 3074//5806
f 3066//5807 3074//5807 3073//5807
f 3067//5808 3068//5808 3074//5808
f 3072//5809 3064//5809 3075//5809
f 3069//5810 3073//5810 3076//5810
f 3074//5811 3068//5811 3077//5811
f 3068//5812 3070//5812 3077//5812
f 3050//5813 3047//5813 3055//5813
f 3047//5814 3048//5814 3055//5814
f 3078//5815 3058//5815 3069//5815
f 3050//5816 3058//5816 3078//5816
f 4053//5817 3080//5817 3079//5817
f 3079//5818 3080//5818 3081//5818
f 3081//5819 3080//5819 3083//5819
f 3082//5820 3081//5820 3083//5820
f 3082//5821 3083//5821 3084//5821
f 3084//5822 3083//5822 3085//5822
f 3083//5823 3086//5823 3085//5823
f 3084//5824 3085//5824 3725//5824
f 3087//5825 3074//5825 3088//5825
f 3074//5826 3077//5826 3088//5826
f 3077//5827 3070//5827 3089//5827
f 3070//5828 3071//5828 3089//5828
f 3076//5829 3087//5829 3091//5829
f 3089//5830 3071//5830 3092//5830
f 3071//5831 3072//5831 3092//5831
f 3087//5832 3088//5832 3093//5832
f 3088//5833 3094//5833 3093//5833
f 3088//5834 3077//5834 3094//5834
f 3077//5835 3089//5835 3094//5835
f 3091//5836 3087//5836 3095//5836
f 3087//5837 3093//5837 3095//5837
f 3075//5838 3064//5838 3096//5838
f 3064//5839 3090//5839 3096//5839
f 3094//5840 3089//5840 3097//5840
f 3089//5841 3092//5841 3097//5841
f 3072//5842 3075//5842 3104//5842
f 3075//5843 3096//5843 3104//5843
f 3091//5844 3095//5844 3098//5844
f 3095//5845 3093//5845 3099//5845
f 3095//5846 3099//5846 3098//5846
f 3093//5847 3094//5847 3099//5847
f 3094//5848 3100//5848 3099//5848
f 3094//5849 3097//5849 3100//5849
f 3092//5850 3072//5850 3103//5850
f 3091//5851 3098//5851 3101//5851
f 3100//5852 3097//5852 3102//5852
f 3097//5853 3092//5853 3103//5853
f 3097//5854 3103//5854 3102//5854
f 3103//5855 3072//5855 3104//5855
f 3101//5856 3098//5856 3105//5856
f 3098//5857 3099//5857 3106//5857
f 3098//5858 3106//5858 3105//5858
f 3099//5859 3100//5859 3106//5859
f 3104//5860 3096//5860 3107//5860
f 3101//5861 3105//5861 3108//5861
f 3106//5862 3100//5862 3109//5862
f 3100//5863 3102//5863 3109//5863
f 3076//5864 3073//5864 3087//5864
f 3073//5865 3074//5865 3087//5865
f 3064//5866 3063//5866 3090//5866
f 3096//5867 3090//5867 3110//5867
f 3111//5868 3091//5868 3101//5868
f 3112//5869 3091//5869 3111//5869
f 3076//5870 3091//5870 3112//5870
f 3113//5871 3106//5871 3114//5871
f 3106//5872 3109//5872 3114//5872
f 3109//5873 3102//5873 3115//5873
f 3102//5874 3103//5874 3115//5874
f 3108//5875 3113//5875 3117//5875
f 3115//5876 3103//5876 3118//5876
f 3103//5877 3104//5877 3118//5877
f 3113//5878 3114//5878 3119//5878
f 3114//5879 3120//5879 3119//5879
f 3114//5880 3109//5880 3120//5880
f 3109//5881 3115//5881 3120//5881
f 3117//5882 3113//5882 3121//5882
f 3113//5883 3119//5883 3121//5883
f 3107//5884 3116//5884 2146//5884
f 3120//5885 3115//5885 3122//5885
f 3115//5886 3118//5886 3122//5886
f 3104//5887 3107//5887 2146//5887
f 3117//5888 3121//5888 3123//5888
f 3121//5889 3119//5889 3124//5889
f 3121//5890 3124//5890 3123//5890
f 3119//5891 3120//5891 3124//5891
f 3120//5892 3125//5892 3124//5892
f 3120//5893 3122//5893 3125//5893
f 3118//5894 3104//5894 3128//5894
f 3117//5895 3123//5895 3126//5895
f 3125//5896 3122//5896 3127//5896
f 3122//5897 3118//5897 3128//5897
f 3122//5898 3128//5898 3127//5898
f 3128//5899 3104//5899 2145//5899
f 3104//5900 2146//5900 2145//5900
f 3126//5901 3123//5901 3129//5901
f 3123//5902 3124//5902 3130//5902
f 3123//5903 3130//5903 3129//5903
f 3124//5904 3125//5904 3130//5904
f 2146//5905 3116//5905 2147//5905
f 3126//5906 3129//5906 2140//5906
f 3130//5907 3125//5907 2143//5907
f 3125//5908 3127//5908 2143//5908
f 3108//5909 3105//5909 3113//5909
f 3105//5910 3106//5910 3113//5910
f 3107//5911 3096//5911 3116//5911
f 3096//5912 3110//5912 3116//5912
f 3116//5913 3110//5913 3675//5913
f 3116//5914 3675//5914 2147//5914
f 3131//5915 3117//5915 3126//5915
f 3132//5916 3117//5916 3131//5916
f 3108//5917 3117//5917 3132//5917
f 3133//5918 2168//5918 3134//5918
f 2169//5919 3136//5919 3135//5919
f 2169//5920 3133//5920 3136//5920
f 3133//5921 3134//5921 3136//5921
f 3136//5922 3134//5922 3137//5922
f 3134//5923 3144//5923 3137//5923
f 3136//5924 3137//5924 3429//5924
f 3137//5925 3145//5925 3138//5925
f 3135//5926 3426//5926 3131//5926
f 3135//5927 3136//5927 3426//5927
f 3136//5928 3429//5928 3426//5928
f 3137//5929 3138//5929 3429//5929
f 3139//5930 2193//5930 3140//5930
f 2194//5931 3142//5931 3141//5931
f 2194//5932 3139//5932 3142//5932
f 3139//5933 3140//5933 3142//5933
f 3142//5934 3140//5934 3144//5934
f 3140//5935 3143//5935 3144//5935
f 3144//5936 3143//5936 3145//5936
f 3143//5937 3152//5937 3145//5937
f 3141//5938 3134//5938 2168//5938
f 3141//5939 3142//5939 3134//5939
f 3142//5940 3144//5940 3134//5940
f 3144//5941 3145//5941 3137//5941
f 3146//5942 3150//5942 3149//5942
f 3146//5943 3147//5943 3150//5943
f 3147//5944 3148//5944 3159//5944
f 3147//5945 3159//5945 3150//5945
f 3150//5946 3159//5946 3151//5946
f 3159//5947 3160//5947 3151//5947
f 3150//5948 3151//5948 3143//5948
f 3151//5949 3161//5949 3152//5949
f 3149//5950 3140//5950 2193//5950
f 3149//5951 3150//5951 3140//5951
f 3150//5952 3143//5952 3140//5952
f 3151//5953 3152//5953 3143//5953
f 3153//5954 3157//5954 3156//5954
f 3153//5955 3154//5955 3157//5955
f 3154//5956 3155//5956 3167//5956
f 3154//5957 3167//5957 3157//5957
f 3157//5958 3167//5958 3158//5958
f 3156//5959 3157//5959 3159//5959
f 3157//5960 3160//5960 3159//5960
f 3157//5961 3158//5961 3160//5961
f 3160//5962 3158//5962 3161//5962
f 3158//5963 3168//5963 3161//5963
f 3156//5964 3159//5964 3148//5964
f 3160//5965 3161//5965 3151//5965
f 3162//5966 2264//5966 3163//5966
f 2265//5967 3164//5967 3165//5967
f 2265//5968 3162//5968 3164//5968
f 3162//5969 3163//5969 3164//5969
f 3164//5970 3163//5970 3176//5970
f 3164//5971 3176//5971 3166//5971
f 3164//5972 3166//5972 3167//5972
f 3166//5973 3176//5973 3168//5973
f 3176//5974 3177//5974 3168//5974
f 3165//5975 3164//5975 3155//5975
f 3164//5976 3167//5976 3155//5976
f 3167//5977 3166//5977 3158//5977
f 3166//5978 3168//5978 3158//5978
f 3169//5979 3173//5979 3172//5979
f 3169//5980 3170//5980 3173//5980
f 3170//5981 3171//5981 3174//5981
f 3170//5982 3174//5982 3173//5982
f 3173//5983 3174//5983 3176//5983
f 3174//5984 3175//5984 3176//5984
f 3175//5985 3185//5985 3176//5985
f 3176//5986 3185//5986 3177//5986
f 3172//5987 3163//5987 2264//5987
f 3172//5988 3173//5988 3163//5988
f 3173//5989 3176//5989 3163//5989
f 3179//5990 3183//5990 3182//5990
f 3179//5991 3180//5991 3183//5991
f 3180//5992 3181//5992 3184//5992
f 3180//5993 3184//5993 3183//5993
f 3183//5994 3184//5994 3175//5994
f 3175//5995 3184//5995 3185//5995
f 3182//5996 3183//5996 3174//5996
f 3182//5997 3174//5997 3171//5997
f 3183//5998 3175//5998 3174//5998
f 3187//5999 3191//5999 3190//5999
f 3187//6000 3188//6000 3191//6000
f 3188//6001 3189//6001 3192//6001
f 3188//6002 3192//6002 3191//6002
f 3191//6003 3192//6003 3194//6003
f 3192//6004 3193//6004 3194//6004
f 3191//6005 3194//6005 3184//6005
f 3190//6006 3191//6006 3184//6006
f 3190//6007 3184//6007 3181//6007
f 3184//6008 3194//6008 3185//6008
f 3194//6009 3201//6009 3186//6009
f 3195//6010 3199//6010 3198//6010
f 3195//6011 3196//6011 3199//6011
f 3196//6012 3197//6012 3200//6012
f 3196//6013 3200//6013 3199//6013
f 3199//6014 3200//6014 3193//6014
f 3200//6015 3201//6015 3193//6015
f 3200//6016 3208//6016 3201//6016
f 3198//6017 3199//6017 3192//6017
f 3198//6018 3192//6018 3189//6018
f 3199//6019 3193//6019 3192//6019
f 3204//6020 3203//6020 3202//6020
f 2384//6021 3202//6021 3206//6021
f 2384//6022 3206//6022 3205//6022
f 3202//6023 3203//6023 3206//6023
f 3206//6024 3203//6024 3208//6024
f 3203//6025 3207//6025 3208//6025
f 3208//6026 3207//6026 3209//6026
f 3207//6027 3214//6027 3209//6027
f 3205//6028 3206//6028 3200//6028
f 3205//6029 3200//6029 3197//6029
f 3206//6030 3208//6030 3200//6030
f 3208//6031 3209//6031 3201//6031
f 3210//6032 3211//6032 3212//6032
f 3212//6033 3211//6033 3213//6033
f 3211//6034 3219//6034 3213//6034
f 3210//6035 3212//6035 3203//6035
f 3212//6036 3213//6036 3207//6036
f 3213//6037 3220//6037 3214//6037
f 3212//6038 3207//6038 3203//6038
f 3213//6039 3214//6039 3207//6039
f 3216//6040 3215//6040 3228//6040
f 3215//6041 3216//6041 3217//6041
f 3217//6042 3216//6042 3218//6042
f 3215//6043 3217//6043 3219//6043
f 3215//6044 3219//6044 3211//6044
f 3217//6045 3218//6045 3219//6045
f 3219//6046 3218//6046 3220//6046
f 3218//6047 3229//6047 3220//6047
f 3219//6048 3220//6048 3213//6048
f 3221//6049 3222//6049 3224//6049
f 2402//6050 2425//6050 3223//6050
f 2425//6051 3221//6051 3224//6051
f 2425//6052 3224//6052 3223//6052
f 3224//6053 3222//6053 3225//6053
f 3226//6054 3228//6054 3224//6054
f 3224//6055 3225//6055 3226//6055
f 3228//6056 3226//6056 3216//6056
f 3225//6057 3227//6057 3229//6057
f 3227//6058 3236//6058 3229//6058
f 3226//6059 3225//6059 3218//6059
f 3226//6060 3218//6060 3216//6060
f 3225//6061 3229//6061 3218//6061
f 3230//6062 2450//6062 3233//6062
f 2450//6063 3231//6063 3233//6063
f 3233//6064 3231//6064 3232//6064
f 3233//6065 3234//6065 3235//6065
f 3233//6066 3232//6066 3234//6066
f 3230//6067 3233//6067 3222//6067
f 3233//6068 3235//6068 3222//6068
f 3235//6069 3234//6069 3227//6069
f 3234//6070 3242//6070 3236//6070
f 3222//6071 3235//6071 3225//6071
f 3235//6072 3227//6072 3225//6072
f 3234//6073 3236//6073 3227//6073
f 2476//6074 3238//6074 3237//6074
f 3238//6075 2475//6075 3239//6075
f 3237//6076 3238//6076 3240//6076
f 3238//6077 3239//6077 3240//6077
f 3240//6078 3239//6078 3241//6078
f 3240//6079 3232//6079 3231//6079
f 3240//6080 3241//6080 3232//6080
f 3237//6081 3240//6081 3231//6081
f 3232//6082 3241//6082 3242//6082
f 3241//6083 3249//6083 3242//6083
f 3237//6084 3231//6084 2450//6084
f 3232//6085 3242//6085 3234//6085
f 3243//6086 2501//6086 3246//6086
f 2501//6087 3244//6087 3246//6087
f 2502//6088 3243//6088 3246//6088
f 2502//6089 3246//6089 3245//6089
f 3246//6090 3244//6090 3248//6090
f 3246//6091 3248//6091 3247//6091
f 3247//6092 3248//6092 3249//6092
f 3248//6093 3255//6093 3249//6093
f 3245//6094 3239//6094 2475//6094
f 3245//6095 3246//6095 3239//6095
f 3246//6096 3247//6096 3241//6096
f 3246//6097 3241//6097 3239//6097
f 3247//6098 3249//6098 3241//6098
f 2526//6099 3251//6099 3250//6099
f 3251//6100 2525//6100 3252//6100
f 3250//6101 3251//6101 3253//6101
f 3251//6102 3252//6102 3253//6102
f 3253//6103 3252//6103 3254//6103
f 3253//6104 3254//6104 3244//6104
f 3250//6105 3253//6105 3244//6105
f 3254//6106 3263//6106 3255//6106
f 3250//6107 3244//6107 2501//6107
f 3244//6108 3254//6108 3248//6108
f 3254//6109 3255//6109 3248//6109
f 3256//6110 3260//6110 3259//6110
f 3256//6111 3257//6111 3260//6111
f 3257//6112 3258//6112 3261//6112
f 3257//6113 3261//6113 3260//6113
f 3261//6114 3262//6114 3263//6114
f 3262//6115 3269//6115 3263//6115
f 3259//6116 3252//6116 2525//6116
f 3259//6117 3260//6117 3252//6117
f 3260//6118 3261//6118 3254//6118
f 3260//6119 3254//6119 3252//6119
f 3261//6120 3263//6120 3254//6120
f 3264//6121 2574//6121 3265//6121
f 2575//6122 3267//6122 3266//6122
f 2575//6123 3264//6123 3267//6123
f 3264//6124 3265//6124 3267//6124
f 3267//6125 3265//6125 3268//6125
f 3265//6126 3275//6126 3268//6126
f 3267//6127 3268//6127 3262//6127
f 3268//6128 3276//6128 3269//6128
f 3266//6129 3267//6129 3261//6129
f 3266//6130 3261//6130 3258//6130
f 3267//6131 3262//6131 3261//6131
f 3268//6132 3269//6132 3262//6132
f 3270//6133 2598//6133 3271//6133
f 2599//6134 3273//6134 3272//6134
f 2599//6135 3270//6135 3273//6135
f 3270//6136 3271//6136 3273//6136
f 3273//6137 3271//6137 3275//6137
f 3271//6138 3274//6138 3275//6138
f 3275//6139 3274//6139 3276//6139
f 3274//6140 3282//6140 3276//6140
f 3272//6141 3265//6141 2574//6141
f 3272//6142 3273//6142 3265//6142
f 3273//6143 3275//6143 3265//6143
f 3275//6144 3276//6144 3268//6144
f 3277//6145 2623//6145 3278//6145
f 2624//6146 3280//6146 3279//6146
f 2624//6147 3277//6147 3280//6147
f 3277//6148 3278//6148 3280//6148
f 3280//6149 3278//6149 3281//6149
f 3278//6150 3288//6150 3281//6150
f 3280//6151 3281//6151 3274//6151
f 3281//6152 3289//6152 3282//6152
f 3279//6153 3271//6153 2598//6153
f 3279//6154 3280//6154 3271//6154
f 3280//6155 3274//6155 3271//6155
f 3281//6156 3282//6156 3274//6156
f 3283//6157 2647//6157 3284//6157
f 2648//6158 3286//6158 3285//6158
f 2648//6159 3283//6159 3286//6159
f 3283//6160 3284//6160 3286//6160
f 3286//6161 3284//6161 3288//6161
f 3284//6162 3287//6162 3288//6162
f 3288//6163 3287//6163 3289//6163
f 3287//6164 3295//6164 3289//6164
f 3285//6165 3278//6165 2623//6165
f 3285//6166 3286//6166 3278//6166
f 3286//6167 3288//6167 3278//6167
f 3288//6168 3289//6168 3281//6168
f 3290//6169 2672//6169 3291//6169
f 2673//6170 3293//6170 3292//6170
f 2673//6171 3290//6171 3293//6171
f 3290//6172 3291//6172 3293//6172
f 3293//6173 3291//6173 3294//6173
f 3291//6174 3301//6174 3294//6174
f 3293//6175 3294//6175 3287//6175
f 3294//6176 3302//6176 3295//6176
f 3292//6177 3284//6177 2647//6177
f 3292//6178 3293//6178 3284//6178
f 3293//6179 3287//6179 3284//6179
f 3294//6180 3295//6180 3287//6180
f 3296//6181 2697//6181 3297//6181
f 2698//6182 3299//6182 3298//6182
f 2698//6183 3296//6183 3299//6183
f 3296//6184 3297//6184 3299//6184
f 3299//6185 3297//6185 3301//6185
f 3297//6186 3300//6186 3301//6186
f 3301//6187 3300//6187 3302//6187
f 3300//6188 3308//6188 3302//6188
f 3298//6189 3291//6189 2672//6189
f 3298//6190 3299//6190 3291//6190
f 3299//6191 3301//6191 3291//6191
f 3301//6192 3302//6192 3294//6192
f 3303//6193 2721//6193 3304//6193
f 2722//6194 3306//6194 3305//6194
f 2722//6195 3303//6195 3306//6195
f 3303//6196 3304//6196 3306//6196
f 3306//6197 3304//6197 3307//6197
f 3306//6198 3307//6198 3300//6198
f 3307//6199 3314//6199 3308//6199
f 3305//6200 3297//6200 2697//6200
f 3305//6201 3306//6201 3297//6201
f 3306//6202 3300//6202 3297//6202
f 3307//6203 3308//6203 3300//6203
f 3309//6204 2746//6204 3310//6204
f 2747//6205 3312//6205 3311//6205
f 2747//6206 3309//6206 3312//6206
f 3309//6207 3310//6207 3312//6207
f 3312//6208 3310//6208 3313//6208
f 3312//6209 3313//6209 3307//6209
f 3313//6210 3320//6210 3314//6210
f 3311//6211 3304//6211 2721//6211
f 3311//6212 3312//6212 3304//6212
f 3312//6213 3307//6213 3304//6213
f 3313//6214 3314//6214 3307//6214
f 3315//6215 2772//6215 3316//6215
f 2773//6216 3318//6216 3317//6216
f 2773//6217 3315//6217 3318//6217
f 3315//6218 3316//6218 3318//6218
f 3318//6219 3316//6219 3319//6219
f 3318//6220 3319//6220 3313//6220
f 3319//6221 3326//6221 3320//6221
f 3317//6222 3310//6222 2746//6222
f 3317//6223 3318//6223 3310//6223
f 3318//6224 3313//6224 3310//6224
f 3319//6225 3320//6225 3313//6225
f 2799//6226 3331//6226 3321//6226
f 2799//6227 2798//6227 3331//6227
f 2771//6228 2799//6228 3322//6228
f 2799//6229 3321//6229 3322//6229
f 3321//6230 3331//6230 3323//6230
f 3321//6231 3323//6231 3325//6231
f 3322//6232 3321//6232 3325//6232
f 3325//6233 3323//6233 3319//6233
f 3323//6234 3324//6234 3326//6234
f 3324//6235 3333//6235 3326//6235
f 3322//6236 3316//6236 2772//6236
f 3322//6237 3325//6237 3316//6237
f 3325//6238 3319//6238 3316//6238
f 3323//6239 3326//6239 3319//6239
f 2797//6240 2823//6240 3327//6240
f 2823//6241 3328//6241 3327//6241
f 2823//6242 3329//6242 3328//6242
f 3328//6243 3329//6243 3340//6243
f 3328//6244 3330//6244 3332//6244
f 3328//6245 3340//6245 3330//6245
f 3340//6246 3341//6246 3330//6246
f 3327//6247 3328//6247 3332//6247
f 3327//6248 3332//6248 3331//6248
f 3327//6249 3331//6249 2798//6249
f 3332//6250 3330//6250 3324//6250
f 3330//6251 3342//6251 3333//6251
f 3331//6252 3332//6252 3323//6252
f 3332//6253 3324//6253 3323//6253
f 3330//6254 3333//6254 3324//6254
f 3334//6255 3338//6255 3337//6255
f 3334//6256 3335//6256 3338//6256
f 3335//6257 3336//6257 3349//6257
f 3335//6258 3349//6258 3338//6258
f 3338//6259 3349//6259 3339//6259
f 3337//6260 3338//6260 3340//6260
f 3338//6261 3341//6261 3340//6261
f 3338//6262 3339//6262 3341//6262
f 3341//6263 3339//6263 3342//6263
f 3339//6264 3350//6264 3342//6264
f 3337//6265 3340//6265 3329//6265
f 3341//6266 3342//6266 3330//6266
f 3343//6267 2872//6267 3344//6267
f 2873//6268 3345//6268 3346//6268
f 2873//6269 3343//6269 3345//6269
f 3343//6270 3344//6270 3345//6270
f 3345//6271 3344//6271 3348//6271
f 3345//6272 3348//6272 3347//6272
f 3345//6273 3347//6273 3349//6273
f 3347//6274 3348//6274 3350//6274
f 3348//6275 3357//6275 3350//6275
f 3346//6276 3345//6276 3336//6276
f 3345//6277 3349//6277 3336//6277
f 3349//6278 3347//6278 3339//6278
f 3347//6279 3350//6279 3339//6279
f 3352//6280 3360//6280 3353//6280
f 2871//6281 3351//6281 3352//6281
f 2871//6282 3352//6282 3354//6282
f 3352//6283 3353//6283 3355//6283
f 3354//6284 3352//6284 3355//6284
f 3355//6285 3353//6285 3356//6285
f 3356//6286 3362//6286 3357//6286
f 3354//6287 3344//6287 2872//6287
f 3354//6288 3355//6288 3344//6288
f 3355//6289 3356//6289 3348//6289
f 3355//6290 3348//6290 3344//6290
f 3356//6291 3357//6291 3348//6291
f 3358//6292 3360//6292 3368//6292
f 3360//6293 3358//6293 3359//6293
f 3359//6294 3358//6294 3361//6294
f 3360//6295 3359//6295 3353//6295
f 3361//6296 3369//6296 3362//6296
f 3359//6297 3361//6297 3356//6297
f 3359//6298 3356//6298 3353//6298
f 3361//6299 3362//6299 3356//6299
f 3363//6300 3364//6300 3366//6300
f 3363//6301 3366//6301 3365//6301
f 3368//6302 3363//6302 3365//6302
f 3368//6303 3365//6303 3358//6303
f 3366//6304 3367//6304 3369//6304
f 3367//6305 3377//6305 3369//6305
f 3365//6306 3366//6306 3361//6306
f 3365//6307 3361//6307 3358//6307
f 3366//6308 3369//6308 3361//6308
f 3369//6309 3377//6309 3370//6309
f 2932//6310 3371//6310 2907//6310
f 3371//6311 2931//6311 3372//6311
f 3371//6312 3372//6312 3373//6312
f 2907//6313 3371//6313 3373//6313
f 2907//6314 3373//6314 3374//6314
f 3373//6315 3372//6315 3376//6315
f 3372//6316 3375//6316 3376//6316
f 3374//6317 3373//6317 3364//6317
f 3373//6318 3376//6318 3364//6318
f 3376//6319 3375//6319 3377//6319
f 3375//6320 3383//6320 3377//6320
f 3364//6321 3376//6321 3366//6321
f 3376//6322 3367//6322 3366//6322
f 3376//6323 3377//6323 3367//6323
f 3378//6324 2955//6324 3379//6324
f 2956//6325 3381//6325 3380//6325
f 2956//6326 3378//6326 3381//6326
f 3378//6327 3379//6327 3381//6327
f 3381//6328 3379//6328 3382//6328
f 3379//6329 3388//6329 3382//6329
f 3381//6330 3382//6330 3375//6330
f 3382//6331 3390//6331 3383//6331
f 3380//6332 3372//6332 2931//6332
f 3380//6333 3381//6333 3372//6333
f 3381//6334 3375//6334 3372//6334
f 3382//6335 3383//6335 3375//6335
f 3384//6336 2980//6336 3387//6336
f 2980//6337 3385//6337 3387//6337
f 2981//6338 3384//6338 3387//6338
f 2981//6339 3387//6339 3386//6339
f 3387//6340 3385//6340 3389//6340
f 3387//6341 3389//6341 3388//6341
f 3388//6342 3389//6342 3390//6342
f 3389//6343 3396//6343 3390//6343
f 3386//6344 3379//6344 2955//6344
f 3386//6345 3387//6345 3379//6345
f 3387//6346 3388//6346 3379//6346
f 3388//6347 3390//6347 3382//6347
f 3391//6348 3003//6348 3393//6348
f 3003//6349 3392//6349 3393//6349
f 3393//6350 3392//6350 3395//6350
f 3393//6351 3395//6351 3394//6351
f 3393//6352 3394//6352 3385//6352
f 3391//6353 3393//6353 3385//6353
f 3394//6354 3395//6354 3396//6354
f 3395//6355 3402//6355 3396//6355
f 3391//6356 3385//6356 2980//6356
f 3385//6357 3394//6357 3389//6357
f 3394//6358 3396//6358 3389//6358
f 3028//6359 3398//6359 3397//6359
f 3397//6360 3398//6360 3400//6360
f 3398//6361 3399//6361 3409//6361
f 3398//6362 3409//6362 3400//6362
f 3400//6363 3409//6363 3401//6363
f 3400//6364 3401//6364 3392//6364
f 3397//6365 3400//6365 3392//6365
f 3401//6366 3410//6366 3402//6366
f 3397//6367 3392//6367 3003//6367
f 3392//6368 3401//6368 3395//6368
f 3401//6369 3402//6369 3395//6369
f 3403//6370 3053//6370 3404//6370
f 3054//6371 3405//6371 3406//6371
f 3054//6372 3403//6372 3405//6372
f 3403//6373 3404//6373 3405//6373
f 3405//6374 3404//6374 3408//6374
f 3405//6375 3408//6375 3407//6375
f 3405//6376 3407//6376 3409//6376
f 3407//6377 3408//6377 3410//6377
f 3408//6378 3418//6378 3410//6378
f 3406//6379 3405//6379 3399//6379
f 3405//6380 3409//6380 3399//6380
f 3409//6381 3407//6381 3401//6381
f 3407//6382 3410//6382 3401//6382
f 3411//6383 3415//6383 3414//6383
f 3411//6384 3412//6384 3415//6384
f 3412//6385 3413//6385 3416//6385
f 3412//6386 3416//6386 3415//6386
f 3416//6387 3417//6387 3418//6387
f 3417//6388 3424//6388 3418//6388
f 3414//6389 3404//6389 3053//6389
f 3414//6390 3415//6390 3404//6390
f 3415//6391 3416//6391 3408//6391
f 3415//6392 3408//6392 3404//6392
f 3416//6393 3418//6393 3408//6393
f 3419//6394 3111//6394 3420//6394
f 3112//6395 3422//6395 3421//6395
f 3112//6396 3419//6396 3422//6396
f 3419//6397 3420//6397 3422//6397
f 3422//6398 3420//6398 3423//6398
f 3422//6399 3423//6399 3417//6399
f 3423//6400 3430//6400 3424//6400
f 3421//6401 3422//6401 3416//6401
f 3421//6402 3416//6402 3413//6402
f 3422//6403 3417//6403 3416//6403
f 3423//6404 3424//6404 3417//6404
f 3425//6405 3131//6405 3426//6405
f 3132//6406 3428//6406 3427//6406
f 3132//6407 3425//6407 3428//6407
f 3425//6408 3426//6408 3428//6408
f 3428//6409 3426//6409 3429//6409
f 3428//6410 3429//6410 3423//6410
f 3429//6411 3138//6411 3430//6411
f 3427//6412 3420//6412 3111//6412
f 3427//6413 3428//6413 3420//6413
f 3428//6414 3423//6414 3420//6414
f 3429//6415 3430//6415 3423//6415
f 3185//6416 3178//6416 3177//6416
f 3185//6417 3194//6417 3178//6417
f 3194//6418 3186//6418 3178//6418
f 3193//6419 3201//6419 3194//6419
f 3203//6420 3204//6420 3210//6420
f 3211//6421 3210//6421 3215//6421
f 3138//6422 3145//6422 3370//6422
f 3145//6423 3152//6423 3370//6423
f 3152//6424 3161//6424 3370//6424
f 3161//6425 3168//6425 3370//6425
f 3168//6426 3177//6426 3370//6426
f 3177//6427 3178//6427 3370//6427
f 3178//6428 3186//6428 3370//6428
f 3201//6429 3209//6429 3370//6429
f 3201//6430 3370//6430 3186//6430
f 3209//6431 3214//6431 3370//6431
f 3214//6432 3220//6432 3370//6432
f 3220//6433 3229//6433 3370//6433
f 3229//6434 3236//6434 3370//6434
f 3236//6435 3242//6435 3370//6435
f 3242//6436 3249//6436 3370//6436
f 3249//6437 3255//6437 3370//6437
f 3255//6438 3263//6438 3370//6438
f 3263//6439 3269//6439 3370//6439
f 3269//6440 3276//6440 3370//6440
f 3276//6441 3282//6441 3370//6441
f 3282//6442 3289//6442 3370//6442
f 3289//6443 3295//6443 3370//6443
f 3295//6444 3302//6444 3370//6444
f 3302//6445 3308//6445 3370//6445
f 3308//6446 3314//6446 3370//6446
f 3314//6447 3320//6447 3370//6447
f 3320//6448 3326//6448 3370//6448
f 3326//6449 3333//6449 3370//6449
f 3333//6450 3342//6450 3370//6450
f 3342//6451 3350//6451 3370//6451
f 3350//6452 3357//6452 3370//6452
f 3357//6453 3362//6453 3370//6453
f 3362//6454 3369//6454 3370//6454
f 3377//6455 3383//6455 3370//6455
f 3383//6456 3390//6456 3370//6456
f 3390//6457 3396//6457 3370//6457
f 3396//6458 3402//6458 3370//6458
f 3402//6459 3410//6459 3370//6459
f 3410//6460 3418//6460 3370//6460
f 3418//6461 3424//6461 3370//6461
f 3424//6462 3430//6462 3370//6462
f 3430//6463 3138//6463 3370//6463
f 2169//6464 2168//6464 3133//6464
f 2140//6465 2169//6465 3126//6465
f 3126//6466 2169//6466 3135//6466
f 3126//6467 3135//6467 3131//6467
f 2194//6468 2193//6468 3139//6468
f 2166//6469 2194//6469 2158//6469
f 2158//6470 2194//6470 3141//6470
f 2158//6471 3141//6471 2168//6471
f 2191//6472 2217//6472 3146//6472
f 2217//6473 3147//6473 3146//6473
f 2217//6474 3148//6474 3147//6474
f 2191//6475 3146//6475 2184//6475
f 2184//6476 3146//6476 3149//6476
f 2184//6477 3149//6477 2193//6477
f 2215//6478 2241//6478 3153//6478
f 2241//6479 3154//6479 3153//6479
f 2241//6480 3155//6480 3154//6480
f 2215//6481 3153//6481 2209//6481
f 2209//6482 3153//6482 3156//6482
f 2209//6483 3156//6483 2217//6483
f 2217//6484 3156//6484 3148//6484
f 2265//6485 2264//6485 3162//6485
f 2238//6486 2265//6486 2233//6486
f 2233//6487 2265//6487 3165//6487
f 2233//6488 3165//6488 2241//6488
f 2241//6489 3165//6489 3155//6489
f 2261//6490 2289//6490 3169//6490
f 2289//6491 3170//6491 3169//6491
f 2289//6492 3171//6492 3170//6492
f 2261//6493 3169//6493 2256//6493
f 2256//6494 3169//6494 3172//6494
f 2256//6495 3172//6495 2264//6495
f 2287//6496 2313//6496 3179//6496
f 2313//6497 3180//6497 3179//6497
f 2313//6498 3181//6498 3180//6498
f 2287//6499 3179//6499 2281//6499
f 2281//6500 3179//6500 3182//6500
f 2281//6501 3182//6501 2289//6501
f 2289//6502 3182//6502 3171//6502
f 2311//6503 2337//6503 3187//6503
f 2337//6504 3188//6504 3187//6504
f 2337//6505 3189//6505 3188//6505
f 2311//6506 3187//6506 2305//6506
f 2305//6507 3187//6507 3190//6507
f 2305//6508 3190//6508 2313//6508
f 2313//6509 3190//6509 3181//6509
f 2334//6510 2361//6510 3195//6510
f 2361//6511 3196//6511 3195//6511
f 2361//6512 3197//6512 3196//6512
f 2334//6513 3195//6513 2330//6513
f 2330//6514 3195//6514 3198//6514
f 2330//6515 3198//6515 2337//6515
f 2337//6516 3198//6516 3189//6516
f 2384//6517 2383//6517 3202//6517
f 2383//6518 3204//6518 3202//6518
f 2358//6519 2384//6519 2351//6519
f 2351//6520 2384//6520 3205//6520
f 2351//6521 3205//6521 2361//6521
f 2361//6522 3205//6522 3197//6522
f 2425//6523 3222//6523 3221//6523
f 2425//6524 2424//6524 3222//6524
f 2391//6525 2402//6525 3223//6525
f 2451//6526 2450//6526 3230//6526
f 2422//6527 2451//6527 2416//6527
f 2416//6528 2451//6528 3230//6528
f 2416//6529 3230//6529 2424//6529
f 2424//6530 3230//6530 3222//6530
f 2476//6531 2475//6531 3238//6531
f 2447//6532 2476//6532 2442//6532
f 2442//6533 2476//6533 3237//6533
f 2442//6534 3237//6534 2450//6534
f 2502//6535 2501//6535 3243//6535
f 2473//6536 2502//6536 2467//6536
f 2467//6537 2502//6537 3245//6537
f 2467//6538 3245//6538 2475//6538
f 2526//6539 2525//6539 3251//6539
f 2498//6540 2526//6540 2491//6540
f 2491//6541 2526//6541 3250//6541
f 2491//6542 3250//6542 2501//6542
f 2523//6543 2550//6543 3256//6543
f 2550//6544 3257//6544 3256//6544
f 2550//6545 3258//6545 3257//6545
f 2523//6546 3256//6546 2515//6546
f 2515//6547 3256//6547 3259//6547
f 2515//6548 3259//6548 2525//6548
f 2575//6549 2574//6549 3264//6549
f 2548//6550 2575//6550 2542//6550
f 2542//6551 2575//6551 3266//6551
f 2542//6552 3266//6552 2550//6552
f 2550//6553 3266//6553 3258//6553
f 2599//6554 2598//6554 3270//6554
f 2571//6555 2599//6555 2566//6555
f 2566//6556 2599//6556 3272//6556
f 2566//6557 3272//6557 2574//6557
f 2624//6558 2623//6558 3277//6558
f 2596//6559 2624//6559 2591//6559
f 2591//6560 2624//6560 3279//6560
f 2591//6561 3279//6561 2598//6561
f 2648//6562 2647//6562 3283//6562
f 2621//6563 2648//6563 2616//6563
f 2616//6564 2648//6564 3285//6564
f 2616//6565 3285//6565 2623//6565
f 2673//6566 2672//6566 3290//6566
f 2645//6567 2673//6567 2639//6567
f 2639//6568 2673//6568 3292//6568
f 2639//6569 3292//6569 2647//6569
f 2698//6570 2697//6570 3296//6570
f 2670//6571 2698//6571 2662//6571
f 2662//6572 2698//6572 3298//6572
f 2662//6573 3298//6573 2672//6573
f 2722//6574 2721//6574 3303//6574
f 2694//6575 2722//6575 2687//6575
f 2687//6576 2722//6576 3305//6576
f 2687//6577 3305//6577 2697//6577
f 2747//6578 2746//6578 3309//6578
f 2719//6579 2747//6579 2713//6579
f 2713//6580 2747//6580 3311//6580
f 2713//6581 3311//6581 2721//6581
f 2773//6582 2772//6582 3315//6582
f 2743//6583 2773//6583 2738//6583
f 2738//6584 2773//6584 3317//6584
f 2738//6585 3317//6585 2746//6585
f 2763//6586 2799//6586 2771//6586
f 2771//6587 3322//6587 2772//6587
f 2823//6588 2822//6588 3329//6588
f 2797//6589 3327//6589 2798//6589
f 2820//6590 2847//6590 3334//6590
f 2847//6591 3335//6591 3334//6591
f 2847//6592 3336//6592 3335//6592
f 2820//6593 3334//6593 2814//6593
f 2814//6594 3334//6594 3337//6594
f 2814//6595 3337//6595 2822//6595
f 2822//6596 3337//6596 3329//6596
f 2873//6597 2872//6597 3343//6597
f 2845//6598 2873//6598 2838//6598
f 2838//6599 2873//6599 3346//6599
f 2838//6600 3346//6600 2847//6600
f 2847//6601 3346//6601 3336//6601
f 2861//6602 2877//6602 3351//6602
f 2861//6603 3351//6603 2871//6603
f 2871//6604 3354//6604 2872//6604
f 2932//6605 2931//6605 3371//6605
f 2907//6606 3374//6606 2908//6606
f 2908//6607 3374//6607 3364//6607
f 2956//6608 2955//6608 3378//6608
f 2929//6609 2956//6609 2924//6609
f 2924//6610 2956//6610 3380//6610
f 2924//6611 3380//6611 2931//6611
f 2981//6612 2980//6612 3384//6612
f 2953//6613 2981//6613 2949//6613
f 2949//6614 2981//6614 3386//6614
f 2949//6615 3386//6615 2955//6615
f 3004//6616 3003//6616 3391//6616
f 2978//6617 3004//6617 2972//6617
f 2972//6618 3004//6618 3391//6618
f 2972//6619 3391//6619 2980//6619
f 3028//6620 3399//6620 3398//6620
f 3028//6621 3027//6621 3399//6621
f 3001//6622 3028//6622 2997//6622
f 2997//6623 3028//6623 3397//6623
f 2997//6624 3397//6624 3003//6624
f 3054//6625 3053//6625 3403//6625
f 3025//6626 3054//6626 3020//6626
f 3020//6627 3054//6627 3406//6627
f 3020//6628 3406//6628 3027//6628
f 3027//6629 3406//6629 3399//6629
f 3050//6630 3078//6630 3411//6630
f 3078//6631 3412//6631 3411//6631
f 3078//6632 3413//6632 3412//6632
f 3050//6633 3411//6633 3044//6633
f 3044//6634 3411//6634 3414//6634
f 3044//6635 3414//6635 3053//6635
f 3112//6636 3111//6636 3419//6636
f 3076//6637 3112//6637 3069//6637
f 3069//6638 3112//6638 3421//6638
f 3069//6639 3421//6639 3078//6639
f 3078//6640 3421//6640 3413//6640
f 3132//6641 3131//6641 3425//6641
f 3108//6642 3132//6642 3101//6642
f 3101//6643 3132//6643 3427//6643
f 3101//6644 3427//6644 3111//6644
f 3431//6645 3438//6645 3671//6645
f 3671//6646 3438//6646 3432//6646
f 3438//6647 3433//6647 3432//6647
f 3432//6648 3434//6648 3673//6648
f 3432//6649 3433//6649 3434//6649
f 3673//6650 3434//6650 3674//6650
f 3434//6651 3435//6651 3674//6651
f 3434//6652 3440//6652 3435//6652
f 3435//6653 3440//6653 3442//6653
f 3435//6654 2162//6654 3675//6654
f 3435//6655 3442//6655 2162//6655
f 4535//6656 3436//6656 3431//6656
f 3672//6657 3671//6657 3432//6657
f 3436//6658 3437//6658 3431//6658
f 3431//6659 3437//6659 3438//6659
f 3438//6660 3439//6660 3433//6660
f 3434//6661 3433//6661 3440//6661
f 3433//6662 3441//6662 3440//6662
f 3440//6663 2180//6663 3442//6663
f 3440//6664 3441//6664 2180//6664
f 3437//6665 3445//6665 3438//6665
f 3439//6666 3447//6666 3433//6666
f 3433//6667 3447//6667 3441//6667
f 3436//6668 3444//6668 3437//6668
f 3445//6669 3446//6669 3439//6669
f 3439//6670 3446//6670 3447//6670
f 3447//6671 3446//6671 3448//6671
f 3447//6672 3448//6672 3441//6672
f 3441//6673 2212//6673 2180//6673
f 3441//6674 3448//6674 2212//6674
f 3443//6675 3444//6675 3436//6675
f 3437//6676 3451//6676 3445//6676
f 3448//6677 3455//6677 2212//6677
f 3438//6678 3445//6678 3439//6678
f 3444//6679 3449//6679 3437//6679
f 3449//6680 3450//6680 3437//6680
f 3437//6681 3450//6681 3451//6681
f 3451//6682 3452//6682 3445//6682
f 3445//6683 3452//6683 3446//6683
f 3446//6684 3452//6684 3453//6684
f 3452//6685 3458//6685 3453//6685
f 3446//6686 3453//6686 3448//6686
f 3448//6687 3453//6687 3455//6687
f 3453//6688 3454//6688 3455//6688
f 3454//6689 2240//6689 2226//6689
f 3455//6690 3454//6690 2226//6690
f 3455//6691 2226//6691 2212//6691
f 3449//6692 3456//6692 3450//6692
f 3451//6693 3450//6693 3457//6693
f 3450//6694 3464//6694 3457//6694
f 3451//6695 3457//6695 3452//6695
f 3452//6696 3457//6696 3458//6696
f 3457//6697 3459//6697 3458//6697
f 3458//6698 3460//6698 3454//6698
f 3458//6699 3459//6699 3460//6699
f 3460//6700 3461//6700 3454//6700
f 3462//6701 3456//6701 3449//6701
f 3450//6702 3463//6702 3464//6702
f 3454//6703 3461//6703 2240//6703
f 3453//6704 3458//6704 3454//6704
f 3450//6705 3456//6705 3463//6705
f 3457//6706 3464//6706 3459//6706
f 3459//6707 3464//6707 3465//6707
f 3464//6708 3470//6708 3465//6708
f 3459//6709 3465//6709 3460//6709
f 3465//6710 3470//6710 3466//6710
f 3460//6711 3465//6711 3461//6711
f 3465//6712 2263//6712 3461//6712
f 3465//6713 3466//6713 2263//6713
f 3466//6714 2286//6714 2263//6714
f 3456//6715 3467//6715 3468//6715
f 3456//6716 3468//6716 3463//6716
f 3463//6717 3468//6717 3469//6717
f 3463//6718 3469//6718 3464//6718
f 3464//6719 3469//6719 3470//6719
f 3470//6720 3469//6720 3471//6720
f 3470//6721 3471//6721 3466//6721
f 3466//6722 3471//6722 2304//6722
f 3471//6723 3476//6723 2304//6723
f 3466//6724 2304//6724 2286//6724
f 3472//6725 3467//6725 3456//6725
f 3467//6726 3478//6726 3468//6726
f 3468//6727 3473//6727 3469//6727
f 3469//6728 3474//6728 3471//6728
f 3469//6729 3473//6729 3474//6729
f 3474//6730 3475//6730 3476//6730
f 3476//6731 3475//6731 2324//6731
f 3474//6732 3482//6732 3475//6732
f 3475//6733 2336//6733 2324//6733
f 3476//6734 2324//6734 2304//6734
f 3471//6735 3474//6735 3476//6735
f 3467//6736 3479//6736 3478//6736
f 3467//6737 3477//6737 3479//6737
f 3480//6738 3481//6738 3473//6738
f 3480//6739 3485//6739 3481//6739
f 3473//6740 3481//6740 3482//6740
f 3482//6741 3481//6741 3483//6741
f 3482//6742 3483//6742 2360//6742
f 3475//6743 3482//6743 2360//6743
f 3483//6744 3488//6744 2360//6744
f 3475//6745 2360//6745 2336//6745
f 3473//6746 3482//6746 3474//6746
f 3468//6747 3480//6747 3473//6747
f 3468//6748 3478//6748 3480//6748
f 3477//6749 3484//6749 3479//6749
f 3478//6750 3486//6750 3485//6750
f 3478//6751 3479//6751 3486//6751
f 3481//6752 3485//6752 3483//6752
f 3485//6753 3486//6753 3483//6753
f 3483//6754 3486//6754 3487//6754
f 3483//6755 3487//6755 3488//6755
f 3488//6756 3487//6756 2374//6756
f 3478//6757 3485//6757 3480//6757
f 3489//6758 3492//6758 3491//6758
f 3491//6759 3498//6759 3493//6759
f 3498//6760 3494//6760 3493//6760
f 3493//6761 3494//6761 3495//6761
f 3495//6762 2399//6762 2387//6762
f 3490//6763 3496//6763 3489//6763
f 3491//6764 3492//6764 3498//6764
f 3492//6765 3497//6765 3498//6765
f 3498//6766 3497//6766 3499//6766
f 3498//6767 3499//6767 3494//6767
f 3499//6768 3505//6768 3494//6768
f 3494//6769 3505//6769 2399//6769
f 3496//6770 3501//6770 3489//6770
f 3489//6771 3501//6771 3492//6771
f 2399//6772 3505//6772 2415//6772
f 3495//6773 3494//6773 2399//6773
f 3496//6774 3500//6774 3501//6774
f 3492//6775 3501//6775 3497//6775
f 3497//6776 3501//6776 3503//6776
f 3497//6777 3504//6777 3499//6777
f 3497//6778 3503//6778 3504//6778
f 3505//6779 3504//6779 3506//6779
f 3505//6780 3506//6780 2449//6780
f 3507//6781 3500//6781 3496//6781
f 3505//6782 2449//6782 2415//6782
f 3499//6783 3504//6783 3505//6783
f 3500//6784 3513//6784 3501//6784
f 3501//6785 3513//6785 3502//6785
f 3502//6786 3508//6786 3503//6786
f 3503//6787 3508//6787 3504//6787
f 3504//6788 3508//6788 3510//6788
f 3508//6789 3509//6789 3510//6789
f 3504//6790 3510//6790 3506//6790
f 3510//6791 3509//6791 3511//6791
f 3506//6792 3510//6792 2449//6792
f 3510//6793 2460//6793 2449//6793
f 3510//6794 3511//6794 2460//6794
f 3502//6795 3515//6795 3508//6795
f 3501//6796 3502//6796 3503//6796
f 3513//6797 3515//6797 3502//6797
f 3513//6798 3519//6798 3515//6798
f 3515//6799 3519//6799 3516//6799
f 3508//6800 3515//6800 3516//6800
f 3508//6801 3516//6801 3509//6801
f 3516//6802 3517//6802 3509//6802
f 3509//6803 3517//6803 3511//6803
f 3511//6804 3517//6804 2500//6804
f 3512//6805 3513//6805 3500//6805
f 3512//6806 3514//6806 3513//6806
f 3511//6807 2500//6807 2487//6807
f 3511//6808 2487//6808 2460//6808
f 3514//6809 3518//6809 3513//6809
f 3513//6810 3518//6810 3519//6810
f 3518//6811 3525//6811 3519//6811
f 3519//6812 3520//6812 3516//6812
f 3520//6813 3521//6813 3516//6813
f 3516//6814 3521//6814 3517//6814
f 3517//6815 3521//6815 3523//6815
f 3521//6816 3522//6816 3523//6816
f 3522//6817 3524//6817 3523//6817
f 3517//6818 3523//6818 2500//6818
f 3523//6819 3524//6819 2500//6819
f 3524//6820 2519//6820 2497//6820
f 2500//6821 3524//6821 2497//6821
f 3518//6822 3531//6822 3525//6822
f 3519//6823 3525//6823 3527//6823
f 3525//6824 3526//6824 3527//6824
f 3520//6825 3528//6825 3521//6825
f 3520//6826 3527//6826 3528//6826
f 3521//6827 3528//6827 3522//6827
f 3528//6828 3530//6828 3522//6828
f 3522//6829 3530//6829 3529//6829
f 3522//6830 3529//6830 3524//6830
f 3527//6831 3530//6831 3528//6831
f 3529//6832 2538//6832 2519//6832
f 3524//6833 3529//6833 2519//6833
f 3519//6834 3527//6834 3520//6834
f 3525//6835 3531//6835 3533//6835
f 3525//6836 3533//6836 3526//6836
f 3526//6837 3539//6837 3530//6837
f 3530//6838 3539//6838 3534//6838
f 3539//6839 3541//6839 3534//6839
f 3530//6840 3534//6840 3529//6840
f 3534//6841 3541//6841 3535//6841
f 3529//6842 3534//6842 2538//6842
f 3534//6843 2560//6843 2538//6843
f 3534//6844 3535//6844 2560//6844
f 3535//6845 2573//6845 2560//6845
f 3527//6846 3526//6846 3530//6846
f 3532//6847 3536//6847 3531//6847
f 3531//6848 3537//6848 3533//6848
f 3533//6849 3537//6849 3538//6849
f 3526//6850 3533//6850 3539//6850
f 3533//6851 3538//6851 3539//6851
f 3539//6852 3538//6852 3540//6852
f 3539//6853 3540//6853 3541//6853
f 3541//6854 3540//6854 3542//6854
f 3540//6855 3546//6855 3542//6855
f 3541//6856 3542//6856 3535//6856
f 3535//6857 3542//6857 2573//6857
f 3542//6858 2603//6858 2584//6858
f 2573//6859 3542//6859 2584//6859
f 3536//6860 3543//6860 3531//6860
f 3536//6861 3549//6861 3543//6861
f 3531//6862 3543//6862 3537//6862
f 3537//6863 3544//6863 3538//6863
f 3538//6864 3544//6864 3540//6864
f 3540//6865 3544//6865 3545//6865
f 3544//6866 3550//6866 3545//6866
f 3540//6867 3545//6867 3546//6867
f 3542//6868 3546//6868 3547//6868
f 3546//6869 3545//6869 3553//6869
f 3546//6870 3553//6870 3547//6870
f 3537//6871 3543//6871 3544//6871
f 3542//6872 3547//6872 2603//6872
f 3543//6873 3550//6873 3544//6873
f 3543//6874 3557//6874 3550//6874
f 3557//6875 3551//6875 3550//6875
f 3550//6876 3552//6876 3545//6876
f 3550//6877 3551//6877 3552//6877
f 3545//6878 3552//6878 3553//6878
f 3552//6879 3559//6879 3553//6879
f 3548//6880 3549//6880 3536//6880
f 3548//6881 3554//6881 3549//6881
f 3549//6882 3557//6882 3543//6882
f 3549//6883 3555//6883 3556//6883
f 3549//6884 3556//6884 3557//6884
f 3557//6885 3556//6885 3565//6885
f 3557//6886 3567//6886 3551//6886
f 3557//6887 3565//6887 3567//6887
f 3551//6888 3567//6888 3558//6888
f 3551//6889 3558//6889 3552//6889
f 3552//6890 3558//6890 3559//6890
f 3558//6891 3567//6891 3560//6891
f 3558//6892 3561//6892 3559//6892
f 3558//6893 3560//6893 3561//6893
f 3554//6894 3555//6894 3549//6894
f 3561//6895 2657//6895 3559//6895
f 3563//6896 3556//6896 3555//6896
f 3563//6897 3564//6897 3556//6897
f 3556//6898 3566//6898 3565//6898
f 3565//6899 3568//6899 3567//6899
f 3565//6900 3566//6900 3568//6900
f 3568//6901 3571//6901 3567//6901
f 3567//6902 3571//6902 3560//6902
f 3560//6903 3571//6903 3573//6903
f 3560//6904 2696//6904 3561//6904
f 3560//6905 3573//6905 2696//6905
f 3562//6906 3563//6906 3555//6906
f 2696//6907 3573//6907 2693//6907
f 3564//6908 3569//6908 3556//6908
f 3556//6909 3569//6909 3570//6909
f 3556//6910 3570//6910 3566//6910
f 3566//6911 3575//6911 3568//6911
f 3568//6912 3575//6912 3571//6912
f 3575//6913 3572//6913 3571//6913
f 3571//6914 3572//6914 3573//6914
f 3572//6915 2709//6915 3573//6915
f 3572//6916 3578//6916 2709//6916
f 3566//6917 3574//6917 3575//6917
f 3575//6918 3574//6918 3576//6918
f 3574//6919 3583//6919 3576//6919
f 3575//6920 3576//6920 3572//6920
f 3576//6921 3584//6921 3572//6921
f 3584//6922 3577//6922 3572//6922
f 3572//6923 3577//6923 3578//6923
f 3577//6924 2745//6924 3578//6924
f 3564//6925 3579//6925 3569//6925
f 3578//6926 2745//6926 2709//6926
f 3570//6927 3574//6927 3566//6927
f 3580//6928 3570//6928 3569//6928
f 3570//6929 3586//6929 3581//6929
f 3570//6930 3581//6930 3574//6930
f 3574//6931 3581//6931 3583//6931
f 3581//6932 3582//6932 3583//6932
f 3576//6933 3583//6933 3584//6933
f 3583//6934 3582//6934 3584//6934
f 3584//6935 3582//6935 3585//6935
f 3582//6936 3589//6936 3585//6936
f 3584//6937 3585//6937 3577//6937
f 3577//6938 2770//6938 2745//6938
f 3577//6939 3585//6939 2770//6939
f 3585//6940 3591//6940 2770//6940
f 2770//6941 3591//6941 2765//6941
f 3570//6942 3580//6942 3586//6942
f 3586//6943 3587//6943 3581//6943
f 3581//6944 3587//6944 3582//6944
f 3582//6945 3587//6945 3588//6945
f 3582//6946 3588//6946 3589//6946
f 3585//6947 3589//6947 3591//6947
f 3589//6948 3590//6948 3591//6948
f 3591//6949 3590//6949 2803//6949
f 3589//6950 3588//6950 3590//6950
f 3591//6951 2803//6951 2765//6951
f 3580//6952 3592//6952 3586//6952
f 3587//6953 3593//6953 3588//6953
f 3587//6954 3598//6954 3593//6954
f 3588//6955 3593//6955 3594//6955
f 3593//6956 3600//6956 3594//6956
f 3588//6957 3594//6957 3590//6957
f 3594//6958 3595//6958 3590//6958
f 3594//6959 3602//6959 3595//6959
f 4502//6960 3592//6960 3580//6960
f 3595//6961 3602//6961 2813//6961
f 3590//6962 3595//6962 2803//6962
f 3592//6963 3596//6963 3586//6963
f 3586//6964 3596//6964 3603//6964
f 3586//6965 3603//6965 3597//6965
f 3586//6966 3597//6966 3587//6966
f 3587//6967 3597//6967 3598//6967
f 3598//6968 3599//6968 3593//6968
f 3598//6969 3597//6969 3599//6969
f 3593//6970 3599//6970 3600//6970
f 3599//6971 3601//6971 3600//6971
f 3600//6972 2841//6972 3602//6972
f 3600//6973 3601//6973 2841//6973
f 3594//6974 3600//6974 3602//6974
f 3603//6975 3608//6975 3597//6975
f 3597//6976 3608//6976 3604//6976
f 3597//6977 3604//6977 3599//6977
f 3599//6978 3605//6978 3601//6978
f 3599//6979 3604//6979 3605//6979
f 3605//6980 3606//6980 3601//6980
f 3601//6981 3606//6981 2855//6981
f 3604//6982 3609//6982 3605//6982
f 3605//6983 3609//6983 3606//6983
f 3606//6984 2870//6984 2855//6984
f 2841//6985 3601//6985 2855//6985
f 3596//6986 3607//6986 3603//6986
f 3608//6987 3609//6987 3604//6987
f 3609//6988 2870//6988 3606//6988
f 3611//6989 3620//6989 3610//6989
f 3610//6990 3620//6990 3612//6990
f 3612//6991 3613//6991 3614//6991
f 3612//6992 3620//6992 3613//6992
f 3620//6993 3621//6993 3613//6993
f 3621//6994 3622//6994 3613//6994
f 3613//6995 3615//6995 3614//6995
f 3613//6996 3622//6996 3615//6996
f 3614//6997 3617//6997 3616//6997
f 3614//6998 3615//6998 3617//6998
f 3615//6999 3623//6999 3617//6999
f 3617//7000 3618//7000 3616//7000
f 3618//7001 2904//7001 2888//7001
f 3618//7002 2888//7002 2883//7002
f 3616//7003 3618//7003 2883//7003
f 3611//7004 3619//7004 3620//7004
f 3620//7005 3627//7005 3621//7005
f 3621//7006 3628//7006 3622//7006
f 3622//7007 3623//7007 3615//7007
f 3622//7008 3629//7008 3623//7008
f 3623//7009 3629//7009 3624//7009
f 3623//7010 3625//7010 3617//7010
f 3623//7011 3624//7011 3625//7011
f 3617//7012 3625//7012 3618//7012
f 3625//7013 2937//7013 2918//7013
f 3625//7014 2918//7014 2904//7014
f 3618//7015 3625//7015 2904//7015
f 3619//7016 3627//7016 3620//7016
f 3627//7017 3639//7017 3628//7017
f 3628//7018 3629//7018 3622//7018
f 3628//7019 3630//7019 3629//7019
f 3629//7020 3630//7020 3624//7020
f 3630//7021 3631//7021 3624//7021
f 3624//7022 3632//7022 3625//7022
f 3624//7023 3631//7023 3632//7023
f 3628//7024 3635//7024 3630//7024
f 3625//7025 3632//7025 2937//7025
f 3621//7026 3627//7026 3628//7026
f 3626//7027 3633//7027 3619//7027
f 3619//7028 3633//7028 3627//7028
f 3633//7029 3639//7029 3627//7029
f 3639//7030 3634//7030 3635//7030
f 3634//7031 3642//7031 3635//7031
f 3630//7032 3635//7032 3631//7032
f 3635//7033 3636//7033 3631//7033
f 3631//7034 3636//7034 3637//7034
f 3636//7035 3638//7035 3637//7035
f 3631//7036 2960//7036 3632//7036
f 3631//7037 3637//7037 2960//7037
f 3637//7038 3644//7038 2960//7038
f 3635//7039 3642//7039 3636//7039
f 3638//7040 3644//7040 3637//7040
f 3639//7041 3635//7041 3628//7041
f 3633//7042 3640//7042 3639//7042
f 3639//7043 3640//7043 3634//7043
f 3634//7044 3640//7044 3641//7044
f 3634//7045 3641//7045 3642//7045
f 3641//7046 3643//7046 3642//7046
f 3636//7047 3642//7047 3638//7047
f 3642//7048 3643//7048 3638//7048
f 3638//7049 3652//7049 3644//7049
f 3643//7050 3652//7050 3638//7050
f 3633//7051 3646//7051 3640//7051
f 3640//7052 3647//7052 3641//7052
f 3647//7053 3648//7053 3641//7053
f 3641//7054 3648//7054 3649//7054
f 3643//7055 3649//7055 3651//7055
f 3649//7056 3650//7056 3651//7056
f 3643//7057 3651//7057 3652//7057
f 3651//7058 3650//7058 3653//7058
f 3651//7059 3653//7059 3652//7059
f 3645//7060 3646//7060 3633//7060
f 3641//7061 3649//7061 3643//7061
f 3654//7062 3655//7062 3646//7062
f 3646//7063 3655//7063 3640//7063
f 3640//7064 3655//7064 3647//7064
f 3655//7065 3660//7065 3647//7065
f 3647//7066 3660//7066 3648//7066
f 3649//7067 3648//7067 3650//7067
f 3648//7068 3656//7068 3650//7068
f 3650//7069 3656//7069 3657//7069
f 3650//7070 3657//7070 3658//7070
f 3650//7071 3658//7071 3653//7071
f 3658//7072 3657//7072 3052//7072
f 3658//7073 3052//7073 3653//7073
f 3653//7074 3052//7074 3032//7074
f 3655//7075 3659//7075 3660//7075
f 3648//7076 3660//7076 3656//7076
f 3660//7077 3661//7077 3656//7077
f 3660//7078 3659//7078 3661//7078
f 3659//7079 3662//7079 3661//7079
f 3656//7080 3661//7080 3657//7080
f 3657//7081 3661//7081 3663//7081
f 3661//7082 3670//7082 3663//7082
f 3663//7083 3670//7083 3063//7083
f 3654//7084 3664//7084 3655//7084
f 3664//7085 3665//7085 3655//7085
f 3663//7086 3063//7086 3049//7086
f 3052//7087 3663//7087 3049//7087
f 3657//7088 3663//7088 3052//7088
f 3655//7089 3666//7089 3667//7089
f 3655//7090 3667//7090 3659//7090
f 3667//7091 3668//7091 3659//7091
f 3659//7092 3668//7092 3662//7092
f 3662//7093 3668//7093 3669//7093
f 3661//7094 3662//7094 3670//7094
f 3662//7095 3669//7095 3670//7095
f 3669//7096 3110//7096 3670//7096
f 3665//7097 3666//7097 3655//7097
f 3670//7098 3110//7098 3090//7098
f 3063//7099 3670//7099 3090//7099
f 3666//7100 3431//7100 3667//7100
f 3667//7101 3672//7101 3668//7101
f 3667//7102 3671//7102 3672//7102
f 3672//7103 3673//7103 3668//7103
f 3672//7104 3432//7104 3673//7104
f 3673//7105 3674//7105 3669//7105
f 3669//7106 3675//7106 3110//7106
f 3669//7107 3674//7107 3675//7107
f 3674//7108 3435//7108 3675//7108
f 3667//7109 3431//7109 3671//7109
f 3668//7110 3673//7110 3669//7110
f 3780//7111 3678//7111 3677//7111
f 3780//7112 3677//7112 3676//7112
f 3679//7113 3677//7113 3678//7113
f 3920//7114 3680//7114 3679//7114
f 3680//7115 3677//7115 3679//7115
f 3680//7116 3701//7116 3677//7116
f 3681//7117 3682//7117 3680//7117
f 3680//7118 3682//7118 3701//7118
f 3682//7119 3684//7119 3701//7119
f 3683//7120 3684//7120 3682//7120
f 3685//5 3686//5 3687//5
f 3687//7121 3684//7121 3849//7121
f 3849//7122 3688//7122 3685//7122
f 3687//7123 3849//7123 3685//7123
f 3690//7124 3689//7124 3789//7124
f 3691//7125 3692//7125 3690//7125
f 3690//7126 3692//7126 3689//7126
f 3750//7127 3725//7127 3691//7127
f 3725//7128 3692//7128 3691//7128
f 3085//7129 3693//7129 3692//7129
f 3693//7130 3694//7130 3692//7130
f 3692//7131 3694//7131 3696//7131
f 3888//7132 3694//7132 3693//7132
f 3694//7133 3695//7133 3696//7133
f 3694//7134 3827//7134 3695//7134
f 3811//7135 3776//7135 3695//7135
f 3697//7136 3695//7136 3776//7136
f 3695//7137 3697//7137 3696//7137
f 3730//7138 3698//7138 3697//7138
f 3698//7139 3696//7139 3697//7139
f 3699//7140 3702//7140 3700//7140
f 3701//7141 3700//7141 3702//7141
f 3842//7142 3703//7142 3702//7142
f 3703//7143 3835//7143 3704//7143
f 3703//7144 3704//7144 3702//7144
f 3701//7145 3704//7145 3705//7145
f 3801//7146 3705//7146 3704//7146
f 3676//7147 3677//7147 3705//7147
f 3677//7148 3701//7148 3705//7148
f 3689//7149 3692//7149 3696//7149
f 3702//7150 3704//7150 3701//7150
f 3676//7151 3705//7151 3765//7151
f 3745//7152 3780//7152 3676//7152
f 3780//7153 3760//7153 3678//7153
f 3920//7154 3679//7154 3719//7154
f 3681//7155 3680//7155 3920//7155
f 3681//7156 3899//7156 3682//7156
f 3849//7157 3848//7157 3688//7157
f 3818//7158 3789//7158 3689//7158
f 3789//7159 3788//7159 3690//7159
f 3690//7160 3770//7160 3691//7160
f 3725//7161 3085//7161 3692//7161
f 3085//7162 3912//7162 3693//7162
f 3902//7163 3693//7163 3912//7163
f 3888//7164 3872//7164 3694//7164
f 3872//7165 3854//7165 3694//7165
f 3838//7166 3827//7166 3694//7166
f 3838//7167 3694//7167 3854//7167
f 3810//7168 3695//7168 3827//7168
f 3810//7169 3827//7169 3826//7169
f 3776//7170 3775//7170 3697//7170
f 3729//7171 3730//7171 3697//7171
f 3729//7172 3697//7172 3775//7172
f 3699//7173 3877//7173 3702//7173
f 3877//7174 3859//7174 3702//7174
f 3842//7175 3843//7175 3703//7175
f 3842//7176 3702//7176 3859//7176
f 3835//7177 3814//7177 3704//7177
f 3785//7178 3765//7178 3705//7178
f 3706//7179 3707//7179 3709//7179
f 3707//7180 3708//7180 3709//7180
f 3709//7181 3708//7181 3710//7181
f 3709//7182 3712//7182 3711//7182
f 3709//7183 3710//7183 3712//7183
f 3710//7184 3713//7184 3712//7184
f 3711//7185 3712//7185 3730//7185
f 3730//7186 3712//7186 3698//7186
f 3712//7187 3713//7187 3698//7187
f 3714//7188 3926//7188 3732//7188
f 3732//7189 3926//7189 3715//7189
f 3732//7190 3715//7190 3717//7190
f 3716//7191 3732//7191 3717//7191
f 3716//7192 3719//7192 3718//7192
f 3716//7193 3717//7193 3719//7193
f 3717//7194 3720//7194 3719//7194
f 3718//7195 3719//7195 3679//7195
f 3719//7196 3720//7196 3920//7196
f 4547//7197 3721//7197 4534//7197
f 4534//7198 3721//7198 3722//7198
f 3721//7199 3079//7199 3081//7199
f 3721//7200 3081//7200 3722//7200
f 3722//7201 3081//7201 3082//7201
f 3723//7202 3722//7202 3082//7202
f 3723//7203 3082//7203 3724//7203
f 3724//7204 3082//7204 3725//7204
f 3082//7205 3084//7205 3725//7205
f 3724//7206 3725//7206 3750//7206
f 3726//7207 3706//7207 3751//7207
f 3706//7208 3709//7208 3751//7208
f 3727//7209 3751//7209 3728//7209
f 3751//7210 3709//7210 3728//7210
f 3709//7211 3711//7211 3728//7211
f 3727//7212 3728//7212 3729//7212
f 3728//7213 3730//7213 3729//7213
f 3728//7214 3711//7214 3730//7214
f 3731//7215 3732//7215 3757//7215
f 3731//7216 3714//7216 3732//7216
f 3757//7217 3732//7217 3733//7217
f 3733//7218 3732//7218 3716//7218
f 3734//7219 3736//7219 3735//7219
f 3734//7220 3733//7220 3736//7220
f 3733//7221 3716//7221 3736//7221
f 3736//7222 3716//7222 3718//7222
f 3735//7223 3736//7223 3678//7223
f 3736//7224 3718//7224 3679//7224
f 3678//7225 3736//7225 3679//7225
f 3737//7226 3738//7226 3763//7226
f 3738//7227 3739//7227 3763//7227
f 3763//7228 3739//7228 3741//7228
f 3740//7229 3763//7229 3742//7229
f 3763//7230 3741//7230 3742//7230
f 3740//7231 3742//7231 3743//7231
f 3742//7232 3741//7232 3744//7232
f 3742//7233 3745//7233 3743//7233
f 3742//7234 3744//7234 3745//7234
f 3743//7235 3745//7235 3676//7235
f 3746//7236 4534//7236 3747//7236
f 4534//7237 3722//7237 3747//7237
f 3747//7238 3722//7238 3723//7238
f 3748//7239 3747//7239 3723//7239
f 3748//7240 3723//7240 3749//7240
f 3749//7241 3723//7241 3750//7241
f 3723//7242 3724//7242 3750//7242
f 3749//7243 3750//7243 3691//7243
f 4516//7244 3726//7244 3751//7244
f 4516//7245 3751//7245 3752//7245
f 3752//7246 3751//7246 3727//7246
f 3752//7247 3754//7247 3753//7247
f 3752//7248 3727//7248 3754//7248
f 3754//7249 3727//7249 3729//7249
f 3753//7250 3754//7250 3755//7250
f 3755//7251 3754//7251 3775//7251
f 3754//7252 3729//7252 3775//7252
f 3756//7253 3757//7253 3778//7253
f 3778//7254 3757//7254 3733//7254
f 3778//7255 3733//7255 3734//7255
f 3758//7256 3778//7256 3734//7256
f 3758//7257 3760//7257 3759//7257
f 3758//7258 3734//7258 3760//7258
f 3734//7259 3735//7259 3760//7259
f 3759//7260 3760//7260 3780//7260
f 3760//7261 3735//7261 3678//7261
f 3761//7262 3762//7262 3781//7262
f 3762//7263 3761//7263 3763//7263
f 3761//7264 3737//7264 3763//7264
f 3762//7265 3763//7265 3764//7265
f 3764//7266 3763//7266 3740//7266
f 3764//7267 3740//7267 3783//7267
f 3783//7268 3740//7268 3765//7268
f 3740//7269 3743//7269 3765//7269
f 3783//7270 3765//7270 3785//7270
f 3765//7271 3743//7271 3676//7271
f 3786//7272 3766//7272 3767//7272
f 3766//7273 3746//7273 3767//7273
f 3767//7274 3746//7274 3747//7274
f 3767//7275 3747//7275 3748//7275
f 3768//7276 3767//7276 3748//7276
f 3768//7277 3748//7277 3769//7277
f 3769//7278 3748//7278 3770//7278
f 3748//7279 3749//7279 3770//7279
f 3769//7280 3770//7280 3690//7280
f 3770//7281 3749//7281 3691//7281
f 3790//7282 3771//7282 3772//7282
f 3771//7283 3752//7283 3772//7283
f 3771//7284 4516//7284 3752//7284
f 3773//7285 3772//7285 3774//7285
f 3772//7286 3752//7286 3774//7286
f 3752//7287 3753//7287 3774//7287
f 3774//7288 3753//7288 3755//7288
f 3774//7289 3775//7289 3776//7289
f 3774//7290 3755//7290 3775//7290
f 3738//7291 3777//7291 3739//7291
f 3777//7292 3778//7292 3739//7292
f 3777//7293 3756//7293 3778//7293
f 3739//7294 3778//7294 3758//7294
f 3741//7295 3739//7295 3779//7295
f 3739//7296 3758//7296 3779//7296
f 3741//7297 3779//7297 3744//7297
f 3779//7298 3758//7298 3759//7298
f 3779//7299 3780//7299 3744//7299
f 3779//7300 3759//7300 3780//7300
f 3744//7301 3780//7301 3745//7301
f 3795//7302 3781//7302 3782//7302
f 3782//7303 3781//7303 3764//7303
f 3781//7304 3762//7304 3764//7304
f 3797//7305 3782//7305 3783//7305
f 3782//7306 3764//7306 3783//7306
f 3797//7307 3785//7307 3784//7307
f 3797//7308 3783//7308 3785//7308
f 3784//7309 3785//7309 3801//7309
f 3801//7310 3785//7310 3705//7310
f 3802//7311 3786//7311 3804//7311
f 3786//7312 3767//7312 3804//7312
f 3804//7313 3767//7313 3768//7313
f 3787//7314 3804//7314 3768//7314
f 3787//7315 3768//7315 3806//7315
f 3806//7316 3768//7316 3788//7316
f 3768//7317 3769//7317 3788//7317
f 3806//7318 3788//7318 3789//7318
f 3788//7319 3769//7319 3690//7319
f 3790//7320 3772//7320 3808//7320
f 3808//7321 3772//7321 3791//7321
f 3791//7322 3772//7322 3773//7322
f 3791//7323 3773//7323 3792//7323
f 3792//7324 3773//7324 3793//7324
f 3773//7325 3774//7325 3793//7325
f 3792//7326 3793//7326 3811//7326
f 3793//7327 3774//7327 3776//7327
f 3811//7328 3793//7328 3776//7328
f 3794//7329 3795//7329 3782//7329
f 3794//7330 3782//7330 3796//7330
f 3796//7331 3782//7331 3797//7331
f 3796//7332 3797//7332 3798//7332
f 3798//7333 3797//7333 3799//7333
f 3798//7334 3799//7334 3800//7334
f 3799//7335 3797//7335 3784//7335
f 3799//7336 3801//7336 3800//7336
f 3799//7337 3784//7337 3801//7337
f 3800//7338 3801//7338 3704//7338
f 3816//7339 3804//7339 3803//7339
f 3816//7340 3802//7340 3804//7340
f 3803//7341 3804//7341 3787//7341
f 3803//7342 3787//7342 3805//7342
f 3787//7343 3806//7343 3805//7343
f 3805//7344 3806//7344 3818//7344
f 3818//7345 3806//7345 3789//7345
f 3815//7346 3816//7346 3803//7346
f 3807//7347 3808//7347 3822//7347
f 3822//7348 3808//7348 3791//7348
f 3822//7349 3791//7349 3809//7349
f 3791//7350 3792//7350 3809//7350
f 3810//7351 3809//7351 3811//7351
f 3809//7352 3792//7352 3811//7352
f 3810//7353 3811//7353 3695//7353
f 3829//7354 3812//7354 3831//7354
f 3812//7355 3794//7355 3831//7355
f 3831//7356 3794//7356 3796//7356
f 3831//7357 3796//7357 3798//7357
f 3832//7358 3831//7358 3798//7358
f 3832//7359 3814//7359 3813//7359
f 3832//7360 3798//7360 3814//7360
f 3798//7361 3800//7361 3814//7361
f 3813//7362 3814//7362 3835//7362
f 3814//7363 3800//7363 3704//7363
f 3815//7364 3803//7364 3817//7364
f 3817//7365 3803//7365 3805//7365
f 3817//7366 3805//7366 3818//7366
f 3819//7367 3816//7367 3815//7367
f 3821//7368 3807//7368 3822//7368
f 3820//7369 3821//7369 3823//7369
f 3821//7370 3822//7370 3823//7370
f 3823//7371 3822//7371 3809//7371
f 3824//7372 3823//7372 3825//7372
f 3823//7373 3809//7373 3825//7373
f 3825//7374 3809//7374 3810//7374
f 3825//7375 3810//7375 3826//7375
f 3825//7376 3826//7376 3827//7376
f 3828//7377 3829//7377 3830//7377
f 3830//7378 3829//7378 3831//7378
f 3830//7379 3831//7379 3832//7379
f 3830//7380 3832//7380 3833//7380
f 3833//7381 3835//7381 3834//7381
f 3833//7382 3832//7382 3835//7382
f 3832//7383 3813//7383 3835//7383
f 3834//7384 3835//7384 3703//7384
f 3841//7385 3828//7385 3830//7385
f 3851//7386 4346//7386 3836//7386
f 4346//7387 3820//7387 3836//7387
f 3836//7388 3820//7388 3823//7388
f 3836//7389 3823//7389 3824//7389
f 3837//7390 3836//7390 3824//7390
f 3837//7391 3824//7391 3838//7391
f 3838//7392 3824//7392 3839//7392
f 3824//7393 3825//7393 3839//7393
f 3839//7394 3825//7394 3827//7394
f 3838//7395 3839//7395 3827//7395
f 3840//7396 3841//7396 3856//7396
f 3841//7397 3830//7397 3856//7397
f 3856//7398 3830//7398 3833//7398
f 3857//7399 3856//7399 3833//7399
f 3857//7400 3843//7400 3842//7400
f 3857//7401 3833//7401 3843//7401
f 3833//7402 3834//7402 3843//7402
f 3843//7403 3834//7403 3703//7403
f 3844//7404 3845//7404 3862//7404
f 3862//7405 3845//7405 3846//7405
f 3862//7406 3846//7406 3847//7406
f 3847//7407 3846//7407 3848//7407
f 3847//7408 3848//7408 3849//7408
f 3844//7409 3850//7409 3845//7409
f 3867//7410 3851//7410 3868//7410
f 3868//7411 3851//7411 3836//7411
f 3868//7412 3836//7412 3837//7412
f 3852//7413 3868//7413 3837//7413
f 3852//7414 3837//7414 3853//7414
f 3853//7415 3837//7415 3854//7415
f 3837//7416 3838//7416 3854//7416
f 3853//7417 3854//7417 3872//7417
f 3873//7418 3855//7418 3874//7418
f 3855//7419 3856//7419 3874//7419
f 3855//7420 3840//7420 3856//7420
f 3874//7421 3856//7421 3857//7421
f 3874//7422 3857//7422 3858//7422
f 3858//7423 3859//7423 3877//7423
f 3858//7424 3857//7424 3859//7424
f 3857//7425 3842//7425 3859//7425
f 3879//7426 3860//7426 3861//7426
f 3860//7427 3862//7427 3861//7427
f 3860//7428 3844//7428 3862//7428
f 3861//7429 3862//7429 3847//7429
f 3863//7430 3861//7430 3864//7430
f 3861//7431 3847//7431 3864//7431
f 3863//7432 3864//7432 3865//7432
f 3864//7433 3847//7433 3849//7433
f 3865//7434 3864//7434 3849//7434
f 3865//7435 3849//7435 3683//7435
f 3683//7436 3849//7436 3684//7436
f 3867//7437 3868//7437 3866//7437
f 3866//7438 3868//7438 3869//7438
f 3869//7439 3868//7439 3852//7439
f 3870//7440 3869//7440 3852//7440
f 3870//7441 3852//7441 3871//7441
f 3871//7442 3852//7442 3872//7442
f 3852//7443 3853//7443 3872//7443
f 3871//7444 3872//7444 3888//7444
f 3891//7445 3873//7445 3892//7445
f 3873//7446 3874//7446 3892//7446
f 3892//7447 3874//7447 3875//7447
f 3875//7448 3874//7448 3858//7448
f 3894//7449 3875//7449 3876//7449
f 3875//7450 3858//7450 3876//7450
f 3876//7451 3858//7451 3877//7451
f 3894//7452 3876//7452 3699//7452
f 3876//7453 3877//7453 3699//7453
f 3878//7454 3879//7454 3896//7454
f 3879//7455 3861//7455 3896//7455
f 3896//7456 3861//7456 3863//7456
f 3880//7457 3896//7457 3881//7457
f 3896//7458 3863//7458 3881//7458
f 3880//7459 3881//7459 3882//7459
f 3881//7460 3863//7460 3865//7460
f 3882//7461 3881//7461 3683//7461
f 3881//7462 3865//7462 3683//7462
f 3882//7463 3683//7463 3682//7463
f 3883//7464 3884//7464 3866//7464
f 3883//7465 3866//7465 3869//7465
f 3883//7466 3869//7466 3885//7466
f 3885//7467 3869//7467 3870//7467
f 3886//7468 3885//7468 3870//7468
f 3886//7469 3870//7469 3887//7469
f 3887//7470 3870//7470 3888//7470
f 3870//7471 3871//7471 3888//7471
f 3887//7472 3888//7472 3693//7472
f 3889//7473 3891//7473 3890//7473
f 3891//7474 3892//7474 3890//7474
f 3890//7475 3892//7475 3893//7475
f 3892//7476 3875//7476 3893//7476
f 3875//7477 3894//7477 3893//7477
f 3893//7478 3894//7478 3699//7478
f 3893//7479 3699//7479 3700//7479
f 3905//7480 3895//7480 3906//7480
f 3895//7481 3878//7481 3896//7481
f 3895//7482 3896//7482 3906//7482
f 3906//7483 3896//7483 3897//7483
f 3897//7484 3896//7484 3880//7484
f 3897//7485 3899//7485 3898//7485
f 3897//7486 3880//7486 3899//7486
f 3880//7487 3882//7487 3899//7487
f 3898//7488 3899//7488 3681//7488
f 3899//7489 3882//7489 3682//7489
f 3910//7490 3900//7490 3911//7490
f 3911//7491 3900//7491 3885//7491
f 3900//7492 3883//7492 3885//7492
f 3911//7493 3885//7493 3886//7493
f 3901//7494 3911//7494 3886//7494
f 3901//7495 3886//7495 3902//7495
f 3902//7496 3886//7496 3903//7496
f 3886//7497 3887//7497 3903//7497
f 3902//7498 3903//7498 3693//7498
f 3903//7499 3887//7499 3693//7499
f 3904//7500 3905//7500 3906//7500
f 3904//7501 3906//7501 3907//7501
f 3907//7502 3906//7502 3897//7502
f 3907//7503 3897//7503 3908//7503
f 3907//7504 3908//7504 3909//7504
f 3908//7505 3897//7505 3898//7505
f 3909//7506 3908//7506 3919//7506
f 3919//7507 3908//7507 3681//7507
f 3908//7508 3898//7508 3681//7508
f 4053//7509 3910//7509 3080//7509
f 3910//7510 3911//7510 3080//7510
f 3080//7511 3911//7511 3901//7511
f 3083//7512 3080//7512 3901//7512
f 3083//7513 3901//7513 3086//7513
f 3086//7514 3901//7514 3912//7514
f 3901//7515 3902//7515 3912//7515
f 3086//7516 3912//7516 3085//7516
f 3707//7517 3913//7517 3708//7517
f 3708//7518 3913//7518 3710//7518
f 3710//7519 3913//7519 3914//7519
f 3710//7520 3914//7520 3713//7520
f 3915//7521 3698//7521 3713//7521
f 3713//7522 3914//7522 3916//7522
f 3916//7523 3917//7523 3915//7523
f 3713//7524 3916//7524 3915//7524
f 3918//7525 3904//7525 3926//7525
f 3926//7526 3904//7526 3907//7526
f 3926//7527 3907//7527 3715//7527
f 3715//7528 3907//7528 3909//7528
f 3717//7529 3919//7529 3720//7529
f 3717//7530 3715//7530 3919//7530
f 3715//7531 3909//7531 3919//7531
f 3919//7532 3920//7532 3720//7532
f 3920//7533 3919//7533 3681//7533
f 3646//7534 3922//7534 3921//7534
f 3646//7535 3645//7535 3922//7535
f 3921//7536 3922//7536 3923//7536
f 3921//7537 3923//7537 3924//7537
f 3923//7538 3925//7538 3924//7538
f 3922//7539 3925//7539 3923//7539
f 3654//7540 3646//7540 3921//7540
f 3924//7541 3925//7541 3918//7541
f 3924//7542 3918//7542 3926//7542
f 3490//7543 3489//7543 4551//7543
f 4551//7544 3489//7544 3927//7544
f 3928//7545 4554//7545 3927//7545
f 4554//7546 4552//7546 3927//7546
f 4551//7547 3927//7547 4552//7547
f 3929//7548 4554//7548 3930//7548
f 3931//7549 4554//7549 3929//7549
f 3932//7549 4554//7549 3931//7549
f 3933//7549 4554//7549 3932//7549
f 3934//7548 4554//7548 3933//7548
f 3935//7548 4554//7548 3934//7548
f 3936//7548 4554//7548 3935//7548
f 3937//7548 4554//7548 3936//7548
f 3938//7549 4554//7549 3937//7549
f 3939//7548 4554//7548 3938//7548
f 3940//7549 4554//7549 3939//7549
f 3941//7548 4554//7548 3940//7548
f 3942//7548 4554//7548 3941//7548
f 3943//7548 4554//7548 3942//7548
f 3930//7549 4554//7549 3928//7549
f 3944//7549 4554//7549 3943//7549
f 3945//7549 4554//7549 3944//7549
f 3946//7548 4554//7548 3945//7548
f 3947//7548 4554//7548 3946//7548
f 3948//7548 4554//7548 3947//7548
f 3949//7548 4554//7548 3948//7548
f 3950//7549 4554//7549 3949//7549
f 3951//7548 4554//7548 3950//7548
f 3952//7549 4554//7549 3951//7549
f 3953//7548 4554//7548 3952//7548
f 3954//7548 4554//7548 3953//7548
f 3955//7548 4554//7548 3954//7548
f 3956//7549 4554//7549 3957//7549
f 3958//7549 4554//7549 3956//7549
f 3959//7549 4554//7549 3958//7549
f 3960//7548 4554//7548 3959//7548
f 3961//7549 4554//7549 3960//7549
f 3962//7549 4554//7549 3961//7549
f 3963//7548 4554//7548 3962//7548
f 3964//7549 4554//7549 3963//7549
f 3957//7548 4554//7548 3955//7548
f 3965//7548 4554//7548 3964//7548
f 3966//7549 4554//7549 3965//7549
f 3967//7548 4554//7548 3966//7548
f 3968//7549 4554//7549 3967//7549
f 3969//7548 4554//7548 3968//7548
f 3970//7548 4554//7548 3969//7548
f 3971//7548 4554//7548 3970//7548
f 3972//7549 4554//7549 3971//7549
f 3973//7549 4554//7549 3972//7549
f 3974//7548 4554//7548 3973//7548
f 3975//7549 4554//7549 3974//7549
f 3976//7548 4554//7548 3975//7548
f 3977//7549 4554//7549 3978//7549
f 3979//7548 4554//7548 3977//7548
f 3980//7548 4554//7548 3979//7548
f 3981//7548 4554//7548 3980//7548
f 3982//7549 4554//7549 3981//7549
f 3983//7548 4554//7548 3982//7548
f 3984//7549 4554//7549 3983//7549
f 3985//7548 4554//7548 3984//7548
f 3986//7549 4554//7549 3985//7549
f 3978//7548 4554//7548 3976//7548
f 3987//7548 4554//7548 3986//7548
f 3988//7548 4554//7548 3989//7548
f 3990//7549 4554//7549 3988//7549
f 3991//7548 4554//7548 3990//7548
f 3992//7548 4554//7548 3991//7548
f 3993//7548 4554//7548 3992//7548
f 3994//7549 4554//7549 3993//7549
f 3995//7548 4554//7548 3994//7548
f 3996//7549 4554//7549 3995//7549
f 3997//7548 4554//7548 3996//7548
f 3998//7548 4554//7548 3997//7548
f 3999//7548 4554//7548 3998//7548
f 4000//7548 4554//7548 3999//7548
f 4001//7549 4554//7549 4000//7549
f 4002//7549 4554//7549 4001//7549
f 3989//7548 4554//7548 3987//7548
f 4003//7549 4554//7549 4002//7549
f 4004//7548 4554//7548 4005//7548
f 4006//7548 4554//7548 4004//7548
f 4007//7550 3707//7550 4554//7550
f 4007//7549 4554//7549 4006//7549
f 4008//7551 3707//7551 4007//7551
f 4009//7551 3707//7551 4008//7551
f 4010//7551 3707//7551 4009//7551
f 4011//7551 3707//7551 4010//7551
f 4012//7552 3707//7552 4011//7552
f 4013//7552 3707//7552 4012//7552
f 4014//7551 3707//7551 4013//7551
f 4015//7552 3707//7552 4014//7552
f 4016//7552 3707//7552 4015//7552
f 4017//7551 3707//7551 4016//7551
f 4018//7551 3707//7551 4017//7551
f 4005//7549 4554//7549 4003//7549
f 4019//7551 3707//7551 4018//7551
f 4020//7552 3707//7552 4021//7552
f 4022//7551 3707//7551 4020//7551
f 4023//7552 3707//7552 4022//7552
f 4024//7551 3707//7551 4023//7551
f 4025//7551 3707//7551 4024//7551
f 4026//7552 3707//7552 4025//7552
f 4027//7551 3707//7551 4026//7551
f 4028//7551 3707//7551 4027//7551
f 4029//7551 3707//7551 4028//7551
f 4030//7552 3707//7552 4029//7552
f 4031//7551 3707//7551 4030//7551
f 4032//7552 3707//7552 4031//7552
f 4033//7551 3707//7551 4032//7551
f 4034//7551 3707//7551 4033//7551
f 4021//7551 3707//7551 4019//7551
f 4035//7552 3707//7552 4034//7552
f 4036//7551 3707//7551 4037//7551
f 4038//7552 3707//7552 4036//7552
f 4039//7552 3707//7552 4038//7552
f 4040//7552 3707//7552 4039//7552
f 4041//7551 3707//7551 4040//7551
f 4042//7551 3707//7551 4041//7551
f 4043//7551 3707//7551 4042//7551
f 4044//7552 3707//7552 4043//7552
f 4045//7551 3707//7551 4044//7551
f 4046//7551 3707//7551 4045//7551
f 4047//7552 3707//7552 4046//7552
f 4048//7552 3707//7552 4047//7552
f 4049//7552 3707//7552 4048//7552
f 3913//7553 3707//7553 4049//7553
f 4037//7551 3707//7551 4035//7551
f 3564//7554 3563//7554 4050//7554
f 3564//7555 4051//7555 3579//7555
f 3564//7556 4052//7556 4051//7556
f 3564//7557 4050//7557 4052//7557
f 4556//7558 3579//7558 4051//7558
f 4556//7559 4051//7559 4053//7559
f 4053//7560 4051//7560 3910//7560
f 4051//7561 4052//7561 3910//7561
f 3645//7562 4054//7562 4055//7562
f 4054//7563 4056//7563 4055//7563
f 3645//7564 4055//7564 3922//7564
f 4056//7565 4057//7565 4055//7565
f 3922//7566 4055//7566 3925//7566
f 4055//7567 4057//7567 4058//7567
f 4055//7568 4058//7568 3925//7568
f 3633//7569 4054//7569 3645//7569
f 3925//7570 4058//7570 3904//7570
f 4058//7571 4057//7571 3905//7571
f 3925//7572 3904//7572 3918//7572
f 4058//7573 3905//7573 3904//7573
f 3563//7574 3562//7574 4050//7574
f 3562//7575 4059//7575 4050//7575
f 4050//7576 4059//7576 4060//7576
f 4050//7577 4061//7577 4052//7577
f 4050//7578 4060//7578 4061//7578
f 4052//7579 4061//7579 3910//7579
f 4061//7580 4060//7580 3900//7580
f 4061//7581 3900//7581 3910//7581
f 3633//7582 4062//7582 4054//7582
f 3633//7583 3626//7583 4062//7583
f 4054//7584 4062//7584 4056//7584
f 4056//7585 4062//7585 4063//7585
f 4057//7586 4056//7586 4064//7586
f 4056//7587 4063//7587 4064//7587
f 4063//7588 4176//7588 4064//7588
f 4064//7589 4176//7589 3878//7589
f 4057//7590 4064//7590 3905//7590
f 4064//7591 3895//7591 3905//7591
f 4064//7592 3878//7592 3895//7592
f 3484//7593 3477//7593 4066//7593
f 3484//7594 4066//7594 4067//7594
f 4065//7595 3484//7595 4067//7595
f 4065//7596 4069//7596 4068//7596
f 4065//7597 4067//7597 4069//7597
f 3889//7598 4070//7598 4068//7598
f 3889//7599 4071//7599 4070//7599
f 3889//7599 4072//7599 4071//7599
f 3889//7599 4073//7599 4072//7599
f 3889//7599 4074//7599 4073//7599
f 3889//7599 4075//7599 4074//7599
f 3889//7599 4076//7599 4075//7599
f 3889//7599 4077//7599 4076//7599
f 3889//7599 4078//7599 4077//7599
f 3889//7599 4079//7599 4080//7599
f 3889//7599 4081//7599 4079//7599
f 3889//7599 4082//7599 4081//7599
f 3889//7599 4083//7599 4082//7599
f 3889//7600 4084//7600 4083//7600
f 3889//7599 4085//7599 4084//7599
f 3889//7599 4086//7599 4085//7599
f 3889//7599 4087//7599 4086//7599
f 3889//7599 4088//7599 4087//7599
f 3889//7599 4089//7599 4088//7599
f 3889//7599 4080//7599 4078//7599
f 3889//7599 4090//7599 4089//7599
f 3889//7599 4091//7599 4092//7599
f 3889//7599 4093//7599 4091//7599
f 4068//7601 4069//7601 3889//7601
f 3889//7599 4094//7599 4093//7599
f 3889//7599 4095//7599 4094//7599
f 3889//7599 4096//7599 4095//7599
f 3889//7599 4097//7599 4096//7599
f 3889//7600 4098//7600 4097//7600
f 3889//7599 4099//7599 4098//7599
f 3889//7599 4100//7599 4099//7599
f 3889//7599 4101//7599 4100//7599
f 3889//7600 4092//7600 4090//7600
f 3889//7599 4102//7599 4101//7599
f 3889//7600 4103//7600 4104//7600
f 3889//7599 4105//7599 4103//7599
f 3889//7599 4106//7599 4105//7599
f 3889//7599 4107//7599 4106//7599
f 3889//7599 4108//7599 4107//7599
f 3889//7599 4109//7599 4108//7599
f 3889//7599 4110//7599 4109//7599
f 3889//7600 4111//7600 4110//7600
f 3889//7599 4112//7599 4111//7599
f 3889//7599 4113//7599 4112//7599
f 3889//7599 4104//7599 4102//7599
f 3889//7600 4114//7600 4113//7600
f 3889//7599 4115//7599 4116//7599
f 3889//7599 4117//7599 4115//7599
f 3889//7599 4118//7599 4117//7599
f 3889//7599 4119//7599 4118//7599
f 3889//7599 4120//7599 4119//7599
f 3889//7599 4121//7599 4120//7599
f 3889//7599 4122//7599 4121//7599
f 3889//7599 4123//7599 4122//7599
f 3889//7602 4124//7602 4123//7602
f 3889//7599 4125//7599 4124//7599
f 3889//7599 4116//7599 4114//7599
f 3889//7599 4126//7599 4125//7599
f 3889//7600 4127//7600 4128//7600
f 3889//7599 4129//7599 4127//7599
f 3889//7599 4130//7599 4129//7599
f 3889//7599 4131//7599 4130//7599
f 3889//7599 4132//7599 4131//7599
f 3889//7603 4133//7603 4132//7603
f 3889//7599 4134//7599 4133//7599
f 3889//7600 4135//7600 4134//7600
f 3889//7599 4136//7599 4135//7599
f 3889//7599 4137//7599 4136//7599
f 3889//7599 4128//7599 4126//7599
f 3889//7599 4138//7599 4137//7599
f 3889//7599 4139//7599 4140//7599
f 3889//7599 4141//7599 4139//7599
f 3889//7599 4142//7599 4141//7599
f 3889//7599 4143//7599 4142//7599
f 3889//7599 4144//7599 4143//7599
f 3889//7599 4145//7599 4144//7599
f 3889//7599 4146//7599 4145//7599
f 3889//7599 4147//7599 4146//7599
f 3889//7599 4148//7599 4147//7599
f 3889//7599 4149//7599 4148//7599
f 3889//7599 4140//7599 4138//7599
f 3889//7603 4150//7603 4149//7603
f 3889//7599 4151//7599 4152//7599
f 3889//7599 4153//7599 4151//7599
f 3889//7599 4154//7599 4153//7599
f 3889//7599 4155//7599 4154//7599
f 3889//7599 4156//7599 4155//7599
f 3889//7599 4157//7599 4156//7599
f 3889//7599 4158//7599 4157//7599
f 3889//7599 4159//7599 4158//7599
f 3889//7599 4160//7599 4159//7599
f 3889//7600 4161//7600 4160//7600
f 3889//7600 4152//7600 4150//7600
f 3889//7599 4162//7599 4161//7599
f 3889//7599 4163//7599 4164//7599
f 3889//7599 4165//7599 4163//7599
f 3889//7599 4166//7599 4165//7599
f 3889//7599 4167//7599 4166//7599
f 3889//7599 4168//7599 4167//7599
f 3889//7599 4169//7599 4168//7599
f 3889//7599 4170//7599 4169//7599
f 3889//7599 4171//7599 4170//7599
f 3889//7604 3890//7604 4171//7604
f 3889//7599 4164//7599 4162//7599
f 3889//7605 4069//7605 3891//7605
f 3562//7606 3555//7606 4059//7606
f 3555//7607 4172//7607 4059//7607
f 4059//7608 4173//7608 4060//7608
f 4059//7609 4172//7609 4173//7609
f 4060//7610 4173//7610 3883//7610
f 4173//7611 3884//7611 3883//7611
f 4173//7612 4182//7612 3884//7612
f 3900//7613 4060//7613 3883//7613
f 3626//7614 4174//7614 4062//7614
f 4062//7615 4174//7615 4063//7615
f 4063//7616 4174//7616 4176//7616
f 4174//7617 4175//7617 4176//7617
f 4176//7618 4175//7618 4177//7618
f 3619//7619 4174//7619 3626//7619
f 4176//7620 4177//7620 3879//7620
f 4176//7621 3879//7621 3878//7621
f 3477//7622 4178//7622 4066//7622
f 4066//7623 4178//7623 4067//7623
f 4067//7624 4178//7624 4180//7624
f 4178//7625 4179//7625 4180//7625
f 4067//7626 4180//7626 4069//7626
f 3477//7627 3467//7627 4178//7627
f 4069//7628 4180//7628 3891//7628
f 4180//7629 4179//7629 3873//7629
f 3891//7630 4180//7630 3873//7630
f 3555//7631 3554//7631 4172//7631
f 4172//7632 3554//7632 4181//7632
f 4172//7633 4181//7633 4182//7633
f 4181//7634 4183//7634 4182//7634
f 4172//7635 4182//7635 4173//7635
f 4182//7636 4183//7636 3866//7636
f 3866//7637 4183//7637 3867//7637
f 3884//7638 4182//7638 3866//7638
f 4174//7639 3611//7639 4184//7639
f 4174//7640 4184//7640 4185//7640
f 4174//7641 4185//7641 4175//7641
f 4175//7642 4185//7642 4177//7642
f 3619//7643 3611//7643 4174//7643
f 4177//7644 4185//7644 3860//7644
f 4177//7645 3860//7645 3879//7645
f 3467//7646 4186//7646 4178//7646
f 3467//7647 4187//7647 4186//7647
f 4186//7648 4187//7648 4188//7648
f 4186//7649 4188//7649 4179//7649
f 4179//7650 4188//7650 4190//7650
f 4188//7651 4189//7651 4190//7651
f 3467//7652 3472//7652 4187//7652
f 4178//7653 4186//7653 4179//7653
f 4179//7654 4190//7654 3855//7654
f 4179//7655 3855//7655 3873//7655
f 3548//7656 3536//7656 4341//7656
f 3554//7657 3548//7657 4191//7657
f 4191//7658 3548//7658 4341//7658
f 3554//7659 4191//7659 4181//7659
f 4191//7660 4341//7660 4192//7660
f 4181//7661 4191//7661 4192//7661
f 4183//7662 4181//7662 4192//7662
f 4183//7663 4192//7663 3867//7663
f 4192//7664 3851//7664 3867//7664
f 3610//7665 4193//7665 4184//7665
f 4185//7666 4184//7666 4194//7666
f 4184//7667 4193//7667 4194//7667
f 3611//7668 3610//7668 4184//7668
f 4194//7669 4193//7669 4195//7669
f 4194//7670 4196//7670 4197//7670
f 4194//7671 4197//7671 4198//7671
f 4194//7670 4198//7670 4199//7670
f 4194//7671 4199//7671 4200//7671
f 4194//7670 4200//7670 4201//7670
f 4194//7671 4201//7671 4202//7671
f 4194//7670 4202//7670 4203//7670
f 4194//7670 4203//7670 4204//7670
f 4194//7671 4204//7671 4205//7671
f 4194//7670 4205//7670 4206//7670
f 4194//7671 4206//7671 4207//7671
f 4194//7670 4207//7670 4208//7670
f 4194//7670 4208//7670 4209//7670
f 4194//7670 4209//7670 4210//7670
f 4194//7671 4195//7671 4196//7671
f 4194//7670 4210//7670 4211//7670
f 4194//7670 4212//7670 4213//7670
f 4194//7671 4213//7671 4214//7671
f 4194//7670 4214//7670 4215//7670
f 4194//7671 4215//7671 4216//7671
f 4194//7670 4216//7670 4217//7670
f 4194//7670 4217//7670 4218//7670
f 4194//7670 4218//7670 4219//7670
f 4194//7670 4219//7670 4220//7670
f 4194//7670 4220//7670 4221//7670
f 4194//7671 4221//7671 4222//7671
f 4194//7670 4222//7670 4223//7670
f 4194//7671 4223//7671 4224//7671
f 4194//7670 4224//7670 4225//7670
f 4194//7670 4225//7670 4226//7670
f 4194//7670 4211//7670 4212//7670
f 4194//7671 4226//7671 4227//7671
f 4194//7671 4228//7671 4229//7671
f 4194//7670 4229//7670 4230//7670
f 4194//7671 4230//7671 4231//7671
f 4194//7670 4231//7670 4232//7670
f 4194//7671 4232//7671 4233//7671
f 4194//7670 4233//7670 4234//7670
f 4194//7670 4234//7670 4235//7670
f 4194//7671 4235//7671 4236//7671
f 4194//7670 4236//7670 4237//7670
f 4194//7671 4237//7671 4238//7671
f 4194//7670 4238//7670 4239//7670
f 4194//7671 4239//7671 4240//7671
f 4194//7670 4240//7670 4241//7670
f 4194//7671 4241//7671 4242//7671
f 4194//7670 4227//7670 4228//7670
f 4194//7670 4242//7670 4243//7670
f 4194//7670 4244//7670 4245//7670
f 4194//7670 4245//7670 4246//7670
f 4194//7671 4246//7671 4247//7671
f 4194//7670 4247//7670 4248//7670
f 4194//7671 4248//7671 4249//7671
f 4194//7670 4249//7670 4250//7670
f 4194//7671 4250//7671 4251//7671
f 4194//7670 4251//7670 4252//7670
f 4194//7670 4252//7670 4253//7670
f 4194//7670 4253//7670 4254//7670
f 4194//7670 4254//7670 4255//7670
f 4194//7671 4255//7671 4256//7671
f 4194//7670 4256//7670 4257//7670
f 4194//7671 4257//7671 4258//7671
f 4194//7670 4243//7670 4244//7670
f 4194//7670 4258//7670 4259//7670
f 4194//7670 4260//7670 4261//7670
f 4194//7670 4261//7670 4262//7670
f 4194//7671 4262//7671 4263//7671
f 4194//7670 4263//7670 4264//7670
f 4194//7671 4264//7671 4265//7671
f 4194//7670 4265//7670 4266//7670
f 4194//7671 4266//7671 4267//7671
f 4194//7670 4267//7670 4268//7670
f 4194//7670 4268//7670 4269//7670
f 4194//7670 4269//7670 4270//7670
f 4194//7670 4270//7670 4271//7670
f 4194//7671 4271//7671 4272//7671
f 4194//7670 4272//7670 4273//7670
f 4194//7671 4273//7671 4274//7671
f 4194//7670 4259//7670 4260//7670
f 4194//7670 4274//7670 4275//7670
f 4194//7670 4276//7670 4277//7670
f 4194//7671 4277//7671 4278//7671
f 4194//7670 4278//7670 4279//7670
f 4194//7670 4279//7670 4280//7670
f 4194//7671 4280//7671 4281//7671
f 4194//7670 4281//7670 4282//7670
f 4194//7671 4282//7671 4283//7671
f 4194//7670 4283//7670 4284//7670
f 4194//7671 4284//7671 4285//7671
f 4194//7670 4285//7670 4286//7670
f 4194//7671 4286//7671 4287//7671
f 4194//7670 4287//7670 4288//7670
f 4185//7672 4194//7672 3844//7672
f 4194//7670 4288//7670 4289//7670
f 4194//7671 4289//7671 4290//7671
f 4194//7671 4275//7671 4276//7671
f 4194//7670 4290//7670 4291//7670
f 4194//7670 4292//7670 4293//7670
f 4194//7670 4293//7670 4294//7670
f 4194//7670 4294//7670 4295//7670
f 4194//7670 4295//7670 4296//7670
f 4194//7670 4296//7670 4297//7670
f 4194//7670 4297//7670 4298//7670
f 4194//7671 4298//7671 4299//7671
f 4194//7670 4299//7670 4300//7670
f 4194//7671 4300//7671 4301//7671
f 4194//7670 4301//7670 4302//7670
f 3844//7673 4194//7673 4302//7673
f 3844//7674 4302//7674 4303//7674
f 3844//7674 4303//7674 4304//7674
f 3844//7675 4304//7675 4305//7675
f 3844//7674 4305//7674 4306//7674
f 4194//7671 4291//7671 4292//7671
f 3844//7675 4306//7675 4307//7675
f 3844//7674 4308//7674 4309//7674
f 3844//7674 4309//7674 4310//7674
f 3844//7674 4310//7674 4311//7674
f 3844//7674 4311//7674 4312//7674
f 3844//7675 4312//7675 4313//7675
f 3844//7674 4313//7674 4314//7674
f 3844//7674 4314//7674 4315//7674
f 3844//7675 4315//7675 4316//7675
f 3844//7674 4316//7674 4317//7674
f 3844//7674 4317//7674 4318//7674
f 3844//7674 4318//7674 4319//7674
f 3844//7674 4319//7674 4320//7674
f 3844//7674 4320//7674 4321//7674
f 3844//7675 4321//7675 4322//7675
f 3844//7674 4307//7674 4308//7674
f 3844//7674 4322//7674 4323//7674
f 3844//7674 4324//7674 4325//7674
f 3844//7676 4325//7676 4326//7676
f 3844//7674 4326//7674 4327//7674
f 3844//7674 4327//7674 4328//7674
f 3844//7674 4328//7674 4329//7674
f 3844//7675 4329//7675 4330//7675
f 3844//7674 4330//7674 4331//7674
f 3844//7674 4331//7674 4332//7674
f 3844//7675 4332//7675 4333//7675
f 3844//7674 4333//7674 4334//7674
f 3844//7674 4334//7674 4335//7674
f 3844//7674 4335//7674 4336//7674
f 3844//7674 4336//7674 4337//7674
f 3844//7674 4337//7674 4338//7674
f 3844//7675 4323//7675 4324//7675
f 3844//7675 4338//7675 3850//7675
f 4185//7677 3844//7677 3860//7677
f 3472//7678 4339//7678 4187//7678
f 4188//7679 4187//7679 4189//7679
f 4187//7680 4339//7680 4189//7680
f 4339//7681 4340//7681 4189//7681
f 3456//7682 4339//7682 3472//7682
f 4190//7683 4189//7683 3855//7683
f 4189//7684 4340//7684 3841//7684
f 3855//7685 4189//7685 3840//7685
f 4189//7686 3841//7686 3840//7686
f 3536//7687 3532//7687 4341//7687
f 4341//7688 3532//7688 4342//7688
f 3532//7689 4343//7689 4342//7689
f 4341//7690 4345//7690 4192//7690
f 4341//7691 4342//7691 4345//7691
f 4342//7692 4344//7692 4345//7692
f 4343//7693 4344//7693 4342//7693
f 4192//7694 4345//7694 4346//7694
f 4345//7695 4344//7695 4346//7695
f 4346//7696 4344//7696 3820//7696
f 3851//7697 4192//7697 4346//7697
f 3456//7698 3462//7698 4339//7698
f 4339//7699 3462//7699 4347//7699
f 3462//7700 4486//7700 4347//7700
f 4339//7701 4347//7701 4340//7701
f 4347//7702 4348//7702 4340//7702
f 4347//7703 4486//7703 4348//7703
f 4340//7704 4348//7704 3828//7704
f 4348//7705 4488//7705 3829//7705
f 4340//7706 3828//7706 3841//7706
f 4348//7707 3829//7707 3828//7707
f 3532//7708 4349//7708 4343//7708
f 4349//7709 4351//7709 4343//7709
f 4349//7710 4350//7710 4351//7710
f 4343//7711 4351//7711 4352//7711
f 4344//7712 4343//7712 4353//7712
f 4343//7713 4352//7713 4353//7713
f 3532//7714 3531//7714 4349//7714
f 3531//7715 4350//7715 4349//7715
f 4344//7716 4353//7716 3820//7716
f 4353//7717 4352//7717 3821//7717
f 3820//7718 4353//7718 3821//7718
f 3607//7719 4491//7719 4355//7719
f 3607//7720 4355//7720 4354//7720
f 4354//7721 4355//7721 4356//7721
f 4354//7722 4356//7722 4357//7722
f 4357//7723 4356//7723 4358//7723
f 4358//7723 4356//7723 4359//7723
f 4359//7724 4356//7724 4360//7724
f 4360//7723 4356//7723 4361//7723
f 4361//7723 4356//7723 4362//7723
f 4362//7723 4356//7723 4363//7723
f 4363//7723 4356//7723 4364//7723
f 4364//7723 4356//7723 4365//7723
f 4365//7723 4356//7723 4366//7723
f 4366//7723 4356//7723 4367//7723
f 4368//7723 4356//7723 4369//7723
f 4369//7723 4356//7723 4370//7723
f 4370//7723 4356//7723 4371//7723
f 4371//7723 4356//7723 4372//7723
f 4372//7723 4356//7723 4373//7723
f 4373//7724 4356//7724 4374//7724
f 4374//7723 4356//7723 4375//7723
f 4375//7723 4356//7723 4376//7723
f 4376//7723 4356//7723 4377//7723
f 4377//7724 4356//7724 4378//7724
f 4378//7723 4356//7723 4379//7723
f 4379//7724 4356//7724 4380//7724
f 4380//7723 4356//7723 4381//7723
f 4367//7724 4356//7724 4368//7724
f 4381//7724 4356//7724 4382//7724
f 4383//7723 4356//7723 4384//7723
f 4384//7723 4356//7723 4385//7723
f 4385//7723 4356//7723 4386//7723
f 4386//7724 4356//7724 4387//7724
f 4387//7723 4356//7723 4388//7723
f 4388//7725 4356//7725 3816//7725
f 4388//7726 3816//7726 4389//7726
f 4389//7727 3816//7727 4390//7727
f 4390//7728 3816//7728 4391//7728
f 4391//7727 3816//7727 4392//7727
f 4392//7728 3816//7728 4393//7728
f 4393//7727 3816//7727 4394//7727
f 4394//7726 3816//7726 4395//7726
f 4395//7727 3816//7727 4396//7727
f 4382//7723 4356//7723 4383//7723
f 4396//7727 3816//7727 4397//7727
f 4398//7728 3816//7728 4399//7728
f 4399//7727 3816//7727 4400//7727
f 4400//7727 3816//7727 4401//7727
f 4401//7727 3816//7727 4402//7727
f 4402//7727 3816//7727 4403//7727
f 4403//7727 3816//7727 4404//7727
f 4404//7727 3816//7727 4405//7727
f 4405//7727 3816//7727 4406//7727
f 4406//7728 3816//7728 4407//7728
f 4407//7727 3816//7727 4408//7727
f 4408//7728 3816//7728 4409//7728
f 4409//7727 3816//7727 4410//7727
f 4410//7727 3816//7727 4411//7727
f 4397//7727 3816//7727 4398//7727
f 4411//7727 3816//7727 4412//7727
f 4413//7727 3816//7727 4414//7727
f 4414//7728 3816//7728 4415//7728
f 4415//7727 3816//7727 4416//7727
f 4416//7727 3816//7727 4417//7727
f 4417//7727 3816//7727 4418//7727
f 4418//7727 3816//7727 4419//7727
f 4419//7727 3816//7727 4420//7727
f 4420//7727 3816//7727 4421//7727
f 4421//7727 3816//7727 4422//7727
f 4422//7728 3816//7728 4423//7728
f 4423//7727 3816//7727 4424//7727
f 4412//7727 3816//7727 4413//7727
f 4424//7727 3816//7727 4425//7727
f 4426//7726 3816//7726 4427//7726
f 4427//7727 3816//7727 4428//7727
f 4428//7728 3816//7728 4429//7728
f 4429//7727 3816//7727 4430//7727
f 4430//7728 3816//7728 4431//7728
f 4431//7727 3816//7727 4432//7727
f 4432//7727 3816//7727 4433//7727
f 4433//7727 3816//7727 4434//7727
f 4434//7727 3816//7727 4435//7727
f 4435//7727 3816//7727 4436//7727
f 4436//7728 3816//7728 4437//7728
f 4437//7727 3816//7727 4438//7727
f 4438//7728 3816//7728 4439//7728
f 4425//7727 3816//7727 4426//7727
f 4439//7727 3816//7727 4440//7727
f 4441//7727 3816//7727 4442//7727
f 4442//7727 3816//7727 4443//7727
f 4443//7727 3816//7727 4444//7727
f 4444//7727 3816//7727 4445//7727
f 4445//7727 3816//7727 4446//7727
f 4446//7728 3816//7728 4447//7728
f 4447//7727 3816//7727 4448//7727
f 4448//7726 3816//7726 4449//7726
f 4449//7727 3816//7727 4450//7727
f 4450//7727 3816//7727 4451//7727
f 4451//7727 3816//7727 4452//7727
f 4452//7728 3816//7728 4453//7728
f 4453//7727 3816//7727 4454//7727
f 4440//7727 3816//7727 4441//7727
f 4454//7727 3816//7727 4455//7727
f 4456//7727 3816//7727 4457//7727
f 4457//7727 3816//7727 4458//7727
f 4458//7728 3816//7728 4459//7728
f 4459//7727 3816//7727 4460//7727
f 4460//7727 3816//7727 4461//7727
f 4461//7727 3816//7727 4462//7727
f 4462//7728 3816//7728 4463//7728
f 4463//7727 3816//7727 4464//7727
f 4464//7727 3816//7727 4465//7727
f 4465//7727 3816//7727 4466//7727
f 4466//7727 3816//7727 4467//7727
f 4467//7727 3816//7727 4468//7727
f 4468//7728 3816//7728 4469//7728
f 4455//7727 3816//7727 4456//7727
f 4469//7727 3816//7727 4470//7727
f 4471//7727 3816//7727 4472//7727
f 4472//7727 3816//7727 4473//7727
f 4473//7727 3816//7727 4474//7727
f 4474//7727 3816//7727 4475//7727
f 4475//7728 3816//7728 4476//7728
f 4476//7727 3816//7727 4477//7727
f 4477//7727 3816//7727 4478//7727
f 4478//7728 3816//7728 4479//7728
f 4479//7727 3816//7727 4480//7727
f 4480//7727 3816//7727 4481//7727
f 4481//7727 3816//7727 4482//7727
f 4482//7726 3816//7726 4483//7726
f 4483//7727 3816//7727 4484//7727
f 4470//7728 3816//7728 4471//7728
f 4484//7728 3816//7728 3819//7728
f 3449//7729 4485//7729 3462//7729
f 3462//7730 4485//7730 4486//7730
f 4485//7731 4487//7731 4486//7731
f 4486//7732 4488//7732 4348//7732
f 4486//7733 4487//7733 4488//7733
f 4488//7734 4487//7734 3794//7734
f 4488//7735 3794//7735 3812//7735
f 3829//7736 4488//7736 3812//7736
f 4350//7737 4489//7737 4351//7737
f 4351//7738 4490//7738 4352//7738
f 4351//7739 4489//7739 4490//7739
f 3531//7740 3518//7740 4350//7740
f 4352//7741 4490//7741 3807//7741
f 3821//7742 4352//7742 3807//7742
f 3807//7743 4490//7743 3808//7743
f 4491//7744 3596//7744 4492//7744
f 4355//7745 4491//7745 4493//7745
f 4491//7746 4492//7746 4493//7746
f 4355//7747 4493//7747 4356//7747
f 3596//7748 4491//7748 3607//7748
f 4492//7749 4503//7749 4493//7749
f 4356//7750 4493//7750 3802//7750
f 4493//7751 4503//7751 3802//7751
f 3816//7752 4356//7752 3802//7752
f 3444//7753 4494//7753 3449//7753
f 4485//7754 3449//7754 4494//7754
f 4485//7755 4494//7755 4487//7755
f 4494//7756 4495//7756 4487//7756
f 4487//7757 4495//7757 3794//7757
f 3794//7758 4495//7758 3795//7758
f 4350//7759 4496//7759 4489//7759
f 4489//7760 4496//7760 4498//7760
f 4489//7761 4498//7761 4499//7761
f 4499//7762 4498//7762 4500//7762
f 3518//7763 3514//7763 4496//7763
f 4496//7764 3514//7764 4497//7764
f 4489//7765 4499//7765 4490//7765
f 3518//7766 4496//7766 4350//7766
f 4499//7767 4500//7767 3790//7767
f 4490//7768 4499//7768 3808//7768
f 4499//7769 3790//7769 3808//7769
f 3592//7770 4501//7770 3596//7770
f 3592//7771 4502//7771 4501//7771
f 3596//7772 4501//7772 4492//7772
f 4492//7773 4504//7773 4503//7773
f 4492//7774 4501//7774 4504//7774
f 4503//7775 4504//7775 3786//7775
f 3802//7776 4503//7776 3786//7776
f 3444//7777 3443//7777 4494//7777
f 4494//7778 3443//7778 4505//7778
f 4505//7779 3443//7779 4506//7779
f 4494//7780 4507//7780 4495//7780
f 4494//7781 4505//7781 4507//7781
f 4505//7782 4508//7782 4507//7782
f 4505//7783 4506//7783 4508//7783
f 4495//7784 4507//7784 3795//7784
f 4507//7785 4508//7785 3781//7785
f 4507//7786 3781//7786 3795//7786
f 4510//7787 4509//7787 4512//7787
f 4509//7788 4523//7788 4511//7788
f 4512//7789 4509//7789 4511//7789
f 4510//7790 4512//7790 4537//7790
f 4535//7791 3431//7791 4509//7791
f 3431//7792 3666//7792 4509//7792
f 3666//7793 4523//7793 4509//7793
f 4535//7794 4509//7794 4510//7794
f 4537//7795 4512//7795 3738//7795
f 4512//7796 4511//7796 3777//7796
f 4511//7797 3756//7797 3777//7797
f 4512//7798 3777//7798 3738//7798
f 3512//7799 4513//7799 3514//7799
f 3514//7800 4513//7800 4497//7800
f 4497//7801 4513//7801 4514//7801
f 4497//7802 4514//7802 4515//7802
f 4500//7803 4497//7803 4515//7803
f 4498//7804 4497//7804 4500//7804
f 4496//7805 4497//7805 4498//7805
f 4515//7806 4514//7806 3771//7806
f 4500//7807 4515//7807 3790//7807
f 3790//7808 4515//7808 3771//7808
f 4514//7809 4516//7809 3771//7809
f 4501//7810 4502//7810 4517//7810
f 4501//7811 4517//7811 4518//7811
f 4501//7812 4518//7812 4504//7812
f 4517//7813 4519//7813 4518//7813
f 4502//7814 4532//7814 4517//7814
f 4504//7815 4518//7815 3766//7815
f 4518//7816 4519//7816 3766//7816
f 4519//7817 3746//7817 3766//7817
f 4504//7818 3766//7818 3786//7818
f 3443//7819 3436//7819 4520//7819
f 3443//7820 4520//7820 4506//7820
f 4506//7821 4520//7821 4508//7821
f 4520//7822 4521//7822 4508//7822
f 4520//7823 4536//7823 4521//7823
f 4508//7824 4521//7824 3761//7824
f 4508//7825 3761//7825 3781//7825
f 3666//7826 3665//7826 4523//7826
f 4523//7827 3665//7827 4524//7827
f 4511//7828 4523//7828 4525//7828
f 4523//7829 4526//7829 4525//7829
f 4523//7830 4524//7830 4526//7830
f 4525//7831 4526//7831 3756//7831
f 4511//7832 4525//7832 3756//7832
f 4526//7833 3757//7833 3756//7833
f 3512//7834 3500//7834 4513//7834
f 3500//7835 4527//7835 4513//7835
f 4513//7836 4527//7836 4528//7836
f 4527//7837 4529//7837 4528//7837
f 4513//7838 4528//7838 4514//7838
f 4514//7839 4528//7839 4530//7839
f 4530//7840 4528//7840 4516//7840
f 4528//7841 4529//7841 3726//7841
f 4514//7842 4530//7842 4516//7842
f 4516//7843 4528//7843 3726//7843
f 3580//7844 4531//7844 4502//7844
f 4531//7845 4532//7845 4502//7845
f 4531//7846 4542//7846 4532//7846
f 4532//7847 4542//7847 4545//7847
f 4532//7848 4545//7848 4533//7848
f 4532//7849 4533//7849 4519//7849
f 4517//7850 4532//7850 4519//7850
f 4519//7851 4533//7851 4534//7851
f 4519//7852 4534//7852 3746//7852
f 3436//7853 4535//7853 4520//7853
f 4520//7854 4535//7854 4536//7854
f 4535//7855 4510//7855 4536//7855
f 4536//7856 4510//7856 4537//7856
f 4536//7857 4537//7857 4522//7857
f 4521//7858 4536//7858 4522//7858
f 4522//7859 4537//7859 3738//7859
f 4521//7860 4522//7860 3737//7860
f 4522//7861 3738//7861 3737//7861
f 4521//7862 3737//7862 3761//7862
f 4524//7863 3665//7863 4538//7863
f 3665//7864 3664//7864 4538//7864
f 4524//7865 4538//7865 4539//7865
f 4538//7866 4549//7866 4539//7866
f 4524//7867 4539//7867 4526//7867
f 4526//7868 4539//7868 3757//7868
f 4539//7869 4549//7869 3731//7869
f 4549//7870 3714//7870 3731//7870
f 3757//7871 4539//7871 3731//7871
f 3500//7872 3507//7872 4527//7872
f 4527//7873 3507//7873 4540//7873
f 4527//7874 4540//7874 4529//7874
f 4540//7875 4541//7875 4529//7875
f 4541//7876 4540//7876 4553//7876
f 4541//7877 4553//7877 3706//7877
f 3726//7878 4541//7878 3706//7878
f 4529//7879 4541//7879 3726//7879
f 4531//7880 3580//7880 4542//7880
f 4542//7881 3569//7881 4543//7881
f 4542//7882 4543//7882 4545//7882
f 4543//7883 4544//7883 4546//7883
f 4545//7884 4543//7884 4546//7884
f 4545//7885 4546//7885 4533//7885
f 3580//7886 3569//7886 4542//7886
f 4533//7887 4546//7887 4547//7887
f 3721//7888 4546//7888 3079//7888
f 4533//7889 4547//7889 4534//7889
f 4546//7890 3721//7890 4547//7890
f 3664//7891 3654//7891 4548//7891
f 3664//7892 4548//7892 4538//7892
f 4548//7893 3921//7893 3924//7893
f 4538//7894 4548//7894 4549//7894
f 4548//7895 4550//7895 4549//7895
f 4548//7896 3924//7896 4550//7896
f 3654//7897 3921//7897 4548//7897
f 4550//7898 3924//7898 3714//7898
f 3924//7899 3926//7899 3714//7899
f 4549//7900 4550//7900 3714//7900
f 3490//7901 4551//7901 3507//7901
f 3507//7902 4551//7902 4540//7902
f 4540//7903 4551//7903 4553//7903
f 4551//7904 4552//7904 4553//7904
f 4552//7905 4554//7905 4553//7905
f 3496//7906 3490//7906 3507//7906
f 4553//7907 4554//7907 3707//7907
f 4553//7908 3707//7908 3706//7908
f 3569//7909 3579//7909 4543//7909
f 3579//7910 4555//7910 4543//7910
f 4555//7911 3579//7911 4556//7911
f 4555//7912 4556//7912 4544//7912
f 4543//7913 4555//7913 4544//7913
f 4544//7914 4556//7914 4053//7914
f 4546//7915 4544//7915 3079//7915
f 4544//7916 4053//7916 3079//7916
f 3210//7917 3204//7917 3364//7917
f 3210//7918 3364//7918 3363//7918
f 3215//883 3210//883 3363//883
f 3215//7919 3363//7919 3368//7919
f 3215//7920 3368//7920 3360//7920
f 3228//7921 3215//7921 3360//7921
f 3352//7922 3224//7922 3228//7922
f 3360//7923 3352//7923 3228//7923
f 4049//1 4048//1 4047//1
f 4047//1 4046//1 4045//1
f 4044//5 4043//5 4042//5
f 4049//5 4047//5 4045//5
f 4044//5 4042//5 4041//5
f 4044//1 4041//1 4040//1
f 4040//1 4039//1 4038//1
f 4036//1 4037//1 4035//1
f 4040//5 4038//5 4036//5
f 4040//3 4036//3 4035//3
f 4033//1 4032//1 4031//1
f 4031//1 4030//1 4029//1
f 4028//1 4027//1 4026//1
f 4033//5 4031//5 4029//5
f 4028//3 4026//3 4025//3
f 4028//1 4025//1 4024//1
f 4024//1 4023//1 4022//1
f 4020//1 4021//1 4019//1
f 4024//3 4022//3 4020//3
f 4024//3 4020//3 4019//3
f 3915//7924 3916//7924 3914//7924
f 4017//1 4016//1 4015//1
f 4015//1 4014//1 4013//1
f 4012//1 4011//1 4010//1
f 4017//5 4015//5 4013//5
f 4012//3 4010//3 4009//3
f 4012//1 4009//1 4008//1
f 4008//1 4007//1 4006//1
f 4004//1 4005//1 4003//1
f 4008//5 4006//5 4004//5
f 4008//3 4004//3 4003//3
f 4001//1 4000//1 3999//1
f 3999//1 3998//1 3997//1
f 3996//1 3995//1 3994//1
f 4001//5 3999//5 3997//5
f 3996//5 3994//5 3993//5
f 3996//1 3993//1 3992//1
f 3992//1 3991//1 3990//1
f 3988//1 3989//1 3987//1
f 3992//3 3990//3 3988//3
f 3992//3 3988//3 3987//3
f 3985//1 3984//1 3983//1
f 3985//5 3983//5 3982//5
f 3985//1 3982//1 3981//1
f 3981//5 3980//5 3979//5
f 3977//1 3978//1 3976//1
f 3981//1 3979//1 3977//1
f 3981//5 3977//5 3976//5
f 4482//3 4483//3 4484//3
f 4480//3 4481//3 4482//3
f 4479//1 4480//1 4482//1
f 4482//5 4484//5 3819//5
f 4476//5 4477//5 4478//5
f 4475//5 4476//5 4478//5
f 4471//3 4472//3 4473//3
f 4470//5 4471//5 4473//5
f 4469//5 4470//5 4473//5
f 4467//3 4468//3 4469//3
f 4465//3 4466//3 4467//3
f 4464//5 4465//5 4467//5
f 4467//3 4469//3 4473//3
f 4461//3 4462//3 4463//3
f 4460//1 4461//1 4463//1
f 4456//3 4457//3 4458//3
f 4455//1 4456//1 4458//1
f 4454//5 4455//5 4458//5
f 4452//3 4453//3 4454//3
f 4450//3 4451//3 4452//3
f 4449//1 4450//1 4452//1
f 4452//3 4454//3 4458//3
f 4446//3 4447//3 4448//3
f 4445//1 4446//1 4448//1
f 4441//3 4442//3 4443//3
f 4440//5 4441//5 4443//5
f 4439//5 4440//5 4443//5
f 4437//3 4438//3 4439//3
f 4435//3 4436//3 4437//3
f 4434//5 4435//5 4437//5
f 4437//3 4439//3 4443//3
f 4431//3 4432//3 4433//3
f 4430//5 4431//5 4433//5
f 4426//3 4427//3 4428//3
f 4425//1 4426//1 4428//1
f 4424//5 4425//5 4428//5
f 4422//3 4423//3 4424//3
f 4422//3 4424//3 4428//3
f 4418//3 4419//3 4420//3
f 4417//5 4418//5 4420//5
f 4413//3 4414//3 4415//3
f 4412//5 4413//5 4415//5
f 4411//5 4412//5 4415//5
f 4409//3 4410//3 4411//3
f 4407//3 4408//3 4409//3
f 4406//5 4407//5 4409//5
f 4409//1 4411//1 4415//1
f 4403//3 4404//3 4405//3
f 4402//5 4403//5 4405//5
f 4398//3 4399//3 4400//3
f 4397//5 4398//5 4400//5
f 4396//5 4397//5 4400//5
f 4394//3 4395//3 4396//3
f 4392//3 4393//3 4394//3
f 4391//5 4392//5 4394//5
f 4394//1 4396//1 4400//1
f 4388//3 4389//3 4390//3
f 4387//5 4388//5 4390//5
f 4383//3 4384//3 4385//3
f 4382//5 4383//5 4385//5
f 4381//5 4382//5 4385//5
f 4379//3 4380//3 4381//3
f 4377//3 4378//3 4379//3
f 4376//5 4377//5 4379//5
f 4379//1 4381//1 4385//1
f 4373//3 4374//3 4375//3
f 4372//5 4373//5 4375//5
f 4368//3 4369//3 4370//3
f 4367//5 4368//5 4370//5
f 4366//5 4367//5 4370//5
f 4364//3 4365//3 4366//3
f 4362//3 4363//3 4364//3
f 4361//5 4362//5 4364//5
f 4364//1 4366//1 4370//1
f 4358//3 4359//3 4360//3
f 4357//5 4358//5 4360//5
f 2874//7925 2875//7925 2880//7925
f 2880//7926 2879//7926 2876//7926
f 3609//7927 3608//7927 3603//7927
f 3603//7928 3607//7928 4354//7928
f 3609//7929 3603//7929 4354//7929
f 2880//7930 2876//7930 2870//7930
f 2878//7931 2874//7931 2880//7931
f 2878//7932 2880//7932 2870//7932
f 2870//7933 3609//7933 4354//7933
f 2878//7934 2870//7934 4354//7934
f 3351//7935 2877//7935 2878//7935
f 3223//7936 3224//7936 3352//7936
f 2878//7937 4354//7937 4357//7937
f 2878//7934 4357//7934 4360//7934
f 3352//7938 3351//7938 2878//7938
f 2390//7939 2391//7939 3223//7939
f 2878//7940 4360//7940 4361//7940
f 2878//7940 4361//7940 4364//7940
f 2390//7941 3223//7941 3352//7941
f 2389//7942 2388//7942 2390//7942
f 2386//7943 2385//7943 2389//7943
f 3929//1 3930//1 3928//1
f 3933//1 3932//1 3931//1
f 3931//5 3929//5 3928//5
f 2386//7944 2389//7944 2390//7944
f 2878//7940 4364//7940 4370//7940
f 2878//7940 4370//7940 4371//7940
f 3495//7945 2387//7945 2386//7945
f 3491//7946 3493//7946 3495//7946
f 3933//5 3931//5 3928//5
f 3935//1 3934//1 3933//1
f 3937//1 3936//1 3935//1
f 3940//1 3939//1 3938//1
f 3937//5 3935//5 3933//5
f 3941//5 3940//5 3938//5
f 3942//5 3941//5 3938//5
f 3933//7947 3928//7947 3927//7947
f 3927//7948 3489//7948 3491//7948
f 3491//7949 3495//7949 2386//7949
f 2878//7934 4371//7934 4372//7934
f 3927//5 3491//5 2386//5
f 3937//7947 3933//7947 3927//7947
f 3938//7947 3937//7947 3927//7947
f 2878//7940 4372//7940 4375//7940
f 2878//7940 4375//7940 4376//7940
f 3938//7932 3927//7932 2386//7932
f 3942//5 3938//5 2386//5
f 2878//7934 4376//7934 4379//7934
f 2878//7940 4379//7940 4385//7940
f 3943//5 3942//5 2386//5
f 2878//7934 4385//7934 4386//7934
f 2878//7934 4386//7934 4387//7934
f 2878//7940 4387//7940 4390//7940
f 3944//5 3943//5 2386//5
f 3946//1 3945//1 3944//1
f 3948//1 3947//1 3946//1
f 3951//1 3950//1 3949//1
f 3948//5 3946//5 3944//5
f 3952//5 3951//5 3949//5
f 3948//5 3944//5 2386//5
f 3953//5 3952//5 3949//5
f 3949//5 3948//5 2386//5
f 2878//7940 4390//7940 4391//7940
f 2878//7940 4391//7940 4394//7940
f 3953//5 3949//5 2386//5
f 3954//5 3953//5 2386//5
f 2878//7940 4394//7940 4400//7940
f 2878//7934 4400//7934 4401//7934
f 3955//5 3954//5 2386//5
f 3956//1 3957//1 3955//1
f 3958//5 3956//5 3955//5
f 2878//7950 4401//7950 4402//7950
f 3958//5 3955//5 2386//5
f 3959//5 3958//5 2386//5
f 2878//7934 4402//7934 4405//7934
f 2878//7940 4405//7940 4406//7940
f 3962//1 3961//1 3960//1
f 3963//5 3962//5 3960//5
f 3960//5 3959//5 2386//5
f 2878//7940 4406//7940 4409//7940
f 2878//7940 4409//7940 4415//7940
f 3963//5 3960//5 2386//5
f 3964//5 3963//5 2386//5
f 2878//7940 4415//7940 4416//7940
f 2878//7934 4416//7934 4417//7934
f 2878//7940 4417//7940 4420//7940
f 2878//7940 4420//7940 4421//7940
f 2878//7940 4421//7940 4422//7940
f 3965//5 3964//5 2386//5
f 3967//1 3966//1 3965//1
f 3969//1 3968//1 3967//1
f 3972//1 3971//1 3970//1
f 3969//5 3967//5 3965//5
f 3973//5 3972//5 3970//5
f 3969//5 3965//5 2386//5
f 3974//5 3973//5 3970//5
f 3970//5 3969//5 2386//5
f 2878//7940 4422//7940 4428//7940
f 2878//7940 4428//7940 4429//7940
f 3974//5 3970//5 2386//5
f 3975//5 3974//5 2386//5
f 2878//7940 4429//7940 4430//7940
f 3976//5 3975//5 2386//5
f 3981//5 3976//5 2386//5
f 2878//7940 4430//7940 4433//7940
f 2878//7940 4433//7940 4434//7940
f 3985//5 3981//5 2386//5
f 3986//5 3985//5 2386//5
f 2878//7940 4434//7940 4437//7940
f 2878//7940 4437//7940 4443//7940
f 2878//7940 4443//7940 4444//7940
f 3987//5 3986//5 2386//5
f 3992//5 3987//5 2386//5
f 2878//7940 4444//7940 4445//7940
f 2878//7940 4445//7940 4448//7940
f 3996//5 3992//5 2386//5
f 3997//5 3996//5 2386//5
f 2878//7940 4448//7940 4449//7940
f 2878//7940 4449//7940 4452//7940
f 4001//5 3997//5 2386//5
f 4002//5 4001//5 2386//5
f 2878//7940 4452//7940 4458//7940
f 2878//7940 4458//7940 4459//7940
f 4003//5 4002//5 2386//5
f 4008//5 4003//5 2386//5
f 2878//7940 4459//7940 4460//7940
f 4012//5 4008//5 2386//5
f 4013//5 4012//5 2386//5
f 2878//7940 4460//7940 4463//7940
f 2878//7940 4463//7940 4464//7940
f 4017//5 4013//5 2386//5
f 4018//5 4017//5 2386//5
f 2878//7940 4464//7940 4467//7940
f 2878//7940 4467//7940 4473//7940
f 4019//5 4018//5 2386//5
f 4024//5 4019//5 2386//5
f 2878//7940 4473//7940 4474//7940
f 4028//5 4024//5 2386//5
f 4029//5 4028//5 2386//5
f 2878//7940 4474//7940 4475//7940
f 2878//7940 4475//7940 4478//7940
f 4033//5 4029//5 2386//5
f 4034//5 4033//5 2386//5
f 2878//7940 4478//7940 4479//7940
f 2878//7940 4479//7940 4482//7940
f 4035//5 4034//5 2386//5
f 4040//5 4035//5 2386//5
f 2878//7940 4482//7940 3819//7940
f 2878//7951 3819//7951 3815//7951
f 4044//5 4040//5 2386//5
f 4045//5 4044//5 2386//5
f 4049//5 4045//5 2386//5
f 3913//7952 4049//7952 2386//7952
f 2878//7953 3815//7953 3817//7953
f 3352//7954 2878//7954 3817//7954
f 3913//7955 2386//7955 2390//7955
f 3352//7956 3817//7956 3818//7956
f 3914//7957 3913//7957 2390//7957
f 3914//7958 2390//7958 3352//7958
f 3915//7959 3914//7959 3352//7959
f 3698//7960 3915//7960 3352//7960
f 3352//7961 3818//7961 3689//7961
f 3696//7962 3698//7962 3352//7962
f 3352//7961 3689//7961 3696//7961
f 3687//7963 3685//7963 3688//7963
f 4169//1 4170//1 4171//1
f 4168//3 4169//3 4171//3
f 4166//1 4167//1 4168//1
f 4166//5 4168//5 4171//5
f 4162//1 4164//1 4163//1
f 4161//3 4162//3 4163//3
f 4157//1 4158//1 4159//1
f 4156//5 4157//5 4159//5
f 4154//5 4155//5 4156//5
f 4154//3 4156//3 4159//3
f 4150//1 4152//1 4151//1
f 4149//5 4150//5 4151//5
f 4145//1 4146//1 4147//1
f 4144//3 4145//3 4147//3
f 4142//1 4143//1 4144//1
f 4142//5 4144//5 4147//5
f 4138//1 4140//1 4139//1
f 4137//3 4138//3 4139//3
f 4133//1 4134//1 4135//1
f 4132//5 4133//5 4135//5
f 4130//5 4131//5 4132//5
f 4130//3 4132//3 4135//3
f 4126//1 4128//1 4127//1
f 4125//5 4126//5 4127//5
f 4121//1 4122//1 4123//1
f 4120//3 4121//3 4123//3
f 4118//1 4119//1 4120//1
f 4118//5 4120//5 4123//5
f 4114//1 4116//1 4115//1
f 4113//3 4114//3 4115//3
f 4109//1 4110//1 4111//1
f 4108//5 4109//5 4111//5
f 4106//1 4107//1 4108//1
f 4106//5 4108//5 4111//5
f 4102//1 4104//1 4103//1
f 4101//5 4102//5 4103//5
f 4097//1 4098//1 4099//1
f 4096//3 4097//3 4099//3
f 4094//1 4095//1 4096//1
f 4094//5 4096//5 4099//5
f 4090//1 4092//1 4091//1
f 4089//3 4090//3 4091//3
f 4085//1 4086//1 4087//1
f 4084//5 4085//5 4087//5
f 4082//1 4083//1 4084//1
f 4082//5 4084//5 4087//5
f 4078//5 4080//5 4079//5
f 4077//5 4078//5 4079//5
f 4073//1 4074//1 4075//1
f 4072//3 4073//3 4075//3
f 4070//1 4071//1 4072//1
f 4070//5 4072//5 4075//5
f 2383//7964 2377//7964 2380//7964
f 2380//7965 2378//7965 2379//7965
f 2382//7966 2375//7966 2381//7966
f 2381//7967 2376//7967 2374//7967
f 3486//7968 3479//7968 3484//7968
f 2374//7969 3487//7969 3486//7969
f 2382//7970 2381//7970 2374//7970
f 2380//7971 2379//7971 2382//7971
f 3204//7972 2383//7972 2380//7972
f 2908//7973 3364//7973 3204//7973
f 4197//3 4196//3 4195//3
f 4198//1 4197//1 4195//1
f 3610//7974 3612//7974 3614//7974
f 2881//7975 2884//7975 2885//7975
f 2908//7976 3204//7976 2380//7976
f 2380//7977 2382//7977 2374//7977
f 2374//7978 3486//7978 3484//7978
f 3484//7979 4065//7979 4068//7979
f 2374//7980 3484//7980 4068//7980
f 2889//7981 2908//7981 2380//7981
f 2881//7982 2885//7982 2889//7982
f 2883//7983 2882//7983 2881//7983
f 3614//7984 3616//7984 2883//7984
f 4198//7985 4195//7985 4193//7985
f 4201//3 4200//3 4199//3
f 4199//7985 4198//7985 4193//7985
f 3610//7986 3614//7986 2883//7986
f 2374//7987 4068//7987 4070//7987
f 3610//7988 2883//7988 2881//7988
f 4199//7989 4193//7989 3610//7989
f 4202//1 4201//1 4199//1
f 4204//3 4203//3 4202//3
f 4206//3 4205//3 4204//3
f 4208//3 4207//3 4206//3
f 4210//3 4209//3 4208//3
f 4211//5 4210//5 4208//5
f 4206//5 4204//5 4202//5
f 4212//5 4211//5 4208//5
f 4213//5 4212//5 4208//5
f 4214//3 4213//3 4208//3
f 4217//3 4216//3 4215//3
f 4220//3 4219//3 4218//3
f 4218//5 4217//5 4215//5
f 4221//1 4220//1 4218//1
f 4224//3 4223//3 4222//3
f 4222//3 4221//3 4218//3
f 4226//3 4225//3 4224//3
f 4227//1 4226//1 4224//1
f 4228//3 4227//3 4224//3
f 4230//3 4229//3 4228//3
f 4233//3 4232//3 4231//3
f 4230//5 4228//5 4224//5
f 4234//1 4233//1 4231//1
f 4236//3 4235//3 4234//3
f 4238//3 4237//3 4236//3
f 4240//3 4239//3 4238//3
f 4242//3 4241//3 4240//3
f 4243//5 4242//5 4240//5
f 4238//5 4236//5 4234//5
f 4244//5 4243//5 4240//5
f 4245//5 4244//5 4240//5
f 4246//5 4245//5 4240//5
f 4249//5 4248//5 4247//5
f 4252//3 4251//3 4250//3
f 4250//5 4249//5 4247//5
f 4253//1 4252//1 4250//1
f 4256//3 4255//3 4254//3
f 4254//3 4253//3 4250//3
f 4258//3 4257//3 4256//3
f 4259//1 4258//1 4256//1
f 4260//3 4259//3 4256//3
f 4262//3 4261//3 4260//3
f 4265//3 4264//3 4263//3
f 4262//5 4260//5 4256//5
f 4266//1 4265//1 4263//1
f 4268//3 4267//3 4266//3
f 4270//3 4269//3 4268//3
f 4272//5 4271//5 4270//5
f 4274//3 4273//3 4272//3
f 4275//5 4274//5 4272//5
f 4270//5 4268//5 4266//5
f 4276//5 4275//5 4272//5
f 4277//1 4276//1 4272//1
f 4278//3 4277//3 4272//3
f 4281//3 4280//3 4279//3
f 4284//3 4283//3 4282//3
f 4282//1 4281//1 4279//1
f 4285//1 4284//1 4282//1
f 4288//3 4287//3 4286//3
f 4286//5 4285//5 4282//5
f 4290//3 4289//3 4288//3
f 4291//1 4290//1 4288//1
f 4292//5 4291//5 4288//5
f 4294//3 4293//3 4292//3
f 4297//3 4296//3 4295//3
f 4294//3 4292//3 4288//3
f 4298//1 4297//1 4295//1
f 4300//3 4299//3 4298//3
f 4302//3 4301//3 4300//3
f 4304//3 4303//3 4302//3
f 4306//3 4305//3 4304//3
f 4307//5 4306//5 4304//5
f 4302//5 4300//5 4298//5
f 4308//5 4307//5 4304//5
f 4309//1 4308//1 4304//1
f 4310//3 4309//3 4304//3
f 4313//3 4312//3 4311//3
f 4316//3 4315//3 4314//3
f 4314//1 4313//1 4311//1
f 4317//1 4316//1 4314//1
f 4320//3 4319//3 4318//3
f 4318//5 4317//5 4314//5
f 4322//3 4321//3 4320//3
f 4323//1 4322//1 4320//1
f 4324//5 4323//5 4320//5
f 4326//3 4325//3 4324//3
f 4329//3 4328//3 4327//3
f 4326//3 4324//3 4320//3
f 4330//5 4329//5 4327//5
f 4332//5 4331//5 4330//5
f 4334//3 4333//3 4332//3
f 4336//3 4335//3 4334//3
f 4338//3 4337//3 4336//3
f 3850//5 4338//5 4336//5
f 4334//5 4332//5 4330//5
f 4202//7990 4199//7990 3610//7990
f 2374//7991 4070//7991 4075//7991
f 2374//7991 4075//7991 4076//7991
f 4202//7989 3610//7989 2881//7989
f 4206//4 4202//4 2881//4
f 2374//7991 4076//7991 4077//7991
f 4208//4 4206//4 2881//4
f 4214//4 4208//4 2881//4
f 2374//7991 4077//7991 4079//7991
f 2374//7991 4079//7991 4081//7991
f 4215//4 4214//4 2881//4
f 4218//4 4215//4 2881//4
f 4222//4 4218//4 2881//4
f 4224//4 4222//4 2881//4
f 2374//7991 4081//7991 4082//7991
f 2374//7991 4082//7991 4087//7991
f 4230//4 4224//4 2881//4
f 4231//4 4230//4 2881//4
f 2374//7991 4087//7991 4088//7991
f 4234//4 4231//4 2881//4
f 4238//4 4234//4 2881//4
f 2374//7991 4088//7991 4089//7991
f 2374//7991 4089//7991 4091//7991
f 4240//4 4238//4 2881//4
f 4246//4 4240//4 2881//4
f 2374//7991 4091//7991 4093//7991
f 4247//4 4246//4 2881//4
f 4250//4 4247//4 2881//4
f 2374//7991 4093//7991 4094//7991
f 4254//4 4250//4 2881//4
f 4256//4 4254//4 2881//4
f 2374//7991 4094//7991 4099//7991
f 2374//7991 4099//7991 4100//7991
f 4262//4 4256//4 2881//4
f 4263//4 4262//4 2881//4
f 2374//7991 4100//7991 4101//7991
f 4266//4 4263//4 2881//4
f 4270//4 4266//4 2881//4
f 2374//7991 4101//7991 4103//7991
f 2374//7991 4103//7991 4105//7991
f 4272//4 4270//4 2881//4
f 4278//4 4272//4 2881//4
f 4279//4 4278//4 2881//4
f 4282//4 4279//4 2881//4
f 2374//7991 4105//7991 4106//7991
f 2374//7991 4106//7991 4111//7991
f 4286//4 4282//4 2881//4
f 4288//4 4286//4 2881//4
f 2374//7991 4111//7991 4112//7991
f 4294//4 4288//4 2881//4
f 4295//4 4294//4 2881//4
f 2374//7991 4112//7991 4113//7991
f 2374//7991 4113//7991 4115//7991
f 4298//4 4295//4 2881//4
f 4302//4 4298//4 2881//4
f 2374//7991 4115//7991 4117//7991
f 4304//4 4302//4 2881//4
f 4310//4 4304//4 2881//4
f 2374//7991 4117//7991 4118//7991
f 4311//4 4310//4 2881//4
f 4314//4 4311//4 2881//4
f 2374//7991 4118//7991 4123//7991
f 2374//7991 4123//7991 4124//7991
f 4318//4 4314//4 2881//4
f 4320//4 4318//4 2881//4
f 2374//7991 4124//7991 4125//7991
f 4326//4 4320//4 2881//4
f 4327//4 4326//4 2881//4
f 2374//7991 4125//7991 4127//7991
f 2374//7991 4127//7991 4129//7991
f 4330//4 4327//4 2881//4
f 4334//4 4330//4 2881//4
f 4336//4 4334//4 2881//4
f 3850//4 4336//4 2881//4
f 2374//7991 4129//7991 4130//7991
f 2374//7991 4130//7991 4135//7991
f 3845//7992 3850//7992 2881//7992
f 2374//7991 4135//7991 4136//7991
f 2374//7991 4136//7991 4137//7991
f 2374//7991 4137//7991 4139//7991
f 3845//7993 2881//7993 2889//7993
f 2374//7991 4139//7991 4141//7991
f 3846//7994 3845//7994 2889//7994
f 2374//7991 4141//7991 4142//7991
f 2374//7991 4142//7991 4147//7991
f 2374//7991 4147//7991 4148//7991
f 2374//7991 4148//7991 4149//7991
f 3848//7995 3846//7995 2889//7995
f 2374//7991 4149//7991 4151//7991
f 2374//7991 4151//7991 4153//7991
f 2374//7991 4153//7991 4154//7991
f 2374//7991 4154//7991 4159//7991
f 2374//7991 4159//7991 4160//7991
f 2374//7991 4160//7991 4161//7991
f 2374//7991 4161//7991 4163//7991
f 2374//7991 4163//7991 4165//7991
f 2374//7991 4165//7991 4166//7991
f 3688//7996 3848//7996 2889//7996
f 2374//7991 4166//7991 4171//7991
f 2374//7989 4171//7989 3890//7989
f 3687//4 3688//4 2889//4
f 3684//7997 3687//7997 2889//7997
f 2380//7977 2374//7977 3890//7977
f 3701//7998 3684//7998 2889//7998
f 2380//7999 3890//7999 3893//7999
f 2380//8000 3893//8000 3700//8000
f 3701//8001 2889//8001 2380//8001
f 2380//8002 3700//8002 3701//8002
