# Blender 4.5.3 LTS
# www.blender.org
mtllib INV.mtl
o INV
v -0.350086 0.385353 0.301449
v -0.357428 0.385388 0.291771
v -0.354985 0.385314 0.289388
v -0.354279 0.385326 0.293002
v -0.351512 0.385387 0.295281
v -0.359660 0.385282 0.288984
v -0.348702 0.385250 0.294194
v -0.363685 0.385275 0.290132
v -0.362737 0.385312 0.293040
v -0.368452 0.385324 0.295447
v -0.348044 0.385292 0.304287
v -0.366620 0.385363 0.299877
v -0.354250 0.385339 0.307103
v -0.351807 0.385353 0.308840
v -0.369195 0.385341 0.302334
v -0.357428 0.385388 0.308319
v -0.357049 0.385317 0.311037
v -0.365236 0.385387 0.304809
v -0.366575 0.385289 0.307538
v -0.362429 0.385344 0.307147
v -0.361977 0.385239 0.310793
v -0.347285 0.384239 0.304733
v -0.346547 0.384637 0.301265
v -0.346747 0.384408 0.297061
v -0.347302 0.385246 0.298191
v -0.367331 0.384730 0.292257
v -0.353952 0.384469 0.288867
v -0.369783 0.384609 0.296466
v -0.369921 0.384685 0.302809
v -0.368784 0.384582 0.305812
v -0.352504 0.384497 0.310504
v -0.349430 0.384750 0.307775
v -0.350448 0.384688 0.291226
v -0.356761 0.384406 0.311908
v -0.359743 0.384483 0.288122
v -0.370370 0.384235 0.300537
v -0.364761 0.384527 0.310102
v -0.366939 0.384272 0.308450
v -0.348402 0.384169 0.293379
v -0.364255 0.384238 0.289538
v -0.360807 0.384423 0.311806
v -0.357141 0.384234 0.293006
v -0.351703 0.384213 0.297522
v -0.365087 0.384234 0.297594
v -0.351661 0.384234 0.302496
v -0.357140 0.384234 0.307084
v -0.363908 0.384201 0.304538
v -0.370287 0.369503 0.300293
v -0.369213 0.369583 0.305213
v -0.366217 0.369514 0.308988
v -0.363403 0.369518 0.310883
v -0.359520 0.369804 0.312071
v -0.355341 0.369412 0.311536
v -0.350962 0.369533 0.309554
v -0.347351 0.369481 0.304634
v -0.346274 0.369803 0.300698
v -0.369716 0.369519 0.296346
v -0.368098 0.369804 0.292929
v -0.365509 0.369496 0.290493
v -0.362126 0.369501 0.288776
v -0.358239 0.369527 0.288104
v -0.352919 0.369470 0.289414
v -0.349754 0.369804 0.291625
v -0.347217 0.369455 0.295766
v -0.352069 0.376645 0.296888
v -0.354308 0.377373 0.293006
v -0.350245 0.377370 0.300047
v -0.352559 0.376663 0.304051
v -0.354311 0.377374 0.307086
v -0.359049 0.376656 0.307084
v -0.362440 0.377373 0.307084
v -0.364753 0.376637 0.303073
v -0.366503 0.377373 0.300043
v -0.364252 0.376644 0.296149
v -0.362436 0.377366 0.293004
v -0.357698 0.376656 0.293007
v -0.358576 0.373329 0.301278
v -0.357156 0.373338 0.300055
v -0.359060 0.373261 0.299031
v -0.071461 0.369390 0.013030
v -0.272825 0.369519 0.362945
v -0.276762 0.369446 0.365620
v -0.338732 0.369390 0.402391
v -0.388701 0.369390 0.341433
v -0.386559 0.369390 0.353093
v -0.381609 0.369390 0.366576
v -0.370795 0.369390 0.382311
v -0.356141 0.369390 0.394551
v 0.283379 0.369478 -0.375222
v 0.321907 0.369390 -0.404437
v -0.359713 0.369390 -0.392140
v -0.373537 0.369390 -0.378939
v -0.352558 0.369460 -0.310354
v -0.274235 0.369492 -0.362562
v -0.346951 0.369475 -0.303596
v -0.342725 0.369390 -0.400938
v -0.279779 0.369464 -0.369332
v -0.360195 0.369533 -0.311760
v -0.326994 0.369390 -0.404622
v -0.280165 0.369503 -0.374674
v -0.278374 0.369605 -0.379690
v -0.274314 0.369544 -0.383290
v 0.343624 0.369449 -0.308769
v 0.281833 0.369388 -0.367055
v 0.363417 0.369531 -0.302166
v 0.380688 0.369390 -0.344294
v 0.361286 0.369530 -0.307128
v 0.357158 0.369518 -0.310573
v 0.351177 0.369464 -0.311909
v 0.351277 0.369390 -0.392493
v 0.376654 0.369390 -0.359907
v 0.371419 0.369390 -0.370617
v 0.363759 0.369390 -0.381350
v 0.378811 0.369390 0.353093
v 0.350458 0.369469 0.311902
v 0.340155 0.369475 -0.296790
v 0.269360 0.369388 -0.361386
v 0.373861 0.369390 0.366576
v 0.363047 0.369390 0.382311
v 0.348394 0.369390 0.394551
v 0.283045 0.369513 0.370279
v 0.330984 0.369390 0.402391
v 0.283459 0.369489 0.375697
v 0.316214 0.369390 0.404927
v 0.344847 0.369468 0.309930
v 0.277971 0.369387 0.364044
v 0.270050 0.369491 0.362212
v 0.340159 0.369485 0.296740
v 0.355803 0.369488 -0.288761
v 0.355253 0.369538 -0.011385
v 0.338716 0.369390 -0.399376
v 0.275806 0.369492 -0.361760
v 0.340560 0.369493 -0.304478
v 0.342712 0.369526 -0.291889
v 0.270147 0.369540 -0.384787
v 0.260557 0.369498 -0.377475
v 0.012005 0.369473 -0.378866
v 0.340065 0.369482 -0.002758
v 0.078030 0.369390 -0.018061
v 0.350391 0.369475 -0.011790
v 0.349360 0.369388 -0.288386
v 0.072437 0.369390 -0.029116
v 0.349706 0.369447 0.288271
v 0.346569 0.369475 0.010916
v 0.360648 0.369520 -0.007899
v 0.361832 0.369388 -0.294055
v 0.363270 0.369554 -0.002679
v 0.281286 0.369530 -0.380128
v 0.277918 0.369388 -0.382866
v 0.275672 0.369619 -0.384352
v 0.263258 0.369517 -0.381446
v 0.013445 0.369517 -0.371394
v 0.260155 0.369475 -0.369790
v 0.012292 0.369490 -0.367682
v 0.262712 0.369526 -0.364889
v 0.010205 0.369486 -0.364742
v -0.256535 0.369527 -0.374267
v 0.343888 0.369388 -0.008849
v 0.339924 0.369555 0.002847
v 0.342326 0.369484 0.007470
v 0.072133 0.369390 0.009582
v 0.077874 0.369389 -0.001279
v 0.357526 0.369388 0.289839
v 0.352329 0.369476 0.012014
v -0.056359 0.369390 -0.039774
v 0.001923 0.369578 -0.360938
v -0.003546 0.369496 -0.362194
v -0.256832 0.369527 -0.369892
v -0.081158 0.369390 -0.004781
v 0.010195 0.369525 0.365672
v 0.360529 0.369520 0.008101
v 0.063347 0.369390 0.016829
v 0.362375 0.369510 0.294896
v 0.363189 0.369500 0.003270
v 0.363553 0.369555 0.299040
v 0.008296 0.369539 -0.382881
v 0.266470 0.369517 -0.383704
v 0.004442 0.369503 -0.384525
v -0.008689 0.369518 -0.379062
v -0.257807 0.369527 -0.378517
v -0.261291 0.369485 -0.382575
v -0.004509 0.369536 -0.383290
v -0.010052 0.369388 -0.371342
v -0.007017 0.369512 -0.364736
v -0.259611 0.369514 -0.364734
v 0.006646 0.369508 -0.362086
v -0.066791 0.369390 -0.036421
v -0.263740 0.369498 -0.362029
v -0.350496 0.369478 -0.291018
v -0.075820 0.369390 -0.028288
v -0.269677 0.369388 -0.361238
v -0.346664 0.369481 -0.297747
v -0.383480 0.369390 -0.362596
v -0.356135 0.369444 -0.311585
v -0.353672 0.369486 -0.289062
v -0.351707 0.369522 -0.009956
v -0.346575 0.369511 0.001651
v -0.078158 0.369390 0.004766
v -0.348458 0.369516 0.006837
v -0.264453 0.369434 0.362784
v -0.008302 0.369548 0.367390
v -0.258022 0.369485 0.368084
v 0.004718 0.369586 0.362392
v -0.005141 0.369493 0.364265
v 0.053762 0.369390 0.019835
v 0.342423 0.369503 0.292421
v 0.264831 0.369482 0.364222
v 0.065040 0.369390 -0.035655
v 0.055741 0.369390 -0.039474
v 0.339898 0.369489 0.302324
v 0.001957 0.369578 0.386041
v 0.380953 0.369390 0.341433
v 0.354800 0.369499 0.311500
v 0.360894 0.369524 0.307586
v 0.362975 0.369503 0.303677
v 0.012920 0.369460 0.370257
v 0.260156 0.369491 0.370736
v -0.063734 0.369390 0.017852
v 0.259960 0.369475 0.376728
v 0.012900 0.369492 0.377964
v 0.265735 0.369480 0.384488
v 0.010271 0.369525 0.382286
v 0.006726 0.369532 0.384817
v 0.271710 0.369541 0.386061
v 0.276328 0.369485 0.385006
v 0.281080 0.369582 0.381515
v -0.000544 0.369507 0.362276
v -0.055690 0.369390 0.019934
v -0.010008 0.369490 0.371552
v -0.256535 0.369527 0.372733
v -0.010150 0.369567 0.376338
v -0.256887 0.369474 0.377199
v -0.007639 0.369509 0.381632
v -0.265694 0.369510 0.385685
v -0.258737 0.369482 0.381146
v -0.003292 0.369527 0.384927
v -0.277350 0.369493 0.381991
v -0.080945 0.369389 -0.017289
v -0.346665 0.369478 -0.001834
v -0.000589 0.369484 -0.384685
v -0.269577 0.369492 -0.384861
v -0.347780 0.369529 -0.005482
v -0.388473 0.369390 -0.343893
v -0.364318 0.369544 -0.310288
v -0.368397 0.369565 -0.306629
v -0.370212 0.369594 -0.301562
v -0.369916 0.369527 -0.296729
v -0.357046 0.369524 -0.288115
v -0.357918 0.369507 -0.011926
v -0.361711 0.369504 -0.288487
v -0.363161 0.369518 -0.010905
v -0.366640 0.369561 -0.291207
v -0.367669 0.369486 -0.007510
v -0.369640 0.369549 -0.004022
v -0.369483 0.369506 0.004610
v -0.366310 0.369512 0.008948
v -0.363440 0.369485 0.010776
v -0.359122 0.369474 0.011953
v -0.352395 0.369525 0.010351
v -0.324222 0.369390 0.404900
v -0.280145 0.369467 0.372334
v -0.280018 0.369585 0.376841
v -0.270090 0.369504 0.385883
v 0.363618 0.339390 0.381675
v 0.349143 0.339390 0.394075
v 0.331866 0.339390 0.402124
v 0.321093 0.339390 0.404488
v 0.374225 0.339390 0.365839
v 0.380486 0.339390 0.346365
v 0.380817 0.339390 -0.343358
v 0.376534 0.339390 -0.360341
v 0.369300 0.339390 -0.374099
v 0.358451 0.339390 -0.386822
v 0.346788 0.339390 -0.395248
v 0.334978 0.339390 -0.400938
v 0.319246 0.339390 -0.404622
v -0.366486 0.339390 -0.386489
v -0.352931 0.339390 -0.396297
v -0.337439 0.339390 -0.402616
v -0.323748 0.339390 -0.404855
v -0.378028 0.339390 -0.372779
v -0.384349 0.339390 -0.359853
v -0.388435 0.339390 -0.344922
v -0.388576 0.339390 0.342741
v -0.386110 0.339390 0.354699
v -0.380888 0.339390 0.367968
v -0.369749 0.339390 0.383434
v -0.355851 0.339390 0.394672
v -0.339614 0.339390 0.402124
v -0.328812 0.339390 0.404579
v -0.275102 0.369803 0.384078
v -0.261460 0.369803 0.383996
v -0.278925 0.369804 0.368162
v -0.267718 0.369803 0.361945
v -0.260486 0.369804 0.364936
v -0.370453 0.369804 -0.000105
v -0.356039 0.369804 0.011867
v -0.347821 0.369804 -0.294075
v -0.349384 0.369803 -0.308023
v -0.277721 0.369803 -0.365244
v -0.268538 0.369801 -0.360795
v -0.266217 0.369801 -0.384923
v 0.013671 0.369804 0.373688
v 0.261936 0.369801 0.381393
v 0.261900 0.369805 0.366931
v 0.275240 0.369803 0.362479
v 0.279918 0.369804 0.365260
v 0.341433 0.369803 0.306527
v 0.358107 0.369804 0.310240
v 0.346011 0.369803 0.289350
v 0.355235 0.369803 0.288477
v 0.359918 0.369804 0.291260
v -0.058489 0.370390 -0.039474
v 0.053612 0.370390 -0.039774
v 0.072133 0.370390 -0.029492
v 0.063347 0.370390 -0.036739
v 0.077874 0.370390 -0.018631
v 0.078363 0.370390 -0.004188
v 0.074997 0.370390 0.005414
v 0.068714 0.370390 0.013030
v 0.060986 0.370390 0.017852
v 0.052942 0.370390 0.019934
v -0.056510 0.370390 0.019835
v -0.075820 0.370390 0.008378
v -0.066791 0.370390 0.016511
v -0.080945 0.370390 -0.002621
v -0.080862 0.370390 -0.017426
v -0.075694 0.370390 -0.028540
v -0.067787 0.370390 -0.035655
v -0.010534 0.369802 -0.373111
v -0.009262 0.369805 -0.367792
v 0.013372 0.369803 -0.375776
v 0.355884 0.369803 0.011390
v 0.342125 0.369802 -0.007547
v 0.346466 0.369805 -0.010844
v 0.259593 0.369804 -0.373594
v 0.268959 0.369799 -0.361038
v 0.280464 0.369800 -0.364602
v 0.283453 0.369802 -0.370321
v 0.339593 0.369804 -0.300594
v 0.348959 0.369799 -0.288038
v 0.360464 0.369800 -0.291602
v 0.363453 0.369802 -0.297321
v 0.346460 0.369804 -0.310841
v -0.328874 0.339390 0.460045
v 0.321126 0.339390 0.460045
v -0.328874 0.339390 0.370045
v -0.350922 0.339390 0.337116
v 0.346113 0.339390 -0.333568
v -0.336963 0.339390 0.357888
v -0.346601 0.339390 0.346239
v -0.353832 0.339390 0.325309
v -0.350574 0.339390 -0.348402
v -0.342930 0.339390 -0.361431
v -0.334965 0.339390 -0.369176
v -0.323878 0.339390 -0.376072
v -0.309891 0.339390 -0.379682
v 0.346123 0.339390 0.321845
v 0.344396 0.339390 -0.343184
v 0.339950 0.339390 -0.354463
v 0.329215 0.339390 -0.367798
v 0.339647 0.339390 0.344822
v 0.333174 0.339390 0.353797
v 0.321126 0.339390 0.370045
v 0.312313 0.339390 0.367523
v 0.324020 0.339390 0.361682
v -0.323241 0.339390 0.366316
v 0.316409 0.339390 -0.375784
v 0.301060 0.339390 0.369861
v 0.344710 0.339390 0.332728
v 0.303486 0.339390 -0.379589
v -0.353849 0.339390 -0.334151
v -0.310184 0.339390 0.369780
v 0.363441 0.384287 0.298087
v -0.328874 0.004390 0.460045
v -0.328874 0.004390 0.370045
v 0.321126 0.004390 0.460045
v 0.321126 0.004390 0.370045
v 0.333535 0.004390 0.353624
v 0.321786 0.004390 0.363095
v 0.310737 0.004390 0.367985
v 0.300365 0.004390 0.369930
v 0.342147 0.004390 0.340000
v 0.346089 0.004390 0.325283
v 0.346126 0.250899 -0.254656
v 0.346126 0.293877 0.203595
v 0.346126 0.251462 0.244670
v 0.346126 0.261460 0.242094
v 0.346126 0.271468 0.237269
v 0.346126 0.280717 0.229518
v 0.346126 0.288526 0.218986
v 0.346126 0.294217 -0.210347
v 0.346126 0.291177 -0.223040
v 0.346126 0.285986 -0.232789
v 0.346126 0.277479 -0.242798
v 0.346126 0.263758 -0.251226
v 0.346126 0.122998 -0.254708
v 0.346126 0.108487 -0.250609
v 0.346126 0.096680 -0.242926
v 0.346126 0.087323 -0.232370
v 0.346126 0.081792 -0.220526
v 0.346126 0.079544 -0.210045
v 0.346126 0.079720 0.201885
v 0.346126 0.083014 0.214047
v 0.346126 0.088347 0.223743
v 0.346126 0.096366 0.232802
v 0.346126 0.109078 0.240965
v 0.346126 0.123067 0.244778
v 0.346096 0.004390 -0.334919
v 0.342397 0.004390 -0.349323
v 0.336344 0.004390 -0.359797
v 0.327347 0.004390 -0.369280
v 0.315128 0.004390 -0.376330
v 0.303198 0.004390 -0.379580
v -0.336963 0.004390 -0.367798
v -0.324157 0.004390 -0.375784
v -0.311234 0.004390 -0.379589
v -0.346600 0.004390 -0.356150
v -0.351628 0.004390 -0.345163
v -0.353856 0.004390 -0.333599
v -0.353874 0.271478 0.244520
v -0.353874 0.092068 0.239801
v -0.353874 0.282530 0.239088
v -0.353874 0.290477 0.230402
v -0.353874 0.294214 0.219252
v -0.353874 0.294173 -0.229233
v -0.353874 0.291378 -0.238426
v -0.353874 0.285827 -0.246058
v -0.353874 0.279634 -0.250887
v -0.353874 0.270159 -0.254614
v -0.353874 0.079633 -0.229484
v -0.353874 0.103518 -0.254550
v -0.353874 0.094555 -0.251124
v -0.353874 0.088287 -0.246392
v -0.353874 0.082628 -0.238871
v -0.353874 0.079801 0.221350
v -0.353874 0.084430 0.231902
v -0.353874 0.103254 0.244602
v -0.353849 0.004390 0.324246
v -0.351471 0.004390 0.335617
v -0.347395 0.004390 0.344822
v -0.338931 0.004390 0.356072
v -0.327415 0.004390 0.364247
v -0.314045 0.004390 0.369284
v -0.268243 0.385333 0.385069
v -0.264663 0.385261 0.384674
v -0.259620 0.385294 0.380959
v -0.256476 0.384450 0.375035
v -0.279353 0.385325 0.371770
v -0.268606 0.385309 0.362970
v -0.263306 0.385308 0.364074
v -0.258425 0.385267 0.368829
v -0.257188 0.385298 0.375421
v -0.273753 0.385313 0.364247
v -0.278368 0.384875 0.367786
v -0.278777 0.385212 0.378426
v -0.271651 0.384776 0.385421
v -0.256731 0.384424 0.371149
v -0.275545 0.385299 0.382669
v -0.264968 0.384478 0.362589
v -0.278001 0.384402 0.381153
v -0.261829 0.384544 0.384031
v -0.257311 0.384446 0.378613
v -0.269475 0.384432 0.362099
v -0.280159 0.384443 0.371946
v -0.280080 0.384368 0.376927
v -0.259167 0.384510 0.366382
v -0.273568 0.384263 0.363219
v -0.276627 0.384350 0.365346
v -0.264562 0.384460 0.385339
v -0.259113 0.384163 0.381703
v -0.275188 0.384398 0.383892
v -0.261547 0.384257 0.364168
v -0.268272 0.384274 0.386069
v -0.368987 0.385277 0.003535
v -0.358833 0.385316 0.011238
v -0.350792 0.385277 0.008280
v -0.348649 0.384186 0.007260
v -0.346629 0.384379 0.002405
v -0.368061 0.385358 -0.005180
v -0.364566 0.385288 -0.009277
v -0.358682 0.385319 -0.011013
v -0.354360 0.385276 -0.010343
v -0.350946 0.385268 -0.008308
v -0.347555 0.385319 -0.002994
v -0.346460 0.384366 -0.000970
v -0.347320 0.384343 -0.004668
v -0.366235 0.385219 0.008314
v -0.353800 0.385112 0.010514
v -0.347954 0.385247 0.004534
v -0.369488 0.385245 -0.001188
v -0.363305 0.384585 -0.010825
v -0.370309 0.384495 0.000628
v -0.349676 0.384488 -0.008167
v -0.359555 0.384482 -0.011852
v -0.369800 0.384511 -0.003583
v -0.362944 0.384494 0.011135
v -0.357768 0.384350 0.012076
v -0.353073 0.384314 -0.010712
v -0.356219 0.384441 -0.011703
v -0.367082 0.384483 -0.008212
v -0.369275 0.384511 0.005003
v -0.352757 0.384308 0.010661
v -0.366789 0.384255 0.008609
v -0.368454 0.385294 -0.295223
v -0.363364 0.385385 -0.290285
v -0.354580 0.385318 -0.289497
v -0.350251 0.385365 -0.292682
v -0.347778 0.385305 -0.296542
v -0.346595 0.384470 -0.297726
v -0.369524 0.385294 -0.300599
v -0.367345 0.385295 -0.306567
v -0.360377 0.385370 -0.310758
v -0.348296 0.385339 -0.304794
v -0.346652 0.384654 -0.302003
v -0.351298 0.385253 -0.308773
v -0.351300 0.384736 -0.290481
v -0.354829 0.385141 -0.310773
v -0.366138 0.385020 -0.291432
v -0.364350 0.385201 -0.309604
v -0.361049 0.384676 -0.288367
v -0.357269 0.384763 -0.288155
v -0.353621 0.384371 -0.288979
v -0.363555 0.384289 -0.310776
v -0.369306 0.384608 -0.304662
v -0.370038 0.384469 -0.297298
v -0.348313 0.384289 -0.306537
v -0.359906 0.384441 -0.311820
v -0.366963 0.384327 -0.308385
v -0.370288 0.384318 -0.301342
v -0.355708 0.384523 -0.311634
v -0.351718 0.384291 -0.309947
v -0.368178 0.384244 -0.292926
v -0.364140 0.384442 -0.289467
v -0.348501 0.384390 -0.293077
v -0.267317 0.385281 -0.361743
v -0.257330 0.385263 -0.370846
v -0.256399 0.384328 -0.374025
v -0.256820 0.384357 -0.369834
v -0.278895 0.385289 -0.369301
v -0.279524 0.385321 -0.374368
v -0.257588 0.385303 -0.376137
v -0.261148 0.385303 -0.381604
v -0.257658 0.384366 -0.378313
v -0.274746 0.385330 -0.382147
v -0.276317 0.385236 -0.364952
v -0.272057 0.385258 -0.362290
v -0.261734 0.385291 -0.363888
v -0.270824 0.384691 -0.384563
v -0.277742 0.384664 -0.380229
v -0.266286 0.385295 -0.383999
v -0.274813 0.384524 -0.383038
v -0.279481 0.384525 -0.377428
v -0.263158 0.384556 -0.383645
v -0.267078 0.384383 -0.384908
v -0.280366 0.384270 -0.373881
v -0.275577 0.384336 -0.363403
v -0.264444 0.384355 -0.361595
v -0.260200 0.384303 -0.381779
v -0.279795 0.384527 -0.369430
v -0.272657 0.384303 -0.361749
v -0.258350 0.384651 -0.366502
v -0.268802 0.384219 -0.360950
v -0.260946 0.384313 -0.363568
v -0.277887 0.384321 -0.365628
v -0.008552 0.385294 0.378944
v -0.004411 0.385277 0.383475
v 0.006453 0.385343 0.383911
v 0.011025 0.385326 0.379931
v 0.012778 0.384478 0.378346
v 0.013594 0.384390 0.374444
v -0.006400 0.385295 0.366116
v 0.003543 0.385315 0.363079
v 0.009272 0.385314 0.365881
v 0.012910 0.384778 0.370445
v -0.009566 0.385240 0.372809
v -0.001450 0.385192 0.363164
v 0.008871 0.384636 0.383452
v 0.002806 0.384791 0.385813
v -0.001212 0.385285 0.384884
v 0.012759 0.385315 0.374567
v -0.009894 0.384539 0.377196
v 0.007450 0.384575 0.363635
v 0.011098 0.384485 0.381296
v -0.001958 0.384483 0.362604
v 0.011336 0.384237 0.366873
v -0.006868 0.384239 0.365477
v -0.009199 0.384681 0.369194
v -0.010353 0.384258 0.372937
v -0.007666 0.384417 0.381663
v 0.003145 0.384249 0.362071
v 0.006039 0.384445 0.385156
v -0.000461 0.384380 0.385856
v -0.004386 0.384266 0.384433
v 0.264425 0.385299 0.382593
v 0.270475 0.385261 0.385322
v 0.282721 0.385375 0.373123
v 0.282945 0.384567 0.377884
v 0.260922 0.385361 0.377104
v 0.267478 0.385253 0.363529
v 0.279143 0.385383 0.366246
v 0.283583 0.384422 0.373604
v 0.282363 0.384562 0.368729
v 0.263912 0.385302 0.366079
v 0.260626 0.385186 0.371106
v 0.278458 0.384557 0.383847
v 0.274528 0.385288 0.363215
v 0.260732 0.384620 0.369184
v 0.279301 0.384737 0.365020
v 0.265956 0.384472 0.384602
v 0.280746 0.385231 0.380696
v 0.259600 0.384371 0.374715
v 0.275795 0.385256 0.384499
v 0.272478 0.384513 0.362106
v 0.262661 0.384483 0.366173
v 0.260974 0.384532 0.379431
v 0.268820 0.384387 0.362438
v 0.276832 0.384293 0.363241
v 0.270988 0.384409 0.386039
v 0.281113 0.384164 0.381388
v 0.262562 0.384247 0.381918
v 0.275032 0.384258 0.385546
v 0.265733 0.384278 0.363552
v 0.351506 0.385379 0.311112
v 0.362597 0.385281 0.301998
v 0.362518 0.384468 0.304973
v 0.340282 0.385241 0.299603
v 0.342741 0.385330 0.293522
v 0.346236 0.385292 0.290269
v 0.350564 0.385333 0.289005
v 0.358756 0.385303 0.291544
v 0.362334 0.385297 0.296782
v 0.363518 0.384522 0.301109
v 0.362101 0.384700 0.294455
v 0.345150 0.385208 0.309237
v 0.359836 0.385311 0.307757
v 0.341670 0.385309 0.305191
v 0.355544 0.385182 0.289404
v 0.340143 0.384536 0.296604
v 0.347306 0.384612 0.311146
v 0.344478 0.384564 0.290552
v 0.356909 0.384573 0.310730
v 0.352853 0.384503 0.288120
v 0.342252 0.384468 0.292611
v 0.343033 0.384436 0.308449
v 0.354066 0.384511 0.311716
v 0.357448 0.384358 0.289542
v 0.340636 0.384305 0.304794
v 0.351417 0.384413 0.312029
v 0.347650 0.384391 0.288720
v 0.339734 0.384263 0.301703
v 0.360434 0.384481 0.308134
v 0.360334 0.384352 0.291846
v -0.007995 0.385340 -0.367237
v -0.001734 0.385369 -0.362523
v 0.009438 0.385293 -0.364838
v 0.012186 0.384209 -0.367173
v 0.013476 0.384462 -0.371464
v -0.009277 0.385295 -0.375346
v 0.001191 0.385282 -0.384202
v 0.012045 0.385337 -0.376519
v 0.009852 0.385225 -0.380761
v 0.013418 0.384607 -0.374665
v 0.012445 0.384382 -0.378051
v 0.012596 0.385227 -0.369952
v 0.005382 0.385248 -0.383585
v 0.002938 0.385115 -0.361545
v -0.004730 0.385315 -0.382098
v -0.003669 0.384567 -0.362271
v -0.002337 0.384497 -0.384255
v -0.007289 0.385220 -0.379872
v 0.006702 0.384531 -0.362174
v -0.009658 0.384455 -0.368903
v -0.007137 0.384550 -0.364826
v -0.000341 0.384528 -0.361207
v -0.010267 0.384597 -0.372598
v 0.007954 0.384346 -0.383115
v 0.000790 0.384471 -0.384845
v -0.006137 0.384297 -0.382100
v -0.008768 0.384435 -0.378896
v 0.010661 0.384345 -0.380832
v 0.003151 0.384228 -0.361042
v 0.004475 0.384148 -0.384665
v 0.009428 0.384312 -0.363843
v -0.010011 0.384292 -0.375776
v 0.361542 0.385330 -0.004856
v 0.343465 0.385326 0.007509
v 0.351287 0.385277 0.011242
v 0.362693 0.384753 0.004248
v 0.361245 0.385348 0.005421
v 0.363535 0.384167 0.001641
v 0.340497 0.385270 -0.001943
v 0.343962 0.385313 -0.007930
v 0.349035 0.385327 -0.010769
v 0.354526 0.385355 -0.010460
v 0.358697 0.385260 -0.008716
v 0.363275 0.384937 -0.001097
v 0.362563 0.384371 -0.004908
v 0.340976 0.385226 0.003803
v 0.357869 0.385295 0.009323
v 0.346470 0.385218 0.010125
v 0.351496 0.384634 -0.011843
v 0.341172 0.384664 -0.005587
v 0.355215 0.384907 0.011121
v 0.343756 0.384586 -0.008960
v 0.354948 0.384522 -0.011424
v 0.342686 0.384456 0.008009
v 0.359368 0.384423 -0.009175
v 0.340636 0.384305 0.004794
v 0.348870 0.384447 0.011698
v 0.348010 0.384351 -0.011428
v 0.339665 0.384259 0.001328
v 0.353523 0.384192 0.011938
v 0.345515 0.384091 0.010408
v 0.339877 0.384235 -0.002408
v 0.358490 0.384254 0.009941
v 0.360995 0.384502 0.007423
v 0.261326 0.385278 -0.368568
v 0.266577 0.385302 -0.362890
v 0.279595 0.385336 -0.365248
v 0.282008 0.385325 -0.369034
v 0.282132 0.384325 -0.367129
v 0.261136 0.385287 -0.376890
v 0.264764 0.385331 -0.381676
v 0.272836 0.385346 -0.383916
v 0.278571 0.385346 -0.381491
v 0.282607 0.385322 -0.374619
v 0.282227 0.384820 -0.378097
v 0.283393 0.384521 -0.374829
v 0.272419 0.385254 -0.361697
v 0.260298 0.385161 -0.372250
v 0.267805 0.385041 -0.383805
v 0.277450 0.385001 -0.362947
v 0.276853 0.384564 -0.383680
v 0.262362 0.384824 -0.365700
v 0.283481 0.384531 -0.371432
v 0.273388 0.384567 -0.384728
v 0.261065 0.384458 -0.378524
v 0.280624 0.384479 -0.380919
v 0.260630 0.384298 -0.368217
v 0.263986 0.384301 -0.363716
v 0.267698 0.384382 -0.361609
v 0.262966 0.384540 -0.381175
v 0.270680 0.384355 -0.384925
v 0.266256 0.384272 -0.383687
v 0.259874 0.384325 -0.375329
v 0.259734 0.384243 -0.371293
v 0.273531 0.384179 -0.360998
v 0.278839 0.384397 -0.363333
v 0.341326 0.385278 -0.295568
v 0.346577 0.385302 -0.289890
v 0.359595 0.385336 -0.292248
v 0.362008 0.385325 -0.296034
v 0.362132 0.384325 -0.294129
v 0.341136 0.385287 -0.303890
v 0.344764 0.385331 -0.308676
v 0.352836 0.385346 -0.310916
v 0.358571 0.385346 -0.308491
v 0.362607 0.385322 -0.301619
v 0.362227 0.384820 -0.305097
v 0.363393 0.384521 -0.301829
v 0.352419 0.385254 -0.288697
v 0.340298 0.385161 -0.299250
v 0.347805 0.385041 -0.310805
v 0.357450 0.385001 -0.289947
v 0.356853 0.384564 -0.310681
v 0.342362 0.384824 -0.292700
v 0.363481 0.384531 -0.298432
v 0.353388 0.384567 -0.311728
v 0.341065 0.384458 -0.305524
v 0.360624 0.384479 -0.307919
v 0.340630 0.384298 -0.295217
v 0.343986 0.384301 -0.290716
v 0.347698 0.384382 -0.288609
v 0.342966 0.384540 -0.308175
v 0.350680 0.384355 -0.311925
v 0.346256 0.384272 -0.310687
v 0.339874 0.384325 -0.302329
v 0.339734 0.384243 -0.298293
v 0.353531 0.384179 -0.287998
v 0.358839 0.384397 -0.290333
v 0.413626 0.294143 0.201437
v 0.413626 0.291438 0.212115
v 0.413626 0.287116 0.221240
v 0.413626 0.280982 0.229191
v 0.413626 0.273430 0.235891
v 0.413626 0.262811 0.241654
v 0.413626 0.250712 0.244778
v 0.413626 0.275610 -0.244280
v 0.413626 0.263392 -0.251330
v 0.413626 0.250781 -0.254708
v 0.413626 0.284607 -0.234797
v 0.413626 0.289763 -0.226150
v 0.413626 0.293876 -0.213505
v 0.413626 0.079629 -0.210763
v 0.413626 0.081984 -0.221100
v 0.413626 0.087680 -0.232910
v 0.413626 0.097913 -0.244011
v 0.413626 0.110022 -0.251226
v 0.413626 0.122880 -0.254656
v 0.413626 0.090245 0.226584
v 0.413626 0.101496 0.236682
v 0.413626 0.111348 0.241762
v 0.413626 0.122317 0.244670
v 0.413626 0.083199 0.214396
v 0.413626 0.079697 0.202125
v -0.421374 0.090602 0.238642
v -0.421374 0.102301 0.244520
v -0.421374 0.084291 0.231626
v -0.421374 0.079955 0.221977
v -0.421374 0.079547 -0.228926
v -0.421374 0.082402 -0.238426
v -0.421374 0.087953 -0.246058
v -0.421374 0.094145 -0.250887
v -0.421374 0.103620 -0.254614
v -0.421374 0.284341 -0.247467
v -0.421374 0.276430 -0.252611
v -0.421374 0.267874 -0.254810
v -0.421374 0.290386 -0.240252
v -0.421374 0.294139 -0.229942
v -0.421374 0.294173 0.219323
v -0.421374 0.291965 0.227064
v -0.421374 0.286480 0.235659
v -0.421374 0.278924 0.241347
v -0.421374 0.270525 0.244602
v -0.267428 0.385388 0.365771
v -0.264261 0.385338 0.366983
v -0.260736 0.385388 0.370727
v -0.272737 0.385312 0.367040
v -0.264250 0.385339 0.381103
v -0.267428 0.385388 0.382319
v -0.276662 0.385367 0.374045
v -0.272447 0.385325 0.381138
v -0.274680 0.385389 0.379426
v -0.260127 0.385353 0.375532
v -0.350096 0.385366 0.000266
v -0.355538 0.385354 -0.007840
v -0.351682 0.385388 -0.004911
v -0.362705 0.385315 -0.006976
v -0.366651 0.385365 -0.000175
v -0.357428 0.385388 0.008319
v -0.365066 0.385388 0.005001
v -0.362424 0.385339 0.007145
v -0.353911 0.385283 0.006879
v -0.350086 0.385353 -0.298551
v -0.357428 0.385388 -0.308229
v -0.354274 0.385311 -0.306982
v -0.351511 0.385388 -0.304719
v -0.362454 0.385319 -0.307039
v -0.365177 0.385387 -0.304817
v -0.354370 0.385358 -0.292741
v -0.362259 0.385315 -0.292671
v -0.366663 0.385355 -0.298550
v -0.260086 0.385353 -0.371551
v -0.267428 0.385388 -0.381229
v -0.264274 0.385311 -0.379983
v -0.261512 0.385388 -0.377719
v -0.272454 0.385319 -0.380039
v -0.275177 0.385387 -0.377817
v -0.264370 0.385358 -0.365741
v -0.272259 0.385315 -0.365672
v -0.276663 0.385355 -0.371550
v 0.005541 0.385315 0.366784
v 0.009265 0.385388 0.370727
v -0.002177 0.385372 0.366715
v -0.005931 0.385387 0.370484
v 0.005989 0.385312 0.381050
v 0.000680 0.385388 0.382319
v -0.002487 0.385338 0.381107
v -0.006012 0.385388 0.377363
v -0.006520 0.385326 0.374020
v 0.009845 0.385369 0.374327
v 0.275541 0.385315 0.366784
v 0.279265 0.385388 0.370728
v 0.267704 0.385368 0.366757
v 0.264069 0.385388 0.370484
v 0.279183 0.385388 0.377606
v 0.275721 0.385350 0.381138
v 0.263452 0.385339 0.374087
v 0.270680 0.385388 0.382319
v 0.266216 0.385354 0.380444
v 0.279762 0.385311 0.374082
v 0.355402 0.385372 0.292580
v 0.359265 0.385388 0.296728
v 0.347657 0.385318 0.292895
v 0.344934 0.385388 0.295089
v 0.359183 0.385388 0.303606
v 0.355717 0.385347 0.307138
v 0.343376 0.385315 0.300322
v 0.350680 0.385388 0.308319
v 0.347274 0.385367 0.307021
v 0.359762 0.385311 0.300082
v 0.009916 0.385356 -0.371550
v 0.005641 0.385318 -0.380104
v 0.008488 0.385387 -0.377719
v -0.002077 0.385373 -0.380477
v -0.005236 0.385387 -0.377719
v 0.005354 0.385372 -0.365445
v -0.002412 0.385331 -0.365802
v -0.006663 0.385355 -0.371550
v 0.354554 0.385356 -0.007836
v 0.359183 0.385387 -0.003516
v 0.347374 0.385359 -0.007026
v 0.343390 0.385305 -0.000210
v 0.359183 0.385388 0.003606
v 0.355706 0.385333 0.007137
v 0.344934 0.385388 0.005001
v 0.350680 0.385388 0.008319
v 0.348245 0.384932 0.007174
v 0.359764 0.385312 0.000003
v 0.275541 0.385315 -0.380216
v 0.279265 0.385388 -0.376273
v 0.267869 0.385371 -0.380294
v 0.264934 0.385388 -0.377911
v 0.279183 0.385387 -0.369394
v 0.275429 0.385372 -0.365625
v 0.267700 0.385312 -0.365692
v 0.263378 0.385311 -0.372679
v 0.279773 0.385326 -0.372930
v 0.355541 0.385315 -0.307216
v 0.359265 0.385388 -0.303273
v 0.347869 0.385371 -0.307294
v 0.344934 0.385388 -0.304911
v 0.359183 0.385387 -0.296394
v 0.355036 0.385365 -0.292359
v 0.343378 0.385311 -0.299679
v 0.347467 0.385345 -0.292817
v 0.359773 0.385326 -0.299930
v 0.413626 0.318991 0.227575
v 0.413626 0.054697 -0.237035
v 0.413626 0.309681 0.249923
v 0.413626 0.315580 0.239396
v 0.413626 0.299778 0.259953
v 0.413626 0.288391 0.266420
v 0.413626 0.276230 0.269714
v 0.413626 0.054880 0.228160
v 0.413626 0.058437 0.239953
v 0.413626 0.063347 0.248743
v 0.413626 0.072851 0.259189
v 0.413626 0.085968 0.266654
v 0.413626 0.084435 -0.275976
v 0.413626 0.058560 -0.250238
v 0.413626 0.063614 -0.258978
v 0.413626 0.071611 -0.267991
v 0.413626 0.097998 -0.279708
v 0.413626 0.289673 -0.275784
v 0.413626 0.302479 -0.267798
v 0.413626 0.310986 -0.257789
v 0.413626 0.316177 -0.248040
v 0.413626 0.319217 -0.235347
v 0.413626 0.276920 -0.279556
v 0.413626 0.098307 0.269821
v -0.421374 0.319143 0.226437
v -0.421374 0.056984 -0.246100
v -0.421374 0.316438 0.237116
v -0.421374 0.312116 0.246240
v -0.421374 0.304606 0.255704
v -0.421374 0.296747 0.261956
v -0.421374 0.287811 0.266654
v -0.421374 0.275713 0.269777
v -0.421374 0.084107 -0.275784
v -0.421374 0.054755 0.227405
v -0.421374 0.058199 0.239396
v -0.421374 0.065245 0.251584
v -0.421374 0.075692 0.261087
v -0.421374 0.085388 0.266420
v -0.421374 0.054629 -0.235763
v -0.421374 0.062680 -0.257910
v -0.421374 0.072913 -0.269011
v -0.421374 0.096859 -0.279556
v -0.421374 0.288392 -0.276330
v -0.421374 0.300610 -0.269280
v -0.421374 0.310236 -0.258995
v -0.421374 0.315998 -0.248376
v -0.421374 0.319091 -0.236463
v -0.421374 0.275781 -0.279708
v -0.421374 0.097549 0.269714
v -0.267141 0.384234 0.367006
v -0.261661 0.384234 0.371594
v -0.275087 0.384234 0.371594
v -0.261661 0.384234 0.376496
v -0.267140 0.384234 0.381084
v -0.275087 0.384234 0.376497
v -0.357140 0.384234 -0.006994
v -0.352895 0.384234 -0.004544
v -0.365096 0.384232 -0.002390
v -0.351652 0.384232 0.002480
v -0.357140 0.384234 0.007084
v -0.363853 0.384234 0.004634
v -0.357140 0.384234 -0.306994
v -0.351703 0.384213 -0.302478
v -0.365055 0.384219 -0.302461
v -0.351661 0.384234 -0.297504
v -0.357140 0.384234 -0.292916
v -0.365087 0.384234 -0.297504
v -0.267140 0.384234 -0.379994
v -0.261703 0.384213 -0.375478
v -0.275055 0.384219 -0.375461
v -0.261661 0.384234 -0.370504
v -0.267140 0.384234 -0.365916
v -0.275087 0.384234 -0.370503
v 0.000374 0.384232 0.367006
v 0.008339 0.384234 0.371594
v -0.003895 0.384213 0.369529
v 0.008339 0.384234 0.376496
v 0.000393 0.384234 0.381084
v -0.005087 0.384234 0.376496
v 0.270374 0.384232 0.367006
v 0.278339 0.384234 0.371594
v 0.277147 0.384214 0.378561
v 0.264968 0.384201 0.371499
v 0.270393 0.384234 0.381084
v 0.266147 0.384234 0.378633
v 0.352885 0.384238 0.293006
v 0.358339 0.384234 0.297594
v 0.357147 0.384214 0.304561
v 0.346147 0.384234 0.295458
v 0.350393 0.384234 0.307084
v 0.346147 0.384234 0.304634
v 0.000374 0.384232 -0.379994
v 0.008297 0.384213 -0.375478
v -0.005046 0.384213 -0.375478
v 0.008339 0.384234 -0.370504
v 0.002878 0.384232 -0.365916
v -0.005087 0.384234 -0.370504
v 0.352859 0.384234 -0.006994
v 0.357147 0.384214 -0.004472
v 0.346147 0.384234 -0.004543
v 0.358284 0.384201 0.002592
v 0.346147 0.384234 0.004634
v 0.270374 0.384232 -0.379994
v 0.278339 0.384234 -0.375406
v 0.277147 0.384214 -0.368439
v 0.266147 0.384234 -0.377543
v 0.272878 0.384232 -0.365916
v 0.266147 0.384234 -0.368366
v 0.350374 0.384232 -0.306994
v 0.358339 0.384234 -0.302406
v 0.357147 0.384214 -0.295439
v 0.346147 0.384234 -0.304543
v 0.352878 0.384232 -0.292916
v 0.346147 0.384234 -0.295366
v 0.433626 0.319091 -0.236463
v 0.433626 0.315998 -0.248376
v 0.433626 0.310236 -0.258995
v 0.433626 0.300610 -0.269280
v 0.433626 0.288392 -0.276330
v 0.433626 0.275781 -0.279708
v 0.433626 0.072913 -0.269011
v 0.433626 0.084107 -0.275784
v 0.433626 0.096859 -0.279556
v 0.433626 0.062680 -0.257910
v 0.433626 0.056984 -0.246100
v 0.433626 0.054629 -0.235763
v 0.433626 0.054755 0.227405
v 0.433626 0.058199 0.239396
v 0.433626 0.065245 0.251584
v 0.433626 0.075692 0.261087
v 0.433626 0.085388 0.266420
v 0.433626 0.097549 0.269714
v 0.433626 0.304606 0.255704
v 0.433626 0.296747 0.261956
v 0.433626 0.287811 0.266654
v 0.433626 0.275472 0.269821
v 0.433626 0.312116 0.246240
v 0.433626 0.316438 0.237116
v 0.433626 0.319143 0.226437
v -0.441374 0.319217 -0.235347
v -0.441374 0.318991 0.227575
v -0.441374 0.299778 0.259953
v -0.441374 0.288391 0.266420
v -0.441374 0.276463 0.269670
v -0.441374 0.309681 0.249923
v -0.441374 0.315580 0.239396
v -0.441374 0.054880 0.228160
v -0.441374 0.058437 0.239953
v -0.441374 0.063347 0.248743
v -0.441374 0.072851 0.259189
v -0.441374 0.085968 0.266654
v -0.441374 0.098308 0.269821
v -0.441374 0.054697 -0.237035
v -0.441374 0.071611 -0.267991
v -0.441374 0.084435 -0.275976
v -0.441374 0.097998 -0.279708
v -0.441374 0.063614 -0.258978
v -0.441374 0.058560 -0.250238
v -0.441374 0.316177 -0.248040
v -0.441374 0.310986 -0.257789
v -0.441374 0.302479 -0.267798
v -0.441374 0.289673 -0.275784
v -0.441374 0.276920 -0.279556
v -0.262069 0.376645 0.370888
v -0.264308 0.377373 0.367006
v -0.260245 0.377367 0.374047
v -0.262619 0.376655 0.378154
v -0.264311 0.377373 0.381086
v -0.268917 0.376636 0.381083
v -0.272440 0.377373 0.381084
v -0.274753 0.376637 0.377073
v -0.276503 0.377373 0.374043
v -0.274252 0.376644 0.370149
v -0.272436 0.377365 0.367004
v -0.267693 0.376655 0.367007
v -0.352069 0.376645 -0.003112
v -0.354308 0.377373 -0.006994
v -0.350245 0.377367 0.000047
v -0.352619 0.376655 0.004154
v -0.354311 0.377373 0.007086
v -0.358977 0.376636 0.007083
v -0.362440 0.377373 0.007084
v -0.364746 0.376656 0.003086
v -0.366503 0.377373 0.000043
v -0.364270 0.376640 -0.003820
v -0.362436 0.377365 -0.006996
v -0.357693 0.376655 -0.006993
v -0.352012 0.376661 -0.303014
v -0.354555 0.376991 -0.307033
v -0.350245 0.377375 -0.299953
v -0.352559 0.376662 -0.295950
v -0.354311 0.377374 -0.292914
v -0.359086 0.376655 -0.292917
v -0.362440 0.377373 -0.292916
v -0.364746 0.376656 -0.296914
v -0.366503 0.377373 -0.299957
v -0.364269 0.376640 -0.303820
v -0.362436 0.377365 -0.306996
v -0.260335 0.376991 -0.373186
v -0.264555 0.376991 -0.380033
v -0.262559 0.376663 -0.368949
v -0.264311 0.377374 -0.365914
v -0.269050 0.376656 -0.365916
v -0.272440 0.377373 -0.365916
v -0.274761 0.376636 -0.369941
v -0.276503 0.377373 -0.372957
v -0.274213 0.376652 -0.376919
v -0.272436 0.377365 -0.379996
v 0.008023 0.376636 0.371048
v 0.005692 0.377373 0.367006
v 0.009755 0.377373 0.374047
v 0.007446 0.376656 0.378043
v 0.005689 0.377373 0.381086
v 0.001227 0.376640 0.381084
v -0.002441 0.377365 0.381083
v -0.004810 0.376655 0.376975
v -0.006503 0.377373 0.374043
v -0.004260 0.376645 0.370163
v -0.002436 0.377367 0.367004
v 0.002307 0.376655 0.367007
v 0.278005 0.376637 0.371018
v 0.275692 0.377373 0.367006
v 0.279755 0.377373 0.374047
v 0.277438 0.376637 0.378056
v 0.275689 0.377373 0.381086
v 0.271210 0.376644 0.381084
v 0.267560 0.377378 0.381084
v 0.265193 0.376656 0.376979
v 0.263497 0.377373 0.374043
v 0.265740 0.376645 0.370163
v 0.267564 0.377367 0.367004
v 0.272307 0.376655 0.367007
v 0.358060 0.376656 0.297112
v 0.355692 0.377374 0.293006
v 0.359755 0.377373 0.300047
v 0.357438 0.376637 0.304056
v 0.355689 0.377373 0.307086
v 0.351059 0.376637 0.307083
v 0.347560 0.377373 0.307084
v 0.345247 0.376637 0.303073
v 0.343497 0.377373 0.300043
v 0.345740 0.376645 0.296163
v 0.347564 0.377370 0.293004
v 0.352187 0.376663 0.293006
v 0.008080 0.376654 -0.375852
v 0.005693 0.377367 -0.379993
v 0.009755 0.377373 -0.372953
v 0.007451 0.376657 -0.368966
v 0.005689 0.377374 -0.365914
v 0.001098 0.376662 -0.365916
v -0.002440 0.377367 -0.365916
v -0.006413 0.376990 -0.372724
v -0.004129 0.376655 -0.377064
v -0.002437 0.377373 -0.379996
v 0.002045 0.376645 -0.379994
v 0.358060 0.376656 -0.002888
v 0.355692 0.377374 -0.006994
v 0.359755 0.377373 0.000047
v 0.357420 0.376636 0.004086
v 0.355689 0.377373 0.007086
v 0.351084 0.376657 0.007084
v 0.347560 0.377374 0.007084
v 0.345193 0.376656 0.002979
v 0.343497 0.377373 0.000043
v 0.345740 0.376645 -0.003837
v 0.347564 0.377370 -0.006996
v 0.352188 0.376663 -0.006994
v 0.278062 0.376655 -0.375885
v 0.275445 0.376991 -0.380033
v 0.279755 0.377373 -0.372953
v 0.277438 0.376637 -0.368944
v 0.275689 0.377373 -0.365914
v 0.271059 0.376637 -0.365917
v 0.267560 0.377373 -0.365916
v 0.265259 0.376636 -0.369906
v 0.263497 0.377373 -0.372957
v 0.265748 0.376644 -0.376851
v 0.267564 0.377365 -0.379996
v 0.358062 0.376655 -0.302885
v 0.355445 0.376991 -0.307033
v 0.359755 0.377373 -0.299953
v 0.357438 0.376637 -0.295944
v 0.355689 0.377373 -0.292914
v 0.351059 0.376637 -0.292917
v 0.347560 0.377373 -0.292916
v 0.345259 0.376636 -0.296906
v 0.343497 0.377373 -0.299957
v 0.345748 0.376644 -0.303851
v 0.347564 0.377365 -0.306996
v -0.269510 0.373302 0.373524
v -0.268291 0.373332 0.375277
v -0.267234 0.373322 0.373504
v -0.359265 0.373320 0.000932
v -0.357147 0.373253 -0.000039
v -0.359082 0.373339 -0.000919
v -0.358774 0.373240 -0.298844
v -0.358031 0.373181 -0.300961
v -0.269006 0.373276 -0.371887
v -0.267174 0.373310 -0.373354
v -0.269035 0.373339 -0.373943
v 0.001144 0.373341 0.375143
v 0.002832 0.373317 0.374371
v 0.000945 0.373249 0.373034
v 0.272421 0.373279 0.374991
v 0.271760 0.373321 0.372798
v 0.270433 0.373337 0.374270
v 0.350411 0.373275 0.300242
v 0.352523 0.373331 0.300894
v 0.352272 0.373331 0.298981
v 0.000484 0.373319 -0.372441
v 0.002761 0.373280 -0.372456
v 0.001464 0.373335 -0.374163
v 0.350534 0.373314 0.000676
v 0.352589 0.373336 0.000793
v 0.351991 0.373302 -0.001158
v 0.272406 0.373243 -0.373878
v 0.270919 0.373188 -0.372151
v 0.352406 0.373243 -0.300878
v 0.350919 0.373188 -0.299151
vn 0.0394 0.9992 -0.0067
vn -0.0038 0.9994 -0.0350
vn 0.0358 0.9988 -0.0336
vn -0.0161 0.9998 -0.0073
vn -0.0174 0.9994 0.0309
vn 0.0080 0.9998 -0.0190
vn 0.0227 0.9997 0.0054
vn -0.0028 0.9999 -0.0116
vn 0.0467 0.9989 -0.0053
vn -0.0120 0.9999 -0.0038
vn -0.0013 1.0000 -0.0082
vn -0.0102 0.9995 -0.0299
vn 0.0228 0.9997 -0.0078
vn -0.0232 0.9997 0.0012
vn -0.0048 1.0000 -0.0010
vn 0.0039 0.9997 0.0254
vn -0.0153 0.9995 0.0281
vn -0.0095 0.9995 0.0299
vn -0.0110 0.9995 0.0307
vn -0.0263 0.9994 0.0232
vn -0.0104 0.9999 -0.0021
vn 0.3517 0.8936 0.2788
vn 0.0185 0.9998 -0.0053
vn 0.6451 0.7301 -0.2253
vn -0.2967 0.9147 -0.2744
vn 0.2569 0.9106 -0.3238
vn 0.4881 0.8712 0.0528
vn 0.3330 0.7551 -0.5647
vn -0.5059 0.8607 -0.0567
vn -0.6788 0.7339 -0.0236
vn -0.4611 0.8541 0.2407
vn 0.2104 0.8308 0.5153
vn -0.5603 0.7930 0.2391
vn -0.3269 0.8175 0.4742
vn -0.1888 0.7291 -0.6578
vn -0.6376 0.6855 -0.3516
vn 0.2071 0.7090 0.6741
vn 0.4281 0.7181 0.5486
vn 0.6738 0.6410 0.3676
vn 0.7854 0.6149 -0.0709
vn 0.0541 0.7296 -0.6817
vn -0.6463 0.7627 -0.0232
vn -0.0444 0.7520 0.6576
vn -0.0153 0.6880 0.7255
vn 0.1026 0.6100 -0.7858
vn -0.4628 0.6180 -0.6356
vn -0.5872 0.6466 0.4869
vn -0.4962 0.6713 0.5506
vn 0.7408 0.6311 0.2300
vn 0.6641 0.5587 -0.4967
vn -0.2715 0.5860 -0.7635
vn -0.3283 0.5131 0.7930
vn 0.7758 0.5028 -0.3812
vn -0.3560 0.8399 0.4097
vn 0.1465 0.7395 0.6571
vn 0.8556 0.1819 0.4845
vn -0.2569 0.6755 0.6911
vn -0.8370 0.5108 0.1963
vn -0.6971 0.5017 -0.5122
vn 0.1475 0.7395 -0.6568
vn 0.6341 0.7516 -0.1817
vn 0.4817 0.6690 -0.5661
vn -0.2543 0.6762 -0.6914
vn -0.9769 -0.0091 0.2134
vn -0.9803 -0.0147 0.1968
vn -0.9350 0.0126 0.3544
vn -0.7833 -0.0156 0.6214
vn -0.8193 0.0005 0.5734
vn -0.5585 0.0029 0.8295
vn -0.6033 -0.0131 0.7974
vn -0.3955 0.0120 0.9184
vn -0.2920 -0.0084 0.9564
vn -0.0251 0.0159 0.9996
vn 0.1258 -0.0127 0.9920
vn 0.4126 -0.0153 0.9108
vn 0.3131 0.0061 0.9497
vn 0.6628 0.0208 0.7485
vn 0.8060 -0.0119 0.5918
vn 0.8166 -0.0075 0.5771
vn 0.9647 -0.0061 0.2635
vn 0.9778 0.0100 0.2092
vn -0.9897 -0.0032 -0.1431
vn -0.8641 0.0218 -0.5028
vn -0.9037 -0.0006 -0.4281
vn -0.6615 0.0077 -0.7499
vn -0.6851 0.0024 -0.7284
vn -0.4524 -0.0192 -0.8916
vn -0.2998 0.0060 -0.9540
vn -0.1702 -0.0159 -0.9853
vn 0.1276 0.0140 -0.9917
vn 0.2389 -0.0190 -0.9709
vn 0.5581 0.0082 -0.8297
vn 0.5723 0.0047 -0.8200
vn 0.7266 0.0155 -0.6869
vn 0.8519 -0.0163 -0.5234
vn 0.9119 0.0069 -0.4102
vn 0.9823 -0.0147 -0.1868
vn 0.9986 0.0203 -0.0486
vn -0.8660 0.0034 0.5001
vn -0.8687 0.0006 0.4954
vn -0.8660 0.0001 0.5000
vn -0.9183 -0.0507 0.3927
vn -0.8658 -0.0001 -0.5004
vn -0.6182 0.1479 -0.7720
vn -0.8715 0.0027 -0.4905
vn -0.8652 0.0077 -0.5013
vn 0.0005 -0.0000 -1.0000
vn 0.0056 0.0021 -1.0000
vn -0.0112 0.0029 -0.9999
vn 0.0016 0.0079 -1.0000
vn 0.8663 -0.0000 -0.4996
vn 0.8695 0.0027 -0.4940
vn 0.8644 0.0008 -0.5027
vn 0.8662 0.0023 -0.4997
vn 0.8658 -0.0000 0.5004
vn 0.8354 0.0237 0.5492
vn 0.8877 0.0100 0.4604
vn 0.8626 0.0304 0.5050
vn -0.0012 -0.0046 1.0000
vn 0.0060 -0.0004 1.0000
vn -0.0000 0.0001 1.0000
vn 0.0011 0.0005 1.0000
vn -0.0413 -0.9322 0.3596
vn 0.3115 -0.9502 0.0075
vn -0.3269 -0.9163 -0.2313
vn 0.2679 -0.9323 -0.2428
vn 0.3556 0.8612 -0.3631
vn 0.1818 0.8596 -0.4776
vn -0.3071 0.8718 -0.3816
vn -0.5018 0.8601 0.0923
vn 0.1274 0.8515 0.5087
vn 0.3395 0.8549 0.3923
vn 0.4927 0.8614 0.1236
vn -0.1847 0.8735 0.4505
vn -0.2749 0.8511 0.4474
vn -0.3194 0.8809 0.3493
vn -0.4993 0.8554 -0.1374
vn -0.1296 0.8558 -0.5008
vn -0.3179 0.8758 -0.3632
vn 0.4406 0.8893 -0.1222
vn 0.4762 0.8771 -0.0620
vn -0.0011 1.0000 0.0004
vn 0.0097 0.9999 0.0106
vn 0.0119 0.9998 0.0141
vn -0.0006 1.0000 0.0001
vn -0.0001 1.0000 0.0003
vn 0.0070 0.9999 0.0123
vn -0.0004 1.0000 -0.0008
vn -0.0008 1.0000 -0.0009
vn -0.0074 0.9999 0.0078
vn -0.0125 0.9998 0.0158
vn 0.0027 0.9999 -0.0139
vn 0.0047 0.9998 -0.0189
vn 0.0039 1.0000 -0.0018
vn 0.0001 1.0000 -0.0038
vn -0.0071 0.9999 -0.0088
vn 0.0020 1.0000 -0.0005
vn 0.0006 1.0000 -0.0007
vn 0.0013 1.0000 0.0009
vn -0.0007 1.0000 0.0012
vn 0.0007 1.0000 0.0009
vn -0.0005 1.0000 0.0045
vn 0.0005 1.0000 0.0028
vn 0.0016 1.0000 0.0009
vn -0.0106 0.9999 -0.0116
vn 0.0015 1.0000 -0.0007
vn 0.0012 1.0000 -0.0009
vn -0.0026 1.0000 -0.0015
vn -0.0003 1.0000 -0.0007
vn 0.0086 0.9999 -0.0098
vn -0.0152 0.9998 0.0154
vn 0.0159 0.9997 -0.0188
vn -0.0135 0.9999 -0.0003
vn 0.0034 1.0000 -0.0002
vn -0.0013 1.0000 -0.0005
vn -0.0110 0.9999 -0.0010
vn 0.0094 1.0000 -0.0000
vn 0.0974 0.9946 0.0366
vn 0.0079 0.9999 0.0074
vn -0.0159 0.9993 -0.0324
vn 0.0436 0.9951 0.0890
vn -0.0113 0.9992 -0.0375
vn -0.0384 0.9933 -0.1087
vn -0.0001 1.0000 0.0048
vn -0.0156 0.9999 -0.0003
vn -0.0001 1.0000 -0.0058
vn 0.0002 1.0000 0.0030
vn -0.0000 0.9999 -0.0105
vn -0.0021 1.0000 0.0023
vn 0.0053 1.0000 -0.0066
vn -0.0000 1.0000 -0.0000
vn 0.0007 1.0000 -0.0022
vn 0.0164 0.9999 -0.0004
vn -0.0129 0.9999 -0.0002
vn 0.0206 0.9998 0.0004
vn 0.0005 0.9999 -0.0151
vn -0.0009 0.9999 0.0158
vn -0.0000 1.0000 -0.0048
vn -0.0052 1.0000 0.0004
vn -0.0002 1.0000 -0.0002
vn -0.0254 0.9997 0.0002
vn 0.0078 1.0000 -0.0000
vn 0.0065 1.0000 -0.0000
vn 0.1168 0.9922 -0.0440
vn -0.1323 0.9912 0.0073
vn -0.0146 0.9999 -0.0021
vn -0.0000 0.9999 0.0164
vn 0.0001 1.0000 0.0001
vn -0.0000 0.9998 -0.0218
vn -0.0000 1.0000 -0.0062
vn -0.0024 0.9991 -0.0434
vn 0.0004 0.9999 0.0170
vn -0.0000 1.0000 -0.0001
vn 0.0001 1.0000 0.0003
vn -0.0000 1.0000 0.0064
vn 0.0058 1.0000 -0.0005
vn -0.0000 1.0000 0.0005
vn -0.0002 1.0000 0.0015
vn 0.0001 1.0000 0.0072
vn -0.0012 1.0000 -0.0007
vn -0.0026 1.0000 0.0019
vn 0.0112 0.9992 -0.0378
vn -0.0061 1.0000 -0.0000
vn 0.0025 1.0000 -0.0001
vn 0.0005 1.0000 -0.0001
vn 0.0001 1.0000 -0.0001
vn 0.0005 1.0000 0.0002
vn 0.0106 0.9999 0.0009
vn -0.0001 1.0000 -0.0004
vn 0.0007 1.0000 0.0023
vn -0.0004 1.0000 -0.0002
vn -0.0004 0.9999 -0.0130
vn -0.0004 1.0000 -0.0000
vn 0.0156 0.9998 0.0098
vn -0.0002 1.0000 0.0003
vn 0.0145 0.9999 -0.0018
vn -0.0000 1.0000 0.0006
vn 0.0075 1.0000 0.0002
vn -0.0002 1.0000 0.0001
vn 0.0077 1.0000 -0.0000
vn 0.0021 1.0000 -0.0001
vn -0.0003 1.0000 -0.0001
vn -0.0030 1.0000 0.0027
vn -0.0000 1.0000 0.0100
vn -0.0006 1.0000 -0.0007
vn 0.0010 1.0000 0.0023
vn 0.0018 1.0000 0.0007
vn 0.0022 1.0000 0.0004
vn -0.0061 0.9999 0.0090
vn -0.0012 1.0000 0.0047
vn 0.0084 1.0000 -0.0010
vn -0.0138 0.9999 0.0096
vn 0.0104 0.9999 0.0120
vn -0.0030 1.0000 -0.0033
vn 0.0002 1.0000 -0.0013
vn -0.0002 0.9999 0.0141
vn -0.0001 1.0000 0.0028
vn 0.0002 1.0000 -0.0075
vn 0.0002 0.9992 -0.0388
vn 0.0002 1.0000 -0.0028
vn -0.0001 1.0000 0.0082
vn 0.0023 0.9996 -0.0283
vn 0.0090 0.9999 -0.0133
vn -0.0069 0.9998 0.0185
vn 0.0127 0.9999 -0.0109
vn 0.0002 1.0000 -0.0004
vn -0.0150 0.9999 -0.0027
vn -0.0000 1.0000 -0.0003
vn -0.0030 1.0000 0.0001
vn 0.0001 1.0000 -0.0003
vn -0.0002 0.9999 0.0138
vn 0.0001 1.0000 -0.0090
vn 0.0001 0.9999 -0.0160
vn -0.0001 1.0000 -0.0020
vn -0.0001 1.0000 -0.0062
vn -0.0000 1.0000 0.0061
vn -0.0013 1.0000 0.0024
vn -0.0025 0.9994 -0.0339
vn 0.0001 1.0000 -0.0008
vn -0.0000 1.0000 -0.0041
vn -0.0002 1.0000 0.0041
vn -0.0000 0.9999 -0.0103
vn -0.0003 0.9993 -0.0380
vn -0.0000 1.0000 -0.0042
vn -0.0004 1.0000 -0.0016
vn -0.0021 1.0000 -0.0023
vn -0.0009 1.0000 -0.0006
vn 0.0167 0.9996 0.0209
vn -0.0013 1.0000 -0.0004
vn -0.0000 1.0000 0.0003
vn -0.0000 1.0000 0.0025
vn 0.0005 0.9998 -0.0190
vn 0.0006 1.0000 0.0001
vn 0.0003 1.0000 -0.0000
vn -0.0011 1.0000 -0.0013
vn -0.0043 1.0000 -0.0005
vn 0.0229 0.9994 -0.0246
vn 0.0005 1.0000 -0.0002
vn 0.0007 1.0000 -0.0051
vn 0.0006 1.0000 -0.0050
vn 0.0012 1.0000 -0.0054
vn -0.0504 0.9986 0.0169
vn 0.0113 0.9999 0.0001
vn -0.0024 1.0000 -0.0001
vn 0.0003 1.0000 -0.0019
vn 0.0005 1.0000 0.0003
vn 0.0011 0.9999 0.0137
vn 0.0002 1.0000 0.0002
vn 0.0002 1.0000 0.0005
vn -0.0224 0.9993 -0.0286
vn 0.0003 1.0000 -0.0010
vn -0.0044 1.0000 -0.0000
vn 0.0021 1.0000 -0.0000
vn 0.0116 0.9999 -0.0000
vn -0.0069 1.0000 0.0002
vn -0.0107 0.9999 0.0002
vn -0.0079 1.0000 0.0002
vn 0.0283 0.9996 -0.0020
vn -0.1455 0.9893 0.0076
vn -0.0017 1.0000 -0.0000
vn 0.0014 1.0000 0.0011
vn 0.0023 1.0000 0.0002
vn 0.0005 1.0000 -0.0004
vn 0.0005 1.0000 -0.0009
vn 0.0002 1.0000 -0.0095
vn -0.0003 0.9998 -0.0180
vn -0.0053 1.0000 -0.0032
vn 0.0099 0.9999 -0.0119
vn 0.0002 1.0000 -0.0000
vn -0.0003 1.0000 0.0002
vn -0.0003 1.0000 0.0019
vn -0.0207 0.9995 -0.0257
vn 0.0052 0.9999 0.0152
vn -0.0019 1.0000 0.0007
vn -0.0001 1.0000 -0.0053
vn -0.0003 0.9999 0.0111
vn -0.0003 0.9999 0.0118
vn -0.0069 1.0000 -0.0001
vn -0.0075 1.0000 0.0002
vn 0.0107 0.9999 -0.0002
vn -0.0067 1.0000 -0.0002
vn 0.0027 1.0000 -0.0001
vn 0.0092 1.0000 -0.0000
vn 0.0057 1.0000 -0.0000
vn -0.0018 1.0000 -0.0000
vn 0.0044 1.0000 0.0047
vn -0.0285 0.9995 -0.0100
vn -0.0027 1.0000 0.0020
vn -0.0005 1.0000 0.0002
vn -0.0179 0.9996 0.0213
vn 0.0025 1.0000 -0.0018
vn 0.0058 1.0000 -0.0062
vn -0.0102 0.9999 0.0124
vn 0.0018 1.0000 -0.0029
vn -0.0270 0.9993 -0.0247
vn 0.6506 -0.0037 0.7594
vn 0.6411 0.0038 0.7675
vn 0.4223 -0.0039 0.9064
vn 0.4106 0.0040 0.9118
vn 0.2143 -0.0024 0.9768
vn 0.1692 0.0131 0.9855
vn 0.8241 0.0037 0.5664
vn 0.8308 -0.0036 0.5565
vn 0.9387 0.0029 0.3447
vn 0.9519 -0.0155 0.3061
vn 0.9834 0.0144 0.1806
vn 0.9999 -0.0155 0.0005
vn 1.0000 0.0043 -0.0004
vn 0.9682 -0.0002 -0.2501
vn 0.8984 0.0028 -0.4392
vn 0.4805 0.0086 -0.8769
vn 0.2883 0.0139 -0.9574
vn 0.2280 -0.0142 -0.9736
vn 0.4341 -0.0072 -0.9009
vn 0.5855 -0.0132 -0.8105
vn 0.6659 0.0182 -0.7459
vn 0.7608 -0.0163 -0.6488
vn 0.8139 0.0100 -0.5809
vn 0.8851 -0.0085 -0.4654
vn 0.9696 -0.0034 -0.2445
vn 0.0003 0.0078 -1.0000
vn 0.0004 0.0061 -1.0000
vn -0.6905 0.0197 -0.7231
vn -0.5861 -0.0203 -0.8100
vn -0.4598 0.0191 -0.8878
vn -0.3777 -0.0148 -0.9258
vn -0.2280 0.0143 -0.9736
vn -0.1614 -0.0098 -0.9868
vn -0.7649 -0.0177 -0.6439
vn -0.8541 0.0212 -0.5196
vn -0.8982 -0.0141 -0.4393
vn -0.9645 0.0038 -0.2639
vn -0.9661 0.0076 -0.2579
vn -1.0000 -0.0042 -0.0002
vn -1.0000 -0.0012 -0.0003
vn -0.9794 -0.0038 0.2019
vn -0.8114 -0.0064 0.5844
vn -0.6411 0.0064 0.7675
vn -0.4171 -0.0004 0.9088
vn -0.1704 0.0155 0.9853
vn -0.2216 -0.0022 0.9751
vn -0.4106 0.0040 0.9118
vn -0.6288 -0.0030 0.7776
vn -0.8241 0.0065 0.5664
vn -0.9387 0.0044 0.3447
vn -0.9305 -0.0053 0.3662
vn -0.9835 0.0038 0.1807
vn -0.0000 -0.0107 0.9999
vn 0.0001 -0.0146 0.9999
vn -0.1723 -0.9302 0.3240
vn 0.1742 -0.9462 0.2728
vn -0.3630 -0.9142 -0.1800
vn -0.0162 -0.9371 -0.3486
vn 0.2392 -0.9293 -0.2814
vn 0.1082 -0.8983 0.4258
vn -0.2960 -0.9552 0.0006
vn 0.3224 -0.9287 0.1832
vn 0.2569 -0.9431 -0.2111
vn -0.2374 -0.9510 0.1982
vn -0.2759 -0.2379 0.9313
vn 0.0885 -0.8317 0.5482
vn 0.0820 -0.9505 -0.2999
vn 0.3981 -0.9173 0.0048
vn -0.2087 -0.9655 0.1560
vn -0.3002 -0.9295 -0.2142
vn 0.0748 -0.9237 -0.3759
vn 0.5072 0.1191 -0.8535
vn 0.3640 -0.8888 -0.2783
vn -0.2587 -0.9516 0.1658
vn 0.2047 -0.9275 0.3127
vn -0.1776 -0.9375 -0.2992
vn 0.0737 -0.9125 -0.4023
vn 0.5108 0.0002 -0.8597
vn 0.3318 -0.8955 -0.2965
vn -0.0026 0.2825 -0.9593
vn 0.0026 -0.2825 -0.9593
vn 0.6602 -0.0797 -0.7469
vn 0.6186 0.2343 -0.7500
vn 0.3575 -0.3383 -0.8705
vn 0.2812 0.3281 -0.9018
vn 0.8803 0.0929 -0.4653
vn 0.8862 -0.1172 -0.4483
vn 0.9077 -0.4196 0.0084
vn 0.9902 0.1353 -0.0335
vn 0.8440 0.4474 0.2959
vn 0.5727 -0.4358 0.6943
vn 0.2491 0.1091 0.9623
vn 0.2890 -0.2604 0.9212
vn 0.4946 0.3567 0.7926
vn 0.7052 0.4050 0.5819
vn 0.7632 -0.5047 0.4034
vn -0.0009 0.0977 0.9952
vn 0.0009 -0.0977 0.9952
vn -0.5890 0.4747 0.6540
vn -0.4772 -0.4330 0.7647
vn -0.2491 -0.1092 0.9623
vn -0.2917 0.3182 0.9020
vn -0.7064 -0.4165 0.5724
vn -0.7796 0.5101 0.3632
vn -0.8718 -0.4061 0.2739
vn -0.9701 0.2423 -0.0165
vn -0.9967 0.0813 -0.0055
vn -0.2874 -0.3437 -0.8940
vn -0.3608 0.3131 -0.8785
vn -0.6657 -0.1023 -0.7392
vn -0.6658 -0.0970 -0.7398
vn -0.9066 0.0169 -0.4216
vn -0.9064 0.0081 -0.4223
vn -0.9632 -0.1381 0.2305
vn -0.3775 -0.9062 0.1904
vn -0.4333 -0.8966 -0.0916
vn 0.3738 -0.9251 -0.0667
vn 0.1355 -0.9524 0.2731
vn -0.3747 -0.9003 -0.2217
vn -0.3750 -0.9002 -0.2217
vn -0.3751 -0.9001 -0.2215
vn -0.6034 -0.0707 -0.7943
vn -0.1744 -0.8943 -0.4120
vn -0.3092 -0.7712 0.5564
vn 0.0557 -0.6120 0.7889
vn 0.2374 -0.9276 0.2884
vn 0.8711 0.1834 0.4555
vn 0.3526 -0.9341 0.0565
vn -0.3856 -0.9224 -0.0229
vn 0.4696 0.6376 -0.6107
vn -0.3092 -0.7713 0.5564
vn 0.0555 -0.6123 0.7887
vn 0.2382 -0.9272 0.2889
vn 0.8714 0.1819 0.4556
vn 0.3408 -0.9388 0.0500
vn -0.3870 -0.9218 -0.0226
vn -0.1481 -0.9209 -0.3605
vn -0.0000 -1.0000 -0.0000
vn -0.9996 -0.0043 0.0281
vn -0.8879 -0.0064 0.4599
vn -0.8971 -0.0144 0.4415
vn -0.6811 0.0114 0.7321
vn -0.6976 0.0050 0.7165
vn -0.3391 -0.0062 0.9407
vn -0.3977 0.0094 0.9175
vn -0.1867 0.0106 0.9824
vn 0.0450 -0.0181 0.9988
vn 0.1928 0.0081 0.9812
vn 0.3707 -0.0066 0.9287
vn 0.4314 0.0087 0.9021
vn 0.6519 0.0146 0.7581
vn 0.7227 -0.0077 0.6911
vn 0.8637 0.0030 0.5040
vn 0.9054 -0.0145 0.4244
vn 0.9738 0.0061 0.2274
vn 0.9968 -0.0161 0.0784
vn -0.9999 -0.0006 0.0159
vn -0.9191 0.0242 -0.3933
vn -0.9596 -0.0082 -0.2812
vn -0.8125 0.0155 -0.5828
vn -0.7620 -0.0050 -0.6476
vn -0.5710 -0.0099 -0.8209
vn -0.5617 -0.0130 -0.8272
vn -0.2640 0.0046 -0.9645
vn -0.1914 -0.0127 -0.9814
vn 0.1078 0.0234 -0.9939
vn 0.2484 -0.0040 -0.9686
vn 0.4191 0.0026 -0.9080
vn 0.4776 -0.0116 -0.8785
vn 0.6804 0.0110 -0.7328
vn 0.7869 -0.0099 -0.6169
vn 0.8905 0.0163 -0.4547
vn 0.9523 -0.0198 -0.3044
vn 0.9978 0.0062 -0.0656
vn -0.9795 -0.0004 0.2016
vn -0.9732 0.0074 0.2299
vn -0.8071 -0.0127 0.5902
vn -0.8235 -0.0035 0.5673
vn -0.5372 -0.0024 0.8434
vn -0.5491 0.0014 0.8358
vn -0.2630 -0.0144 0.9647
vn -0.1787 0.0081 0.9839
vn 0.0293 -0.0109 0.9995
vn 0.3834 -0.0100 0.9235
vn 0.2719 0.0184 0.9622
vn 0.6657 -0.0128 0.7461
vn 0.6377 -0.0006 0.7703
vn 0.9399 -0.0139 0.3411
vn 0.9233 0.0010 0.3842
vn 0.9987 0.0011 0.0500
vn -0.9927 0.0157 -0.1200
vn -0.9792 -0.0045 -0.2030
vn -0.8624 0.0056 -0.5063
vn -0.8705 0.0110 -0.4920
vn -0.5684 -0.0163 -0.8226
vn -0.6016 -0.0015 -0.7988
vn -0.2641 0.0026 -0.9645
vn -0.1911 -0.0160 -0.9814
vn 0.0445 0.0098 -0.9990
vn 0.2996 -0.0199 -0.9539
vn 0.3023 -0.0208 -0.9530
vn 0.5991 0.0144 -0.8005
vn 0.8296 0.0049 -0.5583
vn 0.7514 -0.0232 -0.6595
vn 0.9740 -0.0002 -0.2265
vn 0.9561 -0.0136 -0.2926
vn 0.9996 -0.0123 -0.0255
vn -0.9981 -0.0060 0.0610
vn -0.9981 -0.0058 0.0618
vn -0.9200 0.0074 0.3918
vn -0.8596 -0.0303 0.5101
vn -0.6510 0.0207 0.7588
vn -0.4832 -0.0212 0.8753
vn -0.3358 0.0072 0.9419
vn -0.0794 -0.0044 0.9968
vn -0.0560 0.0018 0.9984
vn 0.2703 0.0065 0.9627
vn 0.2196 -0.0062 0.9756
vn 0.5242 -0.0066 0.8516
vn 0.5434 -0.0009 0.8395
vn 0.6807 0.0101 0.7325
vn 0.7531 -0.0099 0.6578
vn 0.9536 -0.0048 0.3009
vn 0.9250 0.0171 0.3796
vn -0.9589 -0.0007 -0.2836
vn -0.9413 -0.0128 -0.3372
vn -0.8456 0.0186 -0.5335
vn -0.5743 0.0026 -0.8186
vn -0.6676 -0.0237 -0.7441
vn -0.2752 0.0015 -0.9614
vn -0.3363 -0.0138 -0.9416
vn 0.0444 -0.0049 -0.9990
vn 0.0430 -0.0045 -0.9991
vn 0.3253 -0.0123 -0.9455
vn 0.3895 0.0032 -0.9210
vn 0.5926 -0.0114 -0.8054
vn 0.7076 0.0202 -0.7064
vn 0.8758 -0.0152 -0.4824
vn 0.9384 0.0178 -0.3452
vn 0.9997 -0.0182 -0.0141
vn 0.9988 -0.0045 -0.0490
vn -0.9973 -0.0174 0.0720
vn -0.9919 -0.0003 0.1272
vn -0.8933 0.0019 0.4494
vn -0.8937 0.0017 0.4487
vn -0.6939 0.0112 0.7200
vn -0.6103 -0.0103 0.7921
vn -0.4928 0.0047 0.8702
vn -0.2951 -0.0210 0.9552
vn -0.2028 0.0068 0.9792
vn 0.1460 0.0133 0.9892
vn 0.2480 -0.0166 0.9686
vn 0.5480 0.0015 0.8364
vn 0.4910 -0.0243 0.8708
vn 0.7480 0.0152 0.6636
vn 0.8802 -0.0179 0.4743
vn 0.9087 -0.0023 0.4175
vn 0.9977 -0.0103 0.0677
vn 0.9950 -0.0012 0.1000
vn -0.9702 -0.0002 -0.2421
vn -0.9414 -0.0188 -0.3366
vn -0.8498 0.0168 -0.5268
vn -0.6921 0.0032 -0.7218
vn -0.6636 -0.0095 -0.7480
vn -0.3573 0.0038 -0.9340
vn -0.3148 -0.0072 -0.9491
vn -0.0907 0.0121 -0.9958
vn -0.0185 -0.0001 -0.9998
vn 0.3060 0.0190 -0.9518
vn 0.5339 0.0061 -0.8455
vn 0.4297 -0.0109 -0.9029
vn 0.8063 -0.0000 -0.5915
vn 0.7586 -0.0209 -0.6512
vn 0.9595 -0.0058 -0.2817
vn 0.9580 -0.0041 -0.2867
vn -0.9943 0.0109 0.1065
vn -0.9035 -0.0091 0.4285
vn -0.8949 -0.0025 0.4463
vn -0.6039 -0.0181 0.7968
vn -0.6452 -0.0027 0.7640
vn -0.3410 0.0062 0.9400
vn -0.2074 -0.0216 0.9780
vn 0.0114 0.0144 0.9998
vn 0.2486 -0.0106 0.9685
vn 0.1993 0.0036 0.9799
vn 0.5810 -0.0090 0.8139
vn 0.5153 0.0042 0.8570
vn 0.6959 0.0091 0.7181
vn 0.8543 -0.0128 0.5196
vn 0.8690 -0.0055 0.4948
vn 0.9842 -0.0040 0.1771
vn 0.9788 0.0028 0.2047
vn -0.9994 -0.0206 -0.0294
vn -0.9557 0.0052 -0.2942
vn -0.9252 -0.0096 -0.3794
vn -0.8464 0.0133 -0.5324
vn -0.7031 -0.0239 -0.7107
vn -0.5054 0.0118 -0.8628
vn -0.3968 -0.0174 -0.9177
vn -0.1034 0.0120 -0.9946
vn 0.0223 -0.0195 -0.9996
vn 0.3402 0.0159 -0.9402
vn 0.5134 -0.0225 -0.8579
vn 0.6408 0.0130 -0.7676
vn 0.8593 -0.0249 -0.5109
vn 0.9148 0.0055 -0.4039
vn 0.9858 0.0139 -0.1672
vn 0.9768 0.0032 -0.2142
vn -0.9206 -0.0081 0.3904
vn -0.9602 0.0145 0.2791
vn -0.8418 0.0169 0.5396
vn -0.6315 0.0034 0.7754
vn -0.6202 -0.0016 0.7844
vn -0.2545 -0.0109 0.9670
vn -0.2746 -0.0032 0.9616
vn 0.1211 0.0074 0.9926
vn 0.2227 -0.0162 0.9748
vn 0.4439 0.0061 0.8961
vn 0.5922 -0.0218 0.8055
vn 0.6799 0.0048 0.7333
vn 0.8861 0.0020 0.4634
vn 0.9252 -0.0234 0.3787
vn 0.9890 0.0124 0.1471
vn -0.9991 -0.0286 -0.0327
vn -0.9797 0.0168 -0.1997
vn -0.9088 -0.0082 -0.4172
vn -0.8416 0.0158 -0.5398
vn -0.6489 0.0051 -0.7609
vn -0.6788 -0.0027 -0.7343
vn -0.3390 -0.0137 -0.9407
vn -0.3594 -0.0204 -0.9330
vn -0.0907 0.0076 -0.9959
vn 0.0524 -0.0155 -0.9985
vn 0.2534 0.0230 -0.9671
vn 0.5833 0.0111 -0.8122
vn 0.5109 -0.0110 -0.8596
vn 0.7715 0.0216 -0.6359
vn 0.8482 -0.0161 -0.5294
vn 0.9700 0.0190 -0.2423
vn 0.9969 -0.0190 -0.0764
vn -0.9390 -0.0105 0.3437
vn -0.9600 0.0012 0.2801
vn -0.8364 0.0195 0.5477
vn -0.7066 -0.0156 0.7074
vn -0.5341 0.0189 0.8452
vn -0.3315 -0.0219 0.9432
vn -0.2097 0.0052 0.9778
vn 0.0923 -0.0144 0.9956
vn 0.1177 -0.0085 0.9930
vn 0.3562 -0.0021 0.9344
vn 0.3274 0.0025 0.9449
vn 0.5932 0.0214 0.8047
vn 0.6893 -0.0053 0.7244
vn 0.8348 0.0055 0.5505
vn 0.8827 -0.0138 0.4698
vn 0.9681 0.0078 0.2506
vn 0.9922 -0.0148 0.1236
vn -0.9966 -0.0144 -0.0806
vn -0.9989 -0.0015 -0.0467
vn -0.8843 -0.0042 -0.4669
vn -0.8857 -0.0051 -0.4643
vn -0.6790 0.0016 -0.7341
vn -0.6499 -0.0056 -0.7600
vn -0.4993 0.0187 -0.8662
vn -0.2810 -0.0099 -0.9597
vn -0.1147 0.0140 -0.9933
vn 0.0384 -0.0180 -0.9991
vn 0.2961 0.0248 -0.9548
vn 0.5107 -0.0148 -0.8596
vn 0.6239 0.0136 -0.7813
vn 0.8281 -0.0011 -0.5605
vn 0.8285 -0.0013 -0.5599
vn 0.9384 0.0069 -0.3455
vn 0.9618 -0.0103 -0.2734
vn 0.9996 0.0059 -0.0260
vn -0.9865 0.0122 0.1632
vn -0.9725 -0.0086 0.2326
vn -0.8060 -0.0029 0.5920
vn -0.8506 0.0169 0.5255
vn -0.5909 0.0001 0.8067
vn -0.5932 -0.0007 0.8051
vn -0.2236 -0.0163 0.9745
vn -0.3044 0.0024 0.9525
vn -0.0464 0.0110 0.9989
vn 0.2361 -0.0129 0.9716
vn 0.3034 0.0044 0.9529
vn 0.5224 0.0030 0.8527
vn 0.5979 -0.0173 0.8014
vn 0.8154 -0.0142 0.5788
vn 0.7701 0.0017 0.6379
vn 0.9550 -0.0034 0.2966
vn 0.9577 -0.0006 0.2878
vn 0.9998 -0.0022 -0.0182
vn -0.9964 0.0209 -0.0824
vn -0.9290 -0.0008 -0.3701
vn -0.9552 -0.0198 -0.2953
vn -0.7729 0.0030 -0.6345
vn -0.7109 -0.0218 -0.7029
vn -0.4938 0.0156 -0.8694
vn -0.3356 -0.0121 -0.9419
vn -0.1852 0.0066 -0.9827
vn 0.0475 -0.0150 -0.9988
vn 0.0318 -0.0096 -0.9994
vn 0.4071 -0.0050 -0.9134
vn 0.3924 -0.0096 -0.9197
vn 0.6446 0.0029 -0.7645
vn 0.7342 -0.0234 -0.6785
vn 0.8417 0.0047 -0.5399
vn 0.9147 -0.0049 -0.4042
vn 0.9606 0.0178 -0.2772
vn 0.9999 -0.0018 -0.0168
vn -0.9629 0.0109 0.2697
vn -0.8873 -0.0180 0.4608
vn -0.8433 0.0009 0.5375
vn -0.6304 -0.0128 0.7762
vn -0.6482 -0.0203 0.7612
vn -0.3595 0.0065 0.9331
vn -0.1872 -0.0225 0.9821
vn -0.0510 0.0093 0.9987
vn 0.1737 -0.0090 0.9847
vn 0.3727 0.0258 0.9276
vn 0.5768 -0.0222 0.8166
vn 0.7085 0.0099 0.7056
vn 0.8760 -0.0025 0.4824
vn 0.8819 -0.0061 0.4714
vn 0.9523 0.0114 0.3050
vn -0.9983 -0.0114 -0.0565
vn -0.9995 -0.0201 -0.0249
vn -0.9259 -0.0028 -0.3777
vn -0.9184 -0.0067 -0.3956
vn -0.7932 0.0294 -0.6083
vn -0.5010 0.0185 -0.8652
vn -0.6049 -0.0094 -0.7962
vn -0.2353 -0.0140 -0.9718
vn -0.1186 0.0052 -0.9929
vn 0.1204 -0.0001 -0.9927
vn 0.0831 -0.0095 -0.9965
vn 0.4537 0.0069 -0.8911
vn 0.5424 -0.0253 -0.8397
vn 0.8004 0.0175 -0.5991
vn 0.8934 -0.0248 -0.4485
vn 0.9823 0.0188 -0.1865
vn 0.9957 0.0091 -0.0919
vn 0.9997 -0.0221 0.0134
vn -0.9893 -0.0134 0.1450
vn -0.9601 0.0011 0.2796
vn -0.8864 -0.0207 0.4625
vn -0.8249 0.0111 0.5651
vn -0.7716 0.0161 0.6359
vn -0.5239 -0.0224 0.8515
vn -0.4934 -0.0086 0.8698
vn -0.1032 0.0300 0.9942
vn 0.1032 -0.0356 0.9940
vn 0.5216 -0.0161 0.8531
vn 0.4021 0.0148 0.9155
vn 0.7554 0.0271 0.6547
vn 0.8860 -0.0212 0.4632
vn 0.9537 0.0209 0.3000
vn -0.9993 0.0152 -0.0342
vn -0.9707 -0.0100 -0.2403
vn -0.9371 0.0073 -0.3491
vn -0.8125 -0.0133 -0.5829
vn -0.8268 -0.0060 -0.5624
vn -0.6067 0.0025 -0.7949
vn -0.5750 -0.0074 -0.8181
vn -0.2695 -0.0028 -0.9630
vn -0.2827 0.0012 -0.9592
vn 0.0736 -0.0138 -0.9972
vn 0.0787 -0.0121 -0.9968
vn 0.2894 0.0201 -0.9570
vn 0.5907 -0.0104 -0.8068
vn 0.6010 -0.0156 -0.7991
vn 0.8687 0.0123 -0.4951
vn 0.9197 -0.0045 -0.3925
vn 0.9421 0.0079 -0.3352
vn 0.9997 -0.0002 -0.0260
vn 0.9999 -0.0030 -0.0149
vn -0.5238 -0.0224 0.8515
vn 0.1034 -0.0357 0.9940
vn 0.5212 -0.0162 0.8533
vn 0.4022 0.0146 0.9155
vn -0.9705 -0.0100 -0.2409
vn -0.9371 0.0072 -0.3491
vn -0.8124 -0.0134 -0.5829
vn -0.8139 -0.0127 -0.5809
vn -0.6066 0.0048 -0.7950
vn -0.5900 0.0003 -0.8074
vn -0.2696 0.0064 -0.9629
vn -0.2214 -0.0085 -0.9751
vn 0.0725 0.0013 -0.9974
vn 0.2895 -0.0010 -0.9572
vn 0.2181 -0.0202 -0.9757
vn 0.5910 0.0062 -0.8067
vn 0.6407 -0.0122 -0.7677
vn 0.9189 -0.0042 -0.3946
vn 0.9421 0.0091 -0.3351
vn 0.9997 0.0022 -0.0260
vn 1.0000 -0.0024 -0.0074
vn -1.0000 -0.0000 -0.0011
vn -1.0000 -0.0000 0.0018
vn -1.0000 0.0002 -0.0000
vn -0.0000 -0.0000 1.0000
vn 1.0000 -0.0000 -0.0006
vn 1.0000 -0.0000 0.0010
vn 1.0000 0.0001 -0.0000
vn 0.0092 -0.0002 -1.0000
vn 0.0056 -0.0000 -1.0000
vn 0.6527 0.0003 0.7577
vn 0.6276 -0.0009 0.7785
vn 0.4464 0.0008 0.8948
vn 0.4047 -0.0006 0.9144
vn 0.1843 -0.0002 0.9829
vn 0.2034 0.0004 0.9791
vn 0.8110 0.0006 0.5850
vn 0.8453 -0.0014 0.5343
vn 0.9225 0.0013 0.3861
vn 0.9659 -0.0018 0.2587
vn 0.9917 0.0012 0.1288
vn 1.0000 -0.0000 -0.0000
vn 1.0000 0.0003 -0.0000
vn 1.0000 0.0002 -0.0000
vn 1.0000 0.0001 -0.0001
vn 1.0000 -0.0000 -0.0001
vn 1.0000 -0.0000 -0.0002
vn 1.0000 -0.0000 -0.0003
vn 1.0000 -0.0001 -0.0003
vn 1.0000 -0.0001 -0.0002
vn 1.0000 -0.0002 -0.0002
vn 1.0000 -0.0002 -0.0001
vn 1.0000 -0.0003 -0.0001
vn 1.0000 -0.0004 -0.0000
vn 1.0000 -0.0005 -0.0000
vn 1.0000 -0.0003 0.0001
vn 1.0000 -0.0002 0.0002
vn 1.0000 -0.0001 0.0003
vn 0.9844 0.0007 -0.1758
vn 0.9686 -0.0012 -0.2487
vn 0.7789 0.0016 -0.6271
vn 0.7255 -0.0010 -0.6883
vn 0.5292 0.0008 -0.8485
vn 0.2629 -0.0003 -0.9648
vn 0.2824 0.0005 -0.9593
vn 0.4998 -0.0005 -0.8662
vn 0.8658 -0.0014 -0.5004
vn 0.9303 0.0012 -0.3667
vn 0.0002 -0.0003 -1.0000
vn -0.0000 -0.0000 -1.0000
vn -0.6971 0.0012 -0.7169
vn -0.5282 -0.0003 -0.8491
vn -0.5292 -0.0003 -0.8485
vn -0.2824 -0.0006 -0.9593
vn -0.2499 0.0007 -0.9683
vn -0.7705 -0.0016 -0.6375
vn -0.8625 0.0015 -0.5060
vn -0.9093 -0.0012 -0.4161
vn -0.9746 0.0009 -0.2240
vn -0.9819 -0.0003 -0.1892
vn -1.0000 0.0002 0.0004
vn -1.0000 0.0003 0.0003
vn -1.0000 0.0005 0.0002
vn -1.0000 0.0009 -0.0000
vn -1.0000 0.0006 -0.0000
vn -1.0000 0.0003 -0.0001
vn -1.0000 0.0002 -0.0002
vn -1.0000 0.0001 -0.0002
vn -1.0000 -0.0000 -0.0003
vn -1.0000 -0.0000 -0.0002
vn -1.0000 -0.0001 -0.0001
vn -1.0000 -0.0002 -0.0001
vn -1.0000 -0.0002 -0.0000
vn -1.0000 -0.0003 -0.0000
vn -1.0000 -0.0002 0.0001
vn -1.0000 -0.0001 0.0001
vn -1.0000 -0.0001 0.0002
vn -1.0000 -0.0000 0.0004
vn -1.0000 -0.0000 0.0005
vn -0.9037 0.0003 0.4281
vn -0.7705 0.0011 0.6375
vn -0.7991 -0.0006 0.6012
vn -0.5234 0.0013 0.8521
vn -0.5788 -0.0010 0.8154
vn -0.2564 0.0015 0.9666
vn -0.3526 -0.0014 0.9358
vn -0.9144 -0.0003 0.4049
vn -0.9710 0.0005 0.2393
vn -0.9788 -0.0006 0.2046
vn -0.0142 -0.0000 -0.9999
vn -0.0512 0.0021 -0.9987
vn 0.5379 0.8091 0.2368
vn -0.0556 0.9982 0.0218
vn -0.2155 0.9630 -0.1620
vn 0.3120 0.8466 0.4312
vn -0.1168 0.9323 0.3422
vn 0.5585 0.8223 -0.1090
vn 0.5586 0.8223 -0.1088
vn 0.5583 0.8224 -0.1091
vn 0.3732 0.8483 -0.3757
vn 0.1218 0.8020 -0.5848
vn -0.1533 0.7687 -0.6209
vn -0.5134 0.7718 0.3752
vn -0.5942 0.8017 0.0651
vn -0.3437 0.7052 0.6201
vn 0.3199 0.6285 0.7090
vn 0.7524 0.6566 -0.0539
vn 0.0740 0.6651 -0.7431
vn -0.4377 0.7625 -0.4764
vn -0.7386 0.6248 -0.2532
vn -0.7356 0.6771 0.0220
vn -0.0371 0.6869 0.7258
vn 0.0937 0.6825 0.7249
vn 0.4469 0.6975 -0.5601
vn 0.3759 0.5632 -0.7358
vn -0.2230 0.6617 -0.7158
vn -0.4531 0.5817 -0.6755
vn -0.7672 0.5216 0.3732
vn 0.7780 0.4936 -0.3886
vn 0.1169 0.6430 0.7569
vn 0.6707 0.5931 0.4455
vn 0.5611 0.6151 0.5538
vn 0.7924 0.5811 0.1857
vn -0.5719 0.5716 0.5884
vn 0.8447 0.3896 0.3670
vn -0.0755 0.9971 0.0012
vn 0.0627 0.9855 0.1574
vn -0.1551 0.8459 -0.5104
vn -0.6003 0.7977 0.0582
vn -0.5236 0.7931 0.3111
vn -0.1866 0.8768 0.4431
vn 0.1038 0.7784 -0.6191
vn -0.1478 0.7726 -0.6175
vn 0.5193 0.7845 -0.3390
vn 0.0406 0.6856 -0.7268
vn -0.4225 0.8254 -0.3745
vn -0.6700 0.6273 -0.3971
vn -0.5569 0.8117 -0.1761
vn -0.7740 0.6265 -0.0911
vn 0.8240 0.5320 -0.1949
vn 0.3601 0.7131 -0.6016
vn 0.5904 0.8062 0.0391
vn 0.6264 0.7790 0.0282
vn 0.5700 0.7420 -0.3529
vn 0.4509 0.6179 -0.6441
vn 0.2570 0.6267 -0.7356
vn -0.4963 0.5022 0.7081
vn -0.1329 0.5618 0.8165
vn 0.1268 0.7259 0.6760
vn 0.4230 0.6623 0.6184
vn 0.5625 0.7119 0.4205
vn -0.4670 0.5976 -0.6518
vn -0.7598 0.6255 0.1771
vn 0.5650 0.4886 0.6648
vn 0.2434 0.4710 0.8479
vn -0.6739 0.5412 0.5030
vn 0.0404 0.9911 -0.1264
vn -0.0714 0.9923 -0.1012
vn -0.2072 0.9585 0.1959
vn -0.0235 0.9395 0.3417
vn -0.0430 0.9192 0.3915
vn 0.2713 0.8836 0.3817
vn 0.5150 0.7962 0.3177
vn 0.4168 0.9087 -0.0224
vn 0.0311 0.7963 -0.6041
vn -0.4701 0.8658 -0.1715
vn 0.0143 0.7558 -0.6546
vn -0.3317 0.7589 0.5604
vn -0.2721 0.7484 0.6049
vn -0.2312 0.6793 -0.6965
vn -0.5720 0.8123 0.1139
vn 0.5097 0.7321 0.4520
vn 0.7362 0.6005 0.3122
vn -0.2258 0.6887 -0.6890
vn -0.4733 0.7325 -0.4894
vn -0.7970 0.6034 0.0267
vn -0.5659 0.7220 0.3980
vn 0.2341 0.6384 0.7332
vn 0.5941 0.8040 0.0266
vn 0.7799 0.5328 -0.3286
vn 0.5543 0.7105 -0.4335
vn 0.3561 0.6564 -0.6651
vn -0.6552 0.6010 -0.4576
vn -0.7182 0.6787 -0.1532
vn -0.7491 0.5639 0.3477
vn 0.3184 0.6825 0.6579
vn -0.4977 0.4879 -0.7171
vn 0.3517 0.5519 -0.7561
vn 0.6195 0.4839 -0.6181
vn -0.6337 0.2722 0.7241
vn -0.0772 0.9257 -0.3702
vn -0.3360 0.9192 -0.2053
vn 0.3347 0.9191 0.2080
vn -0.0067 0.7087 -0.7055
vn 0.2511 0.8026 -0.5411
vn -0.2729 0.7231 -0.6345
vn -0.2732 0.7233 -0.6342
vn -0.2731 0.7231 -0.6344
vn -0.4420 0.8666 -0.2316
vn 0.5353 0.7694 -0.3486
vn -0.6283 0.6785 0.3806
vn 0.2221 0.7823 0.5819
vn -0.8051 0.5712 -0.1599
vn -0.6506 0.7546 0.0855
vn -0.5775 0.7465 0.3304
vn -0.3744 0.7127 0.5932
vn 0.5484 0.6238 0.5570
vn 0.6899 0.6766 0.2573
vn 0.6615 0.7495 -0.0265
vn 0.6050 0.6530 -0.4556
vn 0.4737 0.5668 -0.6741
vn -0.5042 0.6588 -0.5584
vn -0.7648 0.6414 0.0611
vn 0.8343 0.4961 -0.2407
vn 0.8342 0.4961 -0.2408
vn 0.8343 0.4961 -0.2406
vn -0.5801 0.5527 0.5984
vn -0.3795 0.6246 0.6825
vn 0.1128 0.4886 0.8652
vn 0.8280 0.5551 0.0792
vn 0.8280 0.5551 0.0791
vn 0.8279 0.5552 0.0790
vn 0.2261 0.5820 -0.7811
vn -0.1565 0.5592 0.8141
vn -0.0880 0.6722 0.7352
vn 0.4106 0.5647 0.7159
vn -0.0260 0.9966 -0.0784
vn 0.0363 0.9389 0.3422
vn 0.3248 0.8706 0.3694
vn 0.2828 0.9524 -0.1136
vn -0.3947 0.9011 -0.1794
vn 0.2283 0.8546 -0.4664
vn 0.5542 0.8133 0.1774
vn -0.5722 0.8154 0.0875
vn -0.4361 0.8053 0.4016
vn 0.3263 0.7116 0.6222
vn 0.2067 0.7594 0.6170
vn 0.4790 0.7585 0.4419
vn 0.4789 0.7585 0.4420
vn 0.4791 0.7585 0.4418
vn 0.7370 0.6732 -0.0606
vn 0.5618 0.7447 -0.3603
vn 0.5619 0.7447 -0.3601
vn 0.5618 0.7447 -0.3604
vn -0.0288 0.6317 -0.7746
vn -0.0432 0.6946 -0.7181
vn -0.3440 0.7208 -0.6018
vn -0.3076 0.6506 0.6944
vn -0.0786 0.6982 0.7116
vn 0.6544 0.6589 0.3709
vn 0.5746 0.5155 -0.6358
vn 0.5748 0.5157 -0.6354
vn 0.5747 0.5155 -0.6357
vn -0.4263 0.5991 -0.6778
vn -0.7793 0.6025 -0.1723
vn -0.7884 0.4623 0.4059
vn 0.2247 0.6236 -0.7487
vn -0.6561 0.5817 -0.4808
vn -0.7765 0.6288 0.0423
vn -0.7765 0.6288 0.0422
vn 0.7442 0.6529 0.1409
vn -0.5066 0.5865 0.6320
vn -0.2935 0.5759 0.7630
vn -0.2934 0.5759 0.7630
vn -0.0738 0.9970 -0.0253
vn 0.3249 0.8487 0.4173
vn 0.3827 0.9024 -0.1982
vn 0.3827 0.9023 -0.1985
vn 0.3827 0.9024 -0.1983
vn 0.2604 0.8676 -0.4237
vn -0.4508 0.8491 -0.2754
vn -0.4509 0.8490 -0.2756
vn -0.4508 0.8491 -0.2753
vn 0.4361 0.8904 0.1304
vn 0.4358 0.8905 0.1305
vn 0.4358 0.8905 0.1306
vn 0.4811 0.7996 -0.3595
vn -0.0281 0.8432 -0.5369
vn -0.2263 0.8279 0.5132
vn -0.5277 0.7634 -0.3725
vn -0.6074 0.7944 0.0069
vn -0.4656 0.8304 0.3061
vn -0.4655 0.8305 0.3059
vn -0.4656 0.8303 0.3063
vn 0.7175 0.6915 0.0837
vn -0.4039 0.7087 -0.5784
vn -0.4690 0.6480 -0.6001
vn -0.4691 0.6479 -0.6001
vn -0.4692 0.6478 -0.6001
vn 0.1129 0.6785 0.7259
vn 0.7725 0.6101 -0.1760
vn 0.3174 0.7182 -0.6193
vn 0.3175 0.7183 -0.6191
vn 0.3173 0.7181 -0.6194
vn 0.2388 0.5319 -0.8124
vn -0.0871 0.7252 -0.6830
vn -0.8042 0.5540 0.2153
vn -0.5409 0.5482 0.6379
vn -0.5410 0.5483 0.6377
vn -0.5409 0.5482 0.6378
vn -0.5571 0.7064 0.4367
vn -0.2239 0.5448 0.8081
vn 0.1138 0.6761 0.7279
vn 0.1136 0.6762 0.7279
vn 0.1139 0.6761 0.7279
vn 0.3320 0.5502 0.7662
vn 0.6019 0.5709 0.5584
vn 0.6017 0.5709 0.5586
vn 0.6016 0.5709 0.5587
vn -0.3050 0.5267 -0.7934
vn -0.9027 0.3965 -0.1669
vn 0.7229 0.5332 0.4394
vn 0.7230 0.5332 0.4393
vn 0.7231 0.5332 0.4392
vn 0.7883 0.5724 -0.2257
vn -0.0459 0.9969 0.0644
vn 0.0393 0.9926 -0.1151
vn 0.3897 0.8819 -0.2652
vn -0.4761 0.8608 -0.1798
vn -0.4764 0.8607 -0.1797
vn -0.4762 0.8608 -0.1798
vn -0.1569 0.8784 0.4515
vn 0.1627 0.9082 0.3857
vn 0.0709 0.8125 -0.5787
vn 0.6190 0.7849 -0.0289
vn -0.4024 0.8016 -0.4422
vn -0.4024 0.8015 -0.4424
vn -0.4025 0.8016 -0.4421
vn -0.4415 0.8033 0.3998
vn 0.1618 0.8388 0.5198
vn 0.3587 0.7317 -0.5796
vn -0.3676 0.6184 -0.6946
vn -0.4630 0.7543 -0.4655
vn -0.4631 0.7543 -0.4654
vn -0.6185 0.7090 -0.3388
vn 0.6371 0.6478 0.4176
vn 0.5086 0.8270 0.2395
vn 0.5224 0.7241 -0.4503
vn 0.4902 0.6200 -0.6126
vn 0.4901 0.6200 -0.6127
vn 0.4900 0.6199 -0.6129
vn -0.1870 0.7656 -0.6155
vn -0.4601 0.5550 0.6930
vn -0.1201 0.6890 0.7147
vn 0.0605 0.6840 0.7269
vn 0.7303 0.6537 0.1982
vn 0.7301 0.6539 0.1984
vn 0.2718 0.4891 -0.8288
vn -0.1058 0.5739 -0.8121
vn -0.6753 0.7200 0.1597
vn -0.6751 0.7203 0.1592
vn -0.6751 0.7204 0.1590
vn -0.7213 0.6628 0.2010
vn -0.7212 0.6630 0.2007
vn -0.7213 0.6628 0.2011
vn 0.7172 0.6931 -0.0723
vn -0.7056 0.5530 0.4432
vn -0.7055 0.5529 0.4434
vn -0.7057 0.5530 0.4430
vn 0.4743 0.6233 0.6218
vn -0.9146 0.4011 -0.0517
vn -0.0831 0.9951 -0.0529
vn 0.0303 0.9931 0.1137
vn 0.4975 0.8670 -0.0273
vn 0.6761 0.7365 0.0214
vn 0.6759 0.7366 0.0210
vn 0.6760 0.7366 0.0212
vn -0.1786 0.8378 -0.5160
vn -0.4465 0.8924 0.0656
vn -0.3057 0.8637 0.4007
vn -0.2914 0.8736 0.3898
vn -0.0814 0.7986 0.5963
vn 0.2108 0.8610 0.4628
vn -0.5840 0.7658 -0.2692
vn -0.5604 0.8189 0.1240
vn -0.5604 0.8189 0.1239
vn -0.5604 0.8190 0.1237
vn -0.7216 0.5397 0.4335
vn -0.2067 0.7105 0.6726
vn 0.5767 0.7524 -0.3182
vn 0.5766 0.7526 -0.3180
vn 0.5767 0.7526 -0.3179
vn -0.1347 0.6559 -0.7428
vn 0.6907 0.6808 -0.2437
vn 0.5396 0.5474 -0.6397
vn 0.4390 0.6374 0.6332
vn 0.3629 0.7383 -0.5685
vn -0.4228 0.5860 -0.6913
vn -0.4935 0.6834 -0.5380
vn -0.6449 0.5285 -0.5521
vn -0.7231 0.6404 -0.2587
vn -0.7750 0.6201 -0.1219
vn 0.5874 0.7281 0.3533
vn 0.6492 0.6308 -0.4250
vn 0.0911 0.5909 -0.8016
vn 0.1164 0.6452 -0.7551
vn 0.2186 0.5210 0.8251
vn 0.6604 0.5313 0.5307
vn 0.3250 0.5122 -0.7950
vn 0.0012 0.4939 0.8695
vn 0.8584 0.4279 0.2830
vn 0.8585 0.4278 0.2829
vn 0.8583 0.4280 0.2831
vn -0.0299 0.9967 0.0757
vn 0.6602 0.7151 -0.2297
vn 0.6602 0.7151 -0.2298
vn 0.2118 0.9773 0.0043
vn 0.0986 0.9328 0.3467
vn 0.4327 0.8982 0.0782
vn 0.0239 0.8641 -0.5028
vn -0.3930 0.8925 -0.2212
vn -0.3931 0.8925 -0.2214
vn -0.3930 0.8926 -0.2210
vn 0.1009 0.7743 -0.6247
vn -0.2891 0.8083 -0.5129
vn -0.2892 0.8083 -0.5128
vn 0.2544 0.7845 -0.5656
vn 0.4447 0.8035 0.3957
vn 0.4446 0.8035 0.3958
vn 0.4445 0.8036 0.3959
vn 0.3552 0.6528 -0.6691
vn 0.3551 0.6528 -0.6691
vn 0.3551 0.6528 -0.6692
vn -0.5243 0.7413 -0.4189
vn -0.5779 0.7283 0.3682
vn -0.1514 0.7767 0.6114
vn 0.5960 0.7099 0.3752
vn 0.5961 0.7099 0.3751
vn 0.5957 0.7101 0.3754
vn 0.5716 0.6964 -0.4340
vn 0.6017 0.6649 -0.4425
vn -0.3101 0.7340 -0.6042
vn -0.6645 0.7448 0.0611
vn -0.4465 0.7117 0.5423
vn -0.4464 0.7117 0.5424
vn -0.4463 0.7117 0.5425
vn -0.1415 0.6521 -0.7449
vn -0.8134 0.5382 0.2207
vn 0.0848 0.6560 0.7500
vn 0.5104 0.6432 0.5708
vn 0.7666 0.6334 0.1054
vn -0.8461 0.5305 -0.0513
vn -0.6506 0.6552 0.3840
vn -0.6508 0.6551 0.3838
vn -0.6505 0.6552 0.3841
vn -0.3565 0.5004 0.7890
vn -0.0158 0.5166 0.8561
vn 0.3716 0.6276 0.6841
vn -0.4842 0.5759 0.6587
vn -0.7808 0.5767 -0.2404
vn -0.7809 0.5767 -0.2403
vn 0.3650 0.1800 0.9134
vn -0.1261 0.9920 0.0040
vn 0.2911 0.9419 -0.1677
vn -0.0639 0.9725 -0.2238
vn -0.2687 0.9317 0.2445
vn 0.1087 0.9642 0.2419
vn 0.1955 0.8649 -0.4624
vn 0.4457 0.8227 -0.3530
vn 0.4458 0.8227 -0.3528
vn 0.4456 0.8226 -0.3533
vn -0.4563 0.8231 -0.3382
vn 0.5453 0.8362 0.0581
vn 0.4482 0.6705 -0.5912
vn -0.0060 0.7199 -0.6941
vn -0.0608 0.7741 -0.6301
vn 0.7119 0.7020 -0.0204
vn 0.7116 0.7023 -0.0199
vn 0.1856 0.7693 -0.6113
vn -0.5381 0.7611 -0.3623
vn 0.6795 0.7120 -0.1770
vn -0.6805 0.7255 -0.1028
vn -0.6802 0.7257 -0.1031
vn -0.6801 0.7258 -0.1032
vn -0.4476 0.7038 0.5517
vn -0.1265 0.7500 0.6492
vn 0.4577 0.7135 0.5306
vn 0.5609 0.7476 0.3555
vn 0.5609 0.7476 0.3556
vn 0.5609 0.7474 0.3560
vn -0.3815 0.6709 -0.6359
vn -0.3813 0.6710 -0.6360
vn -0.3812 0.6710 -0.6360
vn -0.4497 0.6082 -0.6540
vn -0.7393 0.6472 0.1861
vn -0.7602 0.6147 0.2103
vn -0.7601 0.6149 0.2101
vn 0.2096 0.6760 0.7064
vn 0.6220 0.5776 0.5287
vn -0.7687 0.5833 -0.2622
vn -0.6990 0.6231 0.3510
vn -0.4335 0.5082 0.7442
vn 0.7552 0.5993 0.2655
vn -0.8613 0.5078 -0.0195
vn -0.0741 0.4887 0.8693
vn 0.3739 0.2992 0.8779
vn -0.2559 0.3795 -0.8891
vn 0.7119 0.7020 -0.0203
vn 0.6797 0.7118 -0.1770
vn 0.6797 0.7118 -0.1771
vn -0.6802 0.7258 -0.1032
vn 0.4574 0.7137 0.5305
vn 0.4574 0.7136 0.5306
vn 0.4574 0.7135 0.5307
vn 0.5609 0.7477 0.3555
vn 0.5609 0.7475 0.3559
vn -0.4497 0.6083 -0.6540
vn -0.7599 0.6150 0.2104
vn -0.7688 0.5833 -0.2622
vn -0.6990 0.6230 0.3510
vn 0.7553 0.5993 0.2655
vn -0.8612 0.5078 -0.0195
vn -0.0746 0.4888 0.8692
vn -0.0745 0.4888 0.8692
vn 0.3737 0.2994 0.8779
vn 0.3738 0.2995 0.8778
vn 0.3740 0.2995 0.8778
vn -0.2560 0.3795 -0.8891
vn 0.0046 0.9037 0.4281
vn -0.0002 0.7918 0.6108
vn -0.0030 0.6424 0.7664
vn 0.0012 0.2500 0.9682
vn 0.0013 0.2496 0.9684
vn -0.0028 0.4342 0.9008
vn 0.0041 0.4770 0.8789
vn 0.0010 0.6636 0.7481
vn -0.0031 0.8032 0.5956
vn -0.0073 0.9445 0.3283
vn 0.0040 0.9694 0.2455
vn -0.0039 1.0000 0.0008
vn 0.0050 1.0000 -0.0006
vn -0.0042 0.5234 -0.8521
vn 0.0014 0.4998 -0.8662
vn -0.0003 0.2577 -0.9662
vn -0.0001 0.2588 -0.9659
vn 0.0050 0.7254 -0.6883
vn -0.0037 0.7620 -0.6476
vn 0.0023 0.8589 -0.5122
vn -0.0032 0.8827 -0.4700
vn 0.0057 0.9509 -0.3093
vn -0.0060 0.9725 -0.2329
vn 0.0008 -0.0004 -1.0000
vn -0.0008 0.0004 -1.0000
vn 0.0013 -0.9007 -0.4344
vn -0.0013 -0.7483 -0.6633
vn -0.0035 -0.5454 -0.8382
vn 0.0038 -0.5119 -0.8590
vn 0.0003 -0.2577 -0.9662
vn -0.0026 -0.2718 -0.9623
vn 0.0025 -0.7352 -0.6778
vn -0.0010 -0.9061 -0.4231
vn 0.0009 -0.9750 -0.2221
vn -0.0010 -0.9778 -0.2097
vn -0.0003 -1.0000 0.0004
vn 0.0013 -1.0000 0.0002
vn 0.0080 -0.6680 0.7442
vn -0.0073 -0.5403 0.8414
vn 0.0049 -0.4583 0.8888
vn -0.0014 -0.2629 0.9648
vn -0.0028 -0.2562 0.9666
vn -0.0068 -0.7488 0.6628
vn -0.0002 -0.8657 0.5005
vn 0.0043 -0.8762 0.4819
vn 0.0012 -0.9616 0.2745
vn -0.0013 -0.9652 0.2614
vn 0.0016 -0.0008 1.0000
vn -0.0016 0.0008 1.0000
vn -0.0012 0.0005 1.0000
vn 0.0012 -0.0005 1.0000
vn -0.0056 -0.4489 0.8935
vn 0.0045 -0.3944 0.9189
vn -0.0012 -0.7435 0.6687
vn 0.0037 -0.7189 0.6951
vn 0.0002 -0.9121 0.4099
vn 0.0016 -0.9157 0.4018
vn -0.0023 -1.0000 0.0009
vn 0.0013 -1.0000 0.0004
vn -0.0012 -0.8087 -0.5882
vn 0.0004 -0.3570 -0.9341
vn -0.0010 -0.3661 -0.9306
vn -0.0009 -0.6150 -0.7885
vn 0.0009 -0.6025 -0.7981
vn 0.0010 -0.7991 -0.6012
vn -0.0012 -0.9577 -0.2878
vn 0.0012 -0.9527 -0.3041
vn 0.0010 -0.0004 -1.0000
vn 0.0029 -0.0012 -1.0000
vn 0.0029 0.6150 -0.7885
vn -0.0045 0.5451 -0.8384
vn 0.0064 0.3661 -0.9306
vn -0.0056 0.2489 -0.9685
vn -0.0035 0.7665 -0.6422
vn 0.0040 0.8087 -0.5882
vn -0.0046 0.9397 -0.3420
vn 0.0026 0.9567 -0.2909
vn -0.0006 1.0000 -0.0001
vn -0.0005 1.0000 -0.0001
vn -0.0054 0.6014 0.7989
vn -0.0040 0.3614 0.9324
vn 0.0065 0.4411 0.8974
vn 0.0089 0.7377 0.6750
vn -0.0080 0.8429 0.5380
vn -0.0003 0.9617 0.2743
vn 0.0052 0.9482 0.3177
vn 0.0065 0.9995 -0.0311
vn 0.0321 0.9992 -0.0244
vn -0.0131 0.9999 0.0052
vn -0.0498 0.9987 0.0143
vn -0.0060 1.0000 0.0044
vn -0.0248 0.9996 0.0111
vn 0.0093 0.9998 -0.0154
vn 0.0192 0.9998 0.0092
vn 0.0019 1.0000 -0.0003
vn -0.0060 0.9999 -0.0112
vn -0.0056 0.9996 -0.0260
vn 0.0175 0.9998 -0.0044
vn -0.0026 0.9999 -0.0110
vn 0.0418 0.9990 -0.0125
vn 0.0190 0.9998 0.0048
vn 0.0101 0.9999 0.0100
vn 0.0177 0.9993 0.0330
vn 0.0230 0.9994 0.0269
vn -0.0162 0.9998 0.0152
vn 0.0063 0.9996 0.0293
vn 0.0161 0.9996 -0.0236
vn 0.0138 0.9996 -0.0247
vn 0.0299 0.9991 -0.0287
vn -0.0060 1.0000 -0.0050
vn 0.0172 0.9999 -0.0011
vn 0.0332 0.9994 0.0114
vn 0.0040 1.0000 -0.0050
vn -0.0276 0.9996 0.0063
vn -0.0234 0.9994 0.0262
vn 0.0165 0.9993 -0.0328
vn 0.0032 0.9999 -0.0143
vn 0.0068 1.0000 -0.0034
vn -0.0070 1.0000 -0.0060
vn 0.0153 0.9994 -0.0318
vn 0.0142 0.9997 0.0209
vn 0.0169 0.9993 0.0327
vn -0.0139 0.9997 0.0179
vn -0.0178 0.9989 0.0444
vn -0.0415 0.9985 0.0360
vn -0.0299 0.9995 0.0048
vn 0.0183 0.9998 0.0029
vn 0.0194 0.9994 -0.0299
vn 0.0144 0.9994 -0.0325
vn -0.0121 0.9999 0.0069
vn -0.0250 0.9997 0.0050
vn 0.0098 0.9996 -0.0248
vn -0.0053 0.9999 0.0119
vn -0.0018 0.9999 0.0121
vn -0.0214 0.9998 -0.0000
vn -0.0329 0.9994 -0.0118
vn 0.0220 0.9998 -0.0013
vn -0.0242 0.9995 -0.0225
vn 0.0152 0.9999 0.0020
vn 0.0663 0.9965 0.0506
vn 0.0225 0.9997 0.0050
vn -0.0005 0.9994 -0.0333
vn -0.0015 1.0000 -0.0019
vn 0.0299 0.9994 -0.0155
vn -0.0235 0.9997 0.0058
vn 0.0119 0.9995 -0.0285
vn 0.0292 0.9994 -0.0191
vn -0.0239 0.9988 -0.0432
vn 0.0313 0.9995 0.0061
vn -0.0209 0.9997 0.0089
vn -0.0067 0.9998 0.0170
vn -0.0053 0.9999 0.0154
vn -0.0138 0.9999 0.0018
vn 0.0292 0.9995 0.0144
vn -0.0278 0.9995 -0.0159
vn 0.0213 0.9998 0.0006
vn 0.0156 0.9998 -0.0115
vn 0.0043 1.0000 0.0007
vn 0.0150 0.9996 0.0239
vn -0.0092 0.9997 -0.0227
vn 0.0170 0.9998 0.0118
vn 0.0077 0.9997 0.0250
vn -0.0162 0.9997 0.0176
vn -0.0160 0.9997 0.0189
vn -0.0111 0.9998 0.0186
vn 0.0001 1.0000 -0.0000
vn 0.0075 1.0000 -0.0040
vn 0.0182 0.9998 0.0038
vn -0.0153 0.9995 0.0287
vn 0.0112 0.9999 -0.0130
vn -0.0329 0.9994 0.0119
vn -0.0265 0.9996 -0.0044
vn -0.0052 0.9999 -0.0103
vn -0.0506 0.9986 -0.0158
vn -0.0156 0.9997 -0.0196
vn -0.0132 0.9992 -0.0365
vn -0.0035 0.9999 -0.0152
vn 0.0376 0.9992 -0.0152
vn 0.0184 0.9998 0.0024
vn -0.0011 1.0000 0.0079
vn -0.0028 0.9993 0.0379
vn -0.0196 0.9998 0.0098
vn -0.0070 0.9998 0.0200
vn -0.0222 0.9995 0.0240
vn -0.0445 0.9989 -0.0118
vn -0.0191 0.9998 -0.0022
vn -0.0052 1.0000 -0.0061
vn 0.0069 0.9993 -0.0359
vn -0.0111 0.9993 -0.0347
vn -0.0461 0.9988 -0.0178
vn 0.0412 0.9987 0.0298
vn -0.0037 0.9997 0.0222
vn 0.0140 0.9995 0.0275
vn 0.0306 0.9994 0.0187
vn 0.0261 0.9993 0.0272
vn -0.0139 0.9997 -0.0190
vn -0.0189 0.9998 -0.0006
vn 0.0044 1.0000 -0.0012
vn -0.0137 0.9996 0.0250
vn -0.0305 0.9992 -0.0268
vn 0.0269 0.9990 0.0370
vn 0.0075 0.9991 0.0426
vn -0.0246 0.9989 0.0404
vn -0.0096 0.9998 0.0173
vn 0.0038 1.0000 -0.0039
vn 0.0122 0.9995 -0.0275
vn 0.0174 0.9998 -0.0107
vn -0.0070 1.0000 -0.0015
vn 0.0369 0.9992 0.0125
vn -0.0097 1.0000 -0.0021
vn 0.0083 1.0000 0.0006
vn -0.0255 0.9997 0.0064
vn -0.0286 0.9996 0.0031
vn -0.0020 0.9994 -0.0342
vn 0.0084 1.0000 0.0007
vn 0.0010 0.9999 -0.0106
vn -0.0107 0.9999 -0.0042
vn 0.0302 0.9990 -0.0320
vn 0.0297 0.9996 0.0015
vn -0.0058 0.9997 0.0239
vn 0.0225 0.9996 -0.0181
vn 0.0059 0.9998 0.0174
vn -0.0082 1.0000 0.0055
vn -0.0142 0.9998 0.0116
vn -0.0225 0.9997 -0.0066
vn 0.0187 0.9996 -0.0214
vn 0.0113 0.9997 -0.0209
vn 0.0080 0.9998 -0.0173
vn 0.0280 0.9988 -0.0408
vn -0.0049 0.9999 -0.0107
vn -0.0197 0.9998 -0.0024
vn -0.0230 0.9997 -0.0001
vn 0.0405 0.9991 0.0122
vn -0.0350 0.9992 -0.0205
vn 0.0399 0.9991 0.0133
vn 0.0136 0.9999 0.0020
vn -0.0108 0.9998 -0.0177
vn -0.0045 0.9996 -0.0282
vn 0.0147 0.9988 -0.0468
vn 0.0178 0.9998 0.0106
vn 0.0141 0.9993 0.0355
vn 0.0049 0.9999 -0.0127
vn 0.0006 1.0000 0.0038
vn 0.0230 0.9997 -0.0006
vn 0.0099 0.9996 -0.0255
vn -0.0005 1.0000 -0.0088
vn -0.0133 0.9999 -0.0005
vn 0.0201 0.9998 -0.0012
vn 0.0039 0.9998 0.0171
vn -0.0131 0.9991 0.0405
vn 0.0121 0.9999 0.0056
vn -0.0124 0.9999 0.0007
vn -0.0100 0.9999 -0.0130
vn -0.0050 1.0000 -0.0003
vn 0.0176 0.9995 -0.0262
vn 0.0334 0.9993 0.0158
vn -0.1188 0.9921 -0.0399
vn 0.0012 0.9999 0.0165
vn 0.0079 0.9993 0.0361
vn 0.0424 0.8938 -0.4465
vn 0.0872 0.9933 0.0755
vn -0.0411 0.9992 0.0005
vn -0.0396 0.9992 -0.0042
vn -0.0175 0.9998 0.0091
vn -0.0052 0.9999 0.0123
vn 0.0074 1.0000 0.0031
vn 0.0252 0.9996 -0.0113
vn -0.0080 0.9997 0.0239
vn 0.0068 1.0000 0.0063
vn -0.0074 1.0000 0.0045
vn -0.0137 0.9999 0.0014
vn 0.0208 0.9997 0.0103
vn -0.0247 0.9997 0.0073
vn -0.0303 0.9994 -0.0136
vn -0.0064 0.9999 -0.0147
vn -0.0061 0.9999 -0.0153
vn -0.0130 0.9999 -0.0063
vn 0.0189 0.9998 0.0015
vn -0.0432 0.9987 0.0251
vn 0.0238 0.9996 -0.0134
vn 0.0076 0.9999 0.0116
vn 0.0056 0.9994 0.0343
vn -0.0059 1.0000 0.0012
vn 0.0048 0.9999 0.0161
vn -0.0120 0.9999 0.0023
vn -0.0044 0.9996 0.0271
vn -0.0433 0.9987 0.0251
vn 0.0061 0.9999 0.0117
vn 0.0055 0.9994 0.0342
vn -0.0154 0.9998 0.0100
vn -1.0000 -0.0000 -0.0000
vn -1.0000 0.0003 -0.0000
vn -0.4950 0.7395 0.4562
vn 0.1464 0.7395 0.6570
vn 0.8622 0.1561 0.4819
vn -0.2539 0.6765 0.6913
vn -0.6929 0.5083 -0.5114
vn 0.1454 0.7395 -0.6572
vn 0.3205 0.8652 -0.3856
vn 0.8210 0.4830 -0.3044
vn -0.7390 0.6665 0.0983
vn 0.1007 0.5039 0.8579
vn 0.8473 0.2047 0.4901
vn -0.4547 0.6664 0.5910
vn -0.6428 0.7395 0.1999
vn 0.1471 0.7395 -0.6568
vn 0.6427 0.7395 -0.2000
vn 0.4716 0.6762 -0.5659
vn -0.8473 0.2138 -0.4861
vn -0.2627 0.6736 -0.6909
vn -0.3585 0.8391 0.4091
vn 0.1455 0.7395 0.6573
vn 0.8439 0.4967 0.2026
vn 0.3491 0.8466 0.4018
vn -0.2566 0.6756 0.6911
vn -0.8370 0.5108 0.1962
vn -0.6970 0.4996 -0.5144
vn 0.6968 0.4956 -0.5186
vn -0.0096 0.1768 -0.9842
vn -0.6970 0.4995 -0.5144
vn 0.6968 0.4955 -0.5186
vn -0.0096 0.1767 -0.9842
vn -0.0069 0.2326 0.9726
vn -0.4962 0.7395 0.4549
vn 0.5328 0.8399 0.1035
vn 0.5929 0.5498 0.5883
vn 0.4950 0.7395 -0.4562
vn 0.7270 0.6755 -0.1230
vn -0.1464 0.7395 -0.6570
vn 0.2539 0.6765 -0.6913
vn -0.8508 0.1996 -0.4862
vn -0.7280 0.6748 0.1210
vn -0.0019 0.2097 0.9778
vn -0.5940 0.5615 -0.5761
vn 0.7311 0.6689 0.1342
vn 0.4742 0.7516 0.4585
vn -0.5335 0.8391 -0.1060
vn 0.7893 0.5083 -0.3443
vn -0.1482 0.7395 -0.6567
vn 0.2844 0.6666 -0.6891
vn -0.7268 0.6756 0.1233
vn 0.0371 0.2786 0.9597
vn -0.4940 0.7395 0.4573
vn -0.5939 0.5613 -0.5763
vn 0.6423 0.7395 0.2015
vn 0.4723 0.6768 0.5647
vn 0.8463 0.1993 -0.4940
vn -0.1480 0.7395 -0.6567
vn 0.2593 0.6745 -0.6913
vn 0.2594 0.6745 -0.6912
vn 0.2592 0.6745 -0.6913
vn -0.7269 0.6756 0.1233
vn -0.3624 0.8379 0.4081
vn 0.8371 0.5106 0.1963
vn 0.3605 0.8385 0.4086
vn -0.0437 0.3085 0.9502
vn -0.6966 0.4924 -0.5219
vn 0.6969 0.5008 -0.5133
vn 0.0421 0.3021 -0.9523
vn 0.0974 0.4993 0.8610
vn 0.8498 0.1723 0.4981
vn -0.5335 0.8391 0.1060
vn -0.4758 0.7515 -0.4570
vn 0.6421 0.7395 -0.2020
vn -0.0531 0.9614 -0.2701
vn 0.4679 0.6742 -0.5715
vn -0.7323 0.6680 -0.1320
vn -0.5886 0.5106 0.6268
vn -0.0081 0.2378 0.9713
vn -0.5930 0.5498 -0.5883
vn 0.6422 0.7395 0.2017
vn 0.4677 0.6742 0.5716
vn -0.5328 0.8399 -0.1035
vn 0.8477 0.0797 -0.5244
vn 0.0066 0.2335 -0.9723
vn -0.7270 0.6755 0.1230
vn -0.5913 0.5335 -0.6047
vn 0.8485 0.1540 -0.5064
vn 0.0556 0.3534 -0.9338
vn 0.0044 0.9679 -0.2512
vn -0.0002 0.8789 -0.4770
vn -0.0105 0.7619 -0.6476
vn 0.0176 0.7300 -0.6832
vn -0.0135 0.5291 -0.8484
vn 0.0074 0.2587 -0.9659
vn -0.0080 0.2836 -0.9589
vn 0.0084 0.4997 -0.8661
vn 0.0048 0.8826 -0.4700
vn -0.0069 0.9725 -0.2329
vn 0.0076 -0.0008 -1.0000
vn -0.0075 0.0008 -1.0000
vn -0.0003 -0.5177 -0.8556
vn -0.0089 -0.5285 -0.8489
vn 0.0045 -0.2836 -0.9589
vn -0.0078 -0.2653 -0.9641
vn 0.0133 -0.7352 -0.6777
vn 0.0005 -0.7480 -0.6637
vn -0.0137 -0.8656 -0.5005
vn 0.0189 -0.9005 -0.4344
vn -0.0176 -0.9596 -0.2808
vn 0.0108 -0.9750 -0.2221
vn -0.0062 -1.0000 0.0004
vn -0.0034 -1.0000 0.0003
vn -0.0033 -0.9574 0.2888
vn 0.0037 -0.8657 0.5005
vn 0.0254 -0.6727 0.7395
vn 0.0037 -0.2614 0.9652
vn -0.0043 -0.2486 0.9686
vn -0.0042 -0.4946 0.8691
vn -0.0147 -0.4819 0.8761
vn -0.0254 -0.7395 0.6727
vn 0.0135 -0.8729 0.4877
vn 0.0044 -0.9611 0.2760
vn 0.0053 -0.0006 1.0000
vn -0.0053 0.0006 1.0000
vn 0.0160 0.6225 0.7824
vn 0.0032 0.4653 0.8851
vn -0.0122 0.4938 0.8695
vn 0.0043 0.2486 0.9686
vn -0.0037 0.2614 0.9652
vn -0.0225 0.7114 0.7024
vn 0.0191 0.7832 0.6215
vn -0.0162 0.8723 0.4888
vn 0.0100 0.9037 0.4281
vn -0.0096 0.9608 0.2772
vn 0.0066 0.9694 0.2455
vn -0.0076 1.0000 0.0005
vn 0.0063 1.0000 -0.0001
vn 0.0042 0.2500 0.9682
vn -0.0036 0.2629 0.9648
vn -0.0162 0.8723 0.4887
vn 0.0053 -0.0004 1.0000
vn -0.0053 0.0008 1.0000
vn -0.8657 0.0065 0.5005
vn -0.8709 0.0011 0.4914
vn -0.8661 0.0001 0.4999
vn -0.9248 -0.0563 0.3762
vn -0.8658 -0.0000 -0.5004
vn -0.6042 0.1542 -0.7817
vn -0.8714 0.0028 -0.4905
vn -0.0096 0.0023 -1.0000
vn 0.0013 0.0068 -1.0000
vn 0.8659 0.0042 -0.5001
vn 0.8692 0.0007 -0.4945
vn 0.8660 0.0001 -0.5001
vn 0.8447 0.0170 -0.5349
vn 0.8447 0.0167 0.5351
vn 0.8625 0.0304 0.5051
vn 0.0061 -0.0004 1.0000
vn 0.0001 0.0001 1.0000
vn 0.0068 0.0029 1.0000
vn -0.8663 -0.0000 0.4996
vn -0.7882 -0.0565 0.6128
vn -0.8644 0.0008 0.5029
vn -0.8663 0.0025 0.4995
vn -0.8251 0.0308 -0.5642
vn -0.8884 0.0120 -0.4590
vn -0.8624 0.0305 -0.5053
vn -0.0559 -0.0233 -0.9982
vn -0.0109 0.0028 -0.9999
vn 0.0015 0.0077 -1.0000
vn 0.8662 -0.0001 -0.4996
vn 0.8688 0.0021 -0.4951
vn 0.8644 0.0008 -0.5028
vn 0.8663 0.0025 -0.4995
vn 0.8658 -0.0001 0.5004
vn 0.8254 0.0307 0.5638
vn 0.8858 0.0090 0.4640
vn 0.8629 0.0279 0.5046
vn -0.0009 -0.0025 1.0000
vn 0.0032 -0.0002 1.0000
vn 0.3745 0.1547 0.9142
vn -0.8439 0.0252 0.5359
vn -0.8684 0.0004 0.4959
vn -0.8660 -0.0000 0.5000
vn -0.6182 0.1480 -0.7719
vn -0.8691 0.0015 -0.4947
vn -0.8655 0.0045 -0.5008
vn -0.0000 0.0001 -1.0000
vn 0.0541 0.0221 -0.9983
vn -0.0452 0.0117 -0.9989
vn 0.0065 0.0307 -0.9995
vn 0.8666 -0.0044 -0.4991
vn 0.8631 -0.0005 -0.5050
vn 0.8660 -0.0000 -0.5000
vn 0.6180 0.1485 -0.7720
vn 0.9184 -0.0507 0.3924
vn 0.8693 0.0014 0.4943
vn 0.8655 0.0047 0.5009
vn 0.0053 0.0057 1.0000
vn 0.0054 0.0055 1.0000
vn -0.0103 -0.0090 0.9999
vn -0.0018 -0.0060 1.0000
vn -0.8510 0.0255 0.5245
vn -0.8692 -0.0077 0.4944
vn -0.9185 -0.0494 0.3924
vn -0.8857 0.0098 -0.4641
vn -0.6256 0.1677 -0.7620
vn -0.8656 0.0045 -0.5008
vn 0.0540 0.0221 -0.9983
vn -0.0452 0.0115 -0.9989
vn 0.0065 0.0306 -0.9995
vn 0.8666 -0.0044 -0.4989
vn 0.8631 -0.0004 -0.5050
vn 0.6181 0.1485 -0.7719
vn 0.8658 -0.0001 0.5003
vn 0.8693 0.0015 0.4943
vn 0.8655 0.0047 0.5010
vn -0.8665 -0.0025 0.4992
vn -0.8644 -0.0002 0.5028
vn -0.8660 0.0001 0.5001
vn -0.8745 -0.0070 0.4850
vn -0.8281 0.0289 -0.5598
vn -0.8876 0.0106 -0.4605
vn -0.8625 0.0304 -0.5052
vn 0.0012 -0.0046 -1.0000
vn -0.0060 -0.0006 -1.0000
vn 0.0001 0.0001 -1.0000
vn -0.0067 0.0029 -1.0000
vn 0.8658 0.0065 -0.5004
vn 0.8710 0.0008 -0.4913
vn 0.8660 0.0001 -0.5000
vn 0.8655 0.0005 -0.5009
vn 0.8661 0.0034 0.4999
vn 0.8633 0.0006 0.5046
vn 0.8660 0.0001 0.5000
vn 0.8552 -0.0090 0.5183
vn -0.0005 -0.0001 1.0000
vn -0.0960 0.0390 0.9946
vn 0.0408 0.0105 0.9991
vn -0.0059 0.0279 0.9996
vn -0.8678 -0.0014 0.4969
vn -0.8660 0.0030 -0.5000
vn -0.8636 0.0005 -0.5041
vn -0.8661 0.0001 -0.4999
vn -0.8738 0.0068 -0.4863
vn -0.0006 0.0066 -1.0000
vn 0.0099 0.0011 -1.0000
vn 0.1366 -0.0564 -0.9890
vn 0.9791 0.1544 -0.1325
vn 0.8605 0.0028 -0.5094
vn 0.8668 0.0077 -0.4986
vn 0.8633 0.0021 0.5047
vn 0.8662 0.0001 0.4998
vn 0.8660 0.0003 0.5001
vn -0.0792 0.0321 0.9963
vn 0.0407 0.0105 0.9991
vn -0.0058 0.0279 0.9996
vn -0.8666 -0.0048 0.4990
vn -0.8629 -0.0004 0.5054
vn -0.8732 0.0063 -0.4873
vn -0.0005 0.0065 -1.0000
vn 0.0098 0.0010 -1.0000
vn -0.0001 0.0001 -1.0000
vn 0.0176 -0.0072 -0.9998
vn 0.8986 0.0287 -0.4378
vn 0.8424 0.0109 -0.5387
vn 0.8688 0.0306 -0.4943
vn 0.8654 -0.0044 0.5010
vn 0.8689 -0.0006 0.4950
vn 0.8621 -0.0031 0.5067
vn 0.0017 0.0138 0.9999
vn -0.0209 0.0019 0.9998
vn 0.1414 0.0579 0.9883
vn -0.8662 0.0013 0.4997
vn -0.8671 0.0002 0.4981
vn -0.9182 -0.0506 0.3930
vn -0.6177 0.1482 -0.7723
vn -0.8614 -0.0021 -0.5079
vn -0.8667 -0.0071 -0.4988
vn 0.0004 -0.0001 -1.0000
vn 0.1579 0.0645 -0.9853
vn -0.0206 0.0049 -0.9998
vn 0.0027 0.0143 -0.9999
vn 0.0027 0.0144 -0.9999
vn 0.8636 0.0042 -0.5042
vn 0.8700 -0.0082 -0.4930
vn 0.6100 0.1280 -0.7820
vn 0.8852 0.0097 0.4651
vn 0.9215 -0.0267 0.3874
vn 0.8601 -0.0028 0.5101
vn 0.8670 -0.0090 0.4983
vn -0.1631 0.0665 0.9844
vn 0.0200 0.0044 0.9998
vn -0.0028 0.0139 0.9999
vn -0.7994 -0.0508 0.5987
vn -0.8634 0.0014 0.5046
vn -0.8664 0.0037 0.4994
vn -0.8658 -0.0000 -0.5005
vn -0.8678 -0.0018 -0.4969
vn -0.8696 0.0018 -0.4937
vn -0.8656 0.0051 -0.5008
vn -0.0006 0.0064 -1.0000
vn -0.0055 0.0090 -0.9999
vn 0.0024 0.0118 -0.9999
vn 0.7781 -0.0630 -0.6250
vn 0.8689 -0.0014 -0.4949
vn 0.8655 -0.0043 -0.5008
vn 0.8677 0.0276 0.4963
vn 0.8442 0.0046 0.5360
vn 0.8921 0.0229 0.4513
vn 0.0002 0.0038 1.0000
vn -0.0057 0.0006 1.0000
vn 0.3595 0.1485 0.9212
vn -0.8448 0.0215 0.5347
vn -0.8655 0.0005 0.5009
vn -0.8660 0.0034 -0.5000
vn -0.8633 0.0005 -0.5047
vn -0.8552 -0.0090 -0.5183
vn 0.0005 -0.0001 -1.0000
vn 0.0960 0.0391 -0.9946
vn -0.0412 0.0099 -0.9991
vn 0.0058 0.0282 -0.9996
vn 0.8650 -0.0011 -0.5019
vn 0.8426 0.0106 -0.5384
vn 0.8687 0.0304 -0.4944
vn 0.8654 -0.0046 0.5011
vn 0.8690 -0.0006 0.4948
vn 0.8660 0.0001 0.5001
vn 0.8499 -0.0128 0.5268
vn 0.0046 -0.0022 1.0000
vn -0.1005 0.0408 0.9941
vn 0.0384 0.0216 0.9990
vn -0.8644 -0.0001 0.5028
vn -0.8296 -0.0290 -0.5577
vn 0.2072 0.0846 -0.9746
vn -0.0174 0.0042 -0.9998
vn 0.0025 0.0125 -0.9999
vn 0.8851 0.0161 -0.4652
vn 0.8654 -0.0046 0.5010
vn 0.0045 -0.0022 1.0000
vn -0.1004 0.0408 0.9941
vn -1.0000 -0.0001 -0.0000
vn -1.0000 0.0001 -0.0000
vn 0.3444 0.8680 -0.3579
vn 0.1805 0.8631 -0.4716
vn -0.3094 0.8668 -0.3910
vn -0.5042 0.8583 0.0948
vn -0.0040 0.8895 0.4569
vn -0.0040 0.8895 0.4570
vn -0.0039 0.8895 0.4570
vn 0.1295 0.8666 0.4819
vn 0.3304 0.8604 0.3879
vn 0.5060 0.8522 0.1330
vn -0.1844 0.8692 0.4589
vn -0.3630 0.8553 0.3697
vn -0.4888 0.8622 -0.1329
vn -0.3964 0.8858 -0.2414
vn -0.1365 0.8546 -0.5010
vn 0.3754 0.8846 -0.2767
vn 0.4974 0.8641 -0.0773
vn 0.3734 0.8515 -0.3681
vn 0.1834 0.8618 -0.4730
vn -0.1833 0.8689 -0.4597
vn -0.2982 0.8730 -0.3860
vn -0.5104 0.8542 0.0994
vn -0.1626 0.8812 0.4438
vn 0.1282 0.8579 0.4975
vn 0.3309 0.8605 0.3874
vn 0.4754 0.8730 0.1092
vn 0.5120 0.8569 0.0594
vn -0.1860 0.8768 0.4435
vn -0.3539 0.8609 0.3655
vn -0.5053 0.8508 -0.1444
vn -0.1389 0.8803 -0.4537
vn 0.4945 0.8653 -0.0816
vn 0.3698 0.8538 -0.3665
vn 0.1833 0.8560 -0.4834
vn -0.3038 0.8735 -0.3804
vn -0.4131 0.8946 -0.1704
vn -0.4804 0.8740 0.0733
vn 0.0422 0.8352 0.5483
vn 0.3103 0.8722 0.3782
vn 0.4583 0.8834 0.0974
vn 0.4355 0.8911 0.1277
vn -0.3909 0.8637 0.3182
vn -0.4605 0.8809 -0.1092
vn -0.1288 0.8563 -0.5001
vn 0.4782 0.8755 -0.0698
vn 0.3719 0.8512 -0.3703
vn 0.1809 0.8565 -0.4835
vn 0.1809 0.8565 -0.4834
vn -0.2917 0.8801 -0.3747
vn -0.1259 0.8888 0.4407
vn -0.1259 0.8887 0.4408
vn 0.0425 0.8427 0.5366
vn 0.3275 0.8612 0.3888
vn 0.5315 0.8469 0.0188
vn 0.5315 0.8468 0.0185
vn 0.4648 0.8787 0.1086
vn -0.4600 0.8415 0.2834
vn -0.4633 0.8686 -0.1758
vn -0.1305 0.8624 -0.4892
vn -0.3015 0.8842 -0.3568
vn -0.3023 0.8839 -0.3569
vn 0.4859 0.8714 -0.0678
vn 0.3668 0.8579 -0.3598
vn 0.1701 0.8605 -0.4802
vn -0.2038 0.8571 -0.4731
vn -0.3179 0.8653 -0.3875
vn -0.5013 0.8618 0.0777
vn 0.1276 0.8509 0.5097
vn 0.3411 0.8543 0.3923
vn 0.4935 0.8609 0.1237
vn -0.1851 0.8729 0.4515
vn -0.3068 0.8689 0.3886
vn -0.3238 0.8801 0.3472
vn -0.5055 0.8515 -0.1393
vn -0.1431 0.8729 -0.4664
vn 0.4652 0.8814 -0.0824
vn 0.4772 0.8767 -0.0608
vn 0.1857 0.8778 -0.4415
vn 0.1859 0.8778 -0.4414
vn 0.1864 0.8772 -0.4425
vn 0.3597 0.8612 -0.3590
vn 0.1762 0.8761 -0.4488
vn -0.3297 0.8560 -0.3982
vn -0.4801 0.8748 0.0647
vn -0.4308 0.8904 0.1471
vn 0.1281 0.8542 0.5039
vn 0.3140 0.8700 0.3802
vn 0.3529 0.8834 0.3082
vn 0.4959 0.8593 0.1254
vn -0.1823 0.8595 0.4776
vn -0.3543 0.8620 0.3625
vn -0.4960 0.8587 -0.1290
vn -0.1389 0.8549 -0.4998
vn 0.5032 0.8604 -0.0804
vn 0.3593 0.8590 -0.3648
vn 0.1840 0.8751 -0.4475
vn -0.3237 0.8595 -0.3956
vn -0.4811 0.8743 0.0642
vn 0.2457 0.8821 0.4020
vn 0.2460 0.8817 0.4025
vn 0.2458 0.8820 0.4020
vn 0.1323 0.8665 0.4813
vn 0.3034 0.8755 0.3761
vn 0.5028 0.8545 0.1303
vn -0.1743 0.8590 0.4814
vn -0.3726 0.8535 0.3643
vn -0.4816 0.8741 0.0633
vn -0.4952 0.8592 -0.1285
vn -0.1365 0.8601 -0.4916
vn 0.1142 0.8873 -0.4468
vn 0.5098 0.8559 -0.0865
vn 0.4563 0.8332 -0.3124
vn 0.1734 0.8698 -0.4619
vn -0.3280 0.8598 -0.3914
vn -0.4997 0.8630 0.0746
vn -0.3846 0.8659 0.3200
vn 0.1386 0.8552 0.4994
vn 0.3110 0.8660 0.3916
vn 0.4022 0.8844 0.2367
vn 0.4573 0.8723 0.1731
vn -0.1711 0.8640 0.4735
vn -0.3359 0.8765 0.3447
vn -0.5075 0.8501 -0.1407
vn -0.1341 0.8659 -0.4819
vn 0.0136 0.8895 -0.4568
vn 0.0135 0.8896 -0.4566
vn 0.3753 0.8518 -0.3655
vn 0.1762 0.8664 -0.4672
vn -0.3186 0.8614 -0.3956
vn -0.4845 0.8723 0.0666
vn 0.1309 0.8572 0.4981
vn 0.3058 0.8742 0.3772
vn 0.3575 0.8915 0.2782
vn 0.4879 0.8646 0.1198
vn -0.1736 0.8561 0.4868
vn -0.1737 0.8561 0.4868
vn -0.3693 0.8556 0.3628
vn -0.4528 0.8830 0.1234
vn -0.4969 0.8579 -0.1307
vn -0.1339 0.8628 -0.4875
vn 0.0168 0.8861 -0.4632
vn 0.0167 0.8861 -0.4632
vn 0.5034 0.8603 -0.0805
vn 0.3713 0.8511 -0.3713
vn 0.1806 0.8589 -0.4793
vn -0.2816 0.8824 -0.3768
vn -0.4956 0.8654 0.0742
vn 0.0426 0.8439 0.5348
vn 0.2871 0.8842 0.3684
vn 0.4786 0.8706 0.1137
vn 0.3214 0.8963 0.3056
vn -0.4021 0.8567 0.3230
vn -0.4756 0.8721 -0.1148
vn -0.3445 0.8998 -0.2676
vn -0.1377 0.8680 -0.4772
vn 0.4961 0.8648 -0.0776
vn 0.0425 0.8439 0.5348
vn 0.2872 0.8842 0.3684
vn 0.4786 0.8706 0.1138
vn -0.4021 0.8567 0.3231
vn -0.0090 0.9999 -0.0112
vn 0.0381 0.9992 0.0139
vn 0.0060 0.9995 0.0307
vn -0.0053 0.9990 -0.0433
vn 0.0253 0.9996 0.0117
vn -0.0278 0.9996 0.0035
vn 0.0174 0.9997 0.0189
vn -0.0098 0.9998 -0.0144
s 0
usemtl Material.001
f 265//356 264//356 119//356
f 265//357 119//357 120//357
f 265//358 120//358 266//358
f 120//359 122//359 266//359
f 122//360 267//360 266//360
f 124//361 267//361 122//361
f 264//362 118//362 119//362
f 268//363 118//363 264//363
f 114//364 118//364 268//364
f 114//365 268//365 269//365
f 269//366 212//366 114//366
f 212//367 269//367 270//367
f 212//368 270//368 106//368
f 271//369 111//369 106//369
f 111//370 271//370 112//370
f 110//371 274//371 131//371
f 90//372 131//372 275//372
f 275//373 276//373 90//373
f 131//374 274//374 275//374
f 274//375 110//375 273//375
f 113//376 273//376 110//376
f 273//377 113//377 272//377
f 272//378 113//378 112//378
f 112//379 271//379 272//379
f 270//380 271//380 106//380
f 280//381 99//381 90//381
f 280//382 90//382 276//382
f 91//383 277//383 92//383
f 91//384 278//384 277//384
f 96//385 278//385 91//385
f 278//386 96//386 279//386
f 96//387 99//387 279//387
f 280//388 279//388 99//388
f 281//389 92//389 277//389
f 281//390 193//390 92//390
f 193//391 281//391 282//391
f 283//392 193//392 282//392
f 283//393 243//393 193//393
f 84//394 283//394 284//394
f 84//395 243//395 283//395
f 285//396 85//396 284//396
f 87//397 286//397 287//397
f 287//398 88//398 87//398
f 289//399 88//399 288//399
f 83//400 290//400 260//400
f 290//401 83//401 289//401
f 88//402 289//402 83//402
f 287//403 288//403 88//403
f 286//404 87//404 86//404
f 285//405 86//405 85//405
f 286//406 86//406 285//406
f 84//407 284//407 85//407
f 290//408 124//408 260//408
f 290//409 267//409 124//409
f 165//435 313//435 314//435
f 165//436 314//436 209//436
f 228//452 322//452 323//452
f 228//453 205//453 322//453
f 347//493 290//493 289//493
f 348//493 285//493 284//493
f 289//493 288//493 347//493
f 350//493 288//493 287//493
f 286//493 285//493 351//493
f 348//493 351//493 285//493
f 352//493 348//493 284//493
f 353//493 281//493 354//493
f 354//493 277//493 278//493
f 355//493 354//493 278//493
f 279//493 356//493 355//493
f 279//493 355//493 278//493
f 280//493 356//493 279//493
f 280//493 357//493 356//493
f 270//493 269//493 358//493
f 270//493 349//493 359//493
f 271//493 270//493 359//493
f 359//493 360//493 271//493
f 271//493 360//493 272//493
f 360//493 273//493 272//493
f 361//493 274//493 273//493
f 275//493 274//493 361//493
f 264//493 363//493 362//493
f 362//493 268//493 264//493
f 264//493 265//493 363//493
f 363//493 265//493 366//493
f 366//493 265//493 364//493
f 266//493 364//493 265//493
f 267//493 364//493 266//493
f 370//493 269//493 362//493
f 268//493 362//493 269//493
f 269//493 370//493 358//493
f 349//493 270//493 358//493
f 273//493 360//493 361//493
f 275//493 361//493 368//493
f 276//493 275//493 368//493
f 368//493 371//493 276//493
f 276//493 371//493 280//493
f 280//493 371//493 357//493
f 354//493 281//493 277//493
f 281//493 353//493 282//493
f 283//493 282//493 353//493
f 283//493 353//493 372//493
f 372//493 352//493 283//493
f 283//493 352//493 284//493
f 351//493 287//493 286//493
f 351//493 350//493 287//493
f 288//493 350//493 347//493
f 290//854 375//854 345//854
f 290//855 347//855 376//855
f 290//856 376//856 375//856
f 267//858 346//858 377//858
f 267//859 378//859 364//859
f 267//860 377//860 378//860
f 382//861 369//861 364//861
f 382//862 364//862 378//862
f 363//863 366//863 379//863
f 366//864 380//864 379//864
f 366//865 365//865 380//865
f 365//866 381//866 380//866
f 369//867 382//867 381//867
f 381//868 365//868 369//868
f 362//869 363//869 379//869
f 383//870 362//870 379//870
f 362//871 383//871 370//871
f 383//872 384//872 370//872
f 384//873 358//873 370//873
f 388//874 358//874 387//874
f 389//874 358//874 388//874
f 358//874 389//874 390//874
f 391//874 358//874 390//874
f 386//874 358//874 391//874
f 386//860 392//860 358//860
f 392//875 349//875 358//875
f 393//876 349//876 392//876
f 349//877 393//877 394//877
f 349//877 394//877 395//877
f 396//877 349//877 395//877
f 349//878 396//878 385//878
f 385//879 397//879 349//879
f 349//880 397//880 409//880
f 409//881 397//881 398//881
f 409//882 398//882 399//882
f 409//883 399//883 400//883
f 409//884 400//884 401//884
f 402//885 409//885 401//885
f 409//886 402//886 403//886
f 384//887 409//887 403//887
f 384//888 403//888 404//888
f 384//888 404//888 405//888
f 406//889 384//889 405//889
f 384//889 406//889 407//889
f 384//890 407//890 408//890
f 358//890 384//890 408//890
f 387//874 358//874 408//874
f 349//891 409//891 359//891
f 410//892 359//892 409//892
f 411//893 361//893 360//893
f 361//894 411//894 412//894
f 412//895 368//895 361//895
f 371//896 413//896 414//896
f 413//897 371//897 368//897
f 412//898 413//898 368//898
f 360//899 410//899 411//899
f 410//900 360//900 359//900
f 417//901 357//901 371//901
f 417//902 371//902 414//902
f 355//903 415//903 354//903
f 355//904 356//904 415//904
f 356//905 416//905 415//905
f 356//906 417//906 416//906
f 356//907 357//907 417//907
f 418//908 354//908 415//908
f 354//909 418//909 353//909
f 419//910 353//910 418//910
f 419//911 372//911 353//911
f 420//912 372//912 419//912
f 351//932 348//932 441//932
f 442//933 350//933 351//933
f 442//934 351//934 441//934
f 443//935 367//935 350//935
f 443//936 350//936 442//936
f 367//937 444//937 373//937
f 444//938 367//938 443//938
f 441//939 348//939 440//939
f 352//940 440//940 348//940
f 352//941 439//941 440//941
f 376//942 347//942 373//942
f 376//943 373//943 444//943
f 375//493 444//493 377//493
f 444//493 375//493 376//493
f 444//493 382//493 377//493
f 382//493 378//493 377//493
f 441//493 440//493 439//493
f 442//493 441//493 439//493
f 443//493 442//493 439//493
f 444//493 443//493 439//493
f 420//493 444//493 439//493
f 419//493 418//493 420//493
f 418//493 415//493 420//493
f 416//493 420//493 415//493
f 417//493 420//493 416//493
f 444//493 420//493 417//493
f 417//493 382//493 444//493
f 417//493 414//493 382//493
f 411//493 410//493 409//493
f 412//493 411//493 409//493
f 412//493 409//493 413//493
f 413//493 409//493 414//493
f 409//493 384//493 414//493
f 414//493 384//493 382//493
f 384//493 383//493 379//493
f 379//493 380//493 384//493
f 380//493 381//493 384//493
f 381//493 382//493 384//493
f 784//1371 783//1371 391//1371
f 390//1372 785//1372 784//1372
f 389//1373 786//1373 390//1373
f 387//1374 788//1374 787//1374
f 787//1375 388//1375 387//1375
f 389//1376 388//1376 787//1376
f 389//1377 787//1377 786//1377
f 786//1378 785//1378 390//1378
f 391//1379 390//1379 784//1379
f 386//1380 391//1380 783//1380
f 782//1381 386//1381 783//1381
f 782//1382 392//1382 386//1382
f 782//1383 794//1383 392//1383
f 396//1384 395//1384 789//1384
f 396//1385 789//1385 790//1385
f 791//1386 385//1386 396//1386
f 396//1387 790//1387 791//1387
f 792//1388 789//1388 395//1388
f 394//1389 792//1389 395//1389
f 792//1390 394//1390 793//1390
f 394//1391 393//1391 793//1391
f 393//1392 794//1392 793//1392
f 794//1393 393//1393 392//1393
f 397//1394 791//1394 800//1394
f 791//1395 397//1395 385//1395
f 797//1396 796//1396 400//1396
f 400//1397 399//1397 797//1397
f 798//1398 399//1398 398//1398
f 398//1399 799//1399 798//1399
f 397//1400 800//1400 799//1400
f 799//1401 398//1401 397//1401
f 399//1402 798//1402 797//1402
f 400//1403 796//1403 401//1403
f 795//1404 401//1404 796//1404
f 795//1405 402//1405 401//1405
f 806//1406 403//1406 402//1406
f 806//1407 402//1407 795//1407
f 802//1408 406//1408 801//1408
f 406//1409 802//1409 407//1409
f 803//1410 407//1410 802//1410
f 804//1411 408//1411 407//1411
f 407//1412 803//1412 804//1412
f 801//1413 406//1413 405//1413
f 805//1414 801//1414 404//1414
f 405//1415 404//1415 801//1415
f 805//1416 404//1416 806//1416
f 404//1417 403//1417 806//1417
f 408//1418 804//1418 788//1418
f 788//1419 387//1419 408//1419
f 808//1420 438//1420 421//1420
f 421//1421 825//1421 808//1421
f 808//1422 807//1422 422//1422
f 808//1423 422//1423 438//1423
f 807//1424 809//1424 437//1424
f 437//1425 422//1425 807//1425
f 810//1426 437//1426 809//1426
f 436//1427 437//1427 810//1427
f 436//1428 810//1428 811//1428
f 436//1429 811//1429 431//1429
f 813//1430 435//1430 812//1430
f 433//1431 815//1431 432//1431
f 433//1432 814//1432 815//1432
f 813//1433 814//1433 434//1433
f 814//1434 433//1434 434//1434
f 434//1435 435//1435 813//1435
f 431//1436 811//1436 812//1436
f 431//1437 812//1437 435//1437
f 815//1438 430//1438 432//1438
f 430//1439 815//1439 818//1439
f 429//1440 816//1440 428//1440
f 429//1441 817//1441 816//1441
f 817//1442 429//1442 430//1442
f 817//1443 430//1443 818//1443
f 816//1444 819//1444 428//1444
f 428//1445 819//1445 427//1445
f 427//1446 819//1446 820//1446
f 426//1447 427//1447 820//1447
f 425//1448 820//1448 821//1448
f 425//1449 426//1449 820//1449
f 823//1450 824//1450 423//1450
f 421//1451 824//1451 825//1451
f 421//1452 423//1452 824//1452
f 424//1453 823//1453 423//1453
f 823//1454 424//1454 822//1454
f 425//1455 821//1455 822//1455
f 425//1456 822//1456 424//1456
f 932//1661 783//1661 931//1661
f 931//1661 783//1661 933//1661
f 934//1661 784//1661 785//1661
f 934//1661 933//1661 784//1661
f 935//1661 934//1661 786//1661
f 787//1661 788//1661 935//1661
f 937//1661 806//1661 936//1661
f 937//1661 938//1661 806//1661
f 805//1661 806//1661 938//1661
f 805//1661 938//1661 939//1661
f 939//1661 940//1661 801//1661
f 944//1661 943//1661 796//1661
f 944//1662 797//1662 941//1662
f 941//1661 798//1661 945//1661
f 800//1661 945//1661 799//1661
f 794//1661 782//1661 929//1661
f 792//1661 946//1661 789//1661
f 948//1661 947//1661 794//1661
f 793//1661 794//1661 947//1661
f 949//1661 948//1661 794//1661
f 949//1661 794//1661 950//1661
f 952//1661 935//1661 804//1661
f 935//1661 786//1661 787//1661
f 786//1661 934//1661 785//1661
f 933//1661 783//1661 784//1661
f 783//1661 932//1661 782//1661
f 932//1661 929//1661 782//1661
f 929//1661 950//1661 794//1661
f 792//1661 793//1661 947//1661
f 946//1661 792//1661 947//1661
f 789//1661 946//1661 951//1661
f 951//1661 790//1661 789//1661
f 951//1661 791//1661 790//1661
f 945//1661 791//1661 951//1661
f 800//1661 791//1661 945//1661
f 945//1661 798//1661 799//1661
f 797//1661 798//1661 941//1661
f 944//1661 796//1661 797//1661
f 943//1661 942//1661 796//1661
f 942//1661 930//1661 796//1661
f 795//1661 796//1661 930//1661
f 795//1661 930//1661 806//1661
f 930//1661 936//1661 806//1661
f 801//1661 805//1661 939//1661
f 802//1661 801//1661 952//1661
f 940//1661 952//1661 801//1661
f 803//1661 802//1661 952//1661
f 952//1661 804//1661 803//1661
f 935//1661 788//1661 804//1661
f 811//874 967//874 954//874
f 955//874 956//874 821//874
f 957//874 821//874 956//874
f 958//874 823//874 822//874
f 959//874 823//874 958//874
f 824//874 960//874 825//874
f 962//874 810//874 963//874
f 963//874 810//874 964//874
f 810//874 965//874 964//874
f 966//874 809//874 807//874
f 954//874 968//874 811//874
f 815//874 814//874 970//874
f 821//874 820//874 953//874
f 970//874 818//874 815//874
f 971//874 819//874 816//874
f 820//874 972//874 973//874
f 972//874 820//874 819//874
f 973//874 974//874 820//874
f 975//874 820//874 974//874
f 808//874 960//874 977//874
f 960//874 824//874 959//874
f 959//874 824//874 823//874
f 958//874 822//874 957//874
f 821//874 957//874 822//874
f 953//874 955//874 821//874
f 953//874 820//874 975//874
f 972//874 819//874 971//874
f 817//874 971//874 816//874
f 976//874 971//874 817//874
f 817//874 818//874 976//874
f 970//874 976//874 818//874
f 970//874 814//874 961//874
f 961//874 814//874 813//874
f 961//874 813//874 812//874
f 969//874 961//874 812//874
f 968//874 969//874 812//874
f 811//874 968//874 812//874
f 811//874 810//874 967//874
f 967//874 810//874 962//874
f 965//874 810//874 809//874
f 965//874 809//874 966//874
f 977//874 966//874 807//874
f 977//874 807//874 808//874
f 960//874 808//874 825//874
f 1044//1750 949//1750 1043//1750
f 1044//1751 1045//1751 949//1751
f 1045//1752 947//1752 948//1752
f 947//1753 1045//1753 1046//1753
f 1046//1754 946//1754 947//1754
f 951//1755 1047//1755 1048//1755
f 1047//1756 951//1756 946//1756
f 1046//1757 1047//1757 946//1757
f 948//1758 949//1758 1045//1758
f 950//1759 1043//1759 949//1759
f 945//1760 1048//1760 1051//1760
f 1048//1761 945//1761 951//1761
f 941//1762 1050//1762 1049//1762
f 1049//1763 944//1763 941//1763
f 941//1764 1051//1764 1050//1764
f 945//1765 1051//1765 941//1765
f 1049//1766 1052//1766 944//1766
f 1052//1767 943//1767 944//1767
f 943//1768 1052//1768 942//1768
f 1053//1769 942//1769 1052//1769
f 942//1770 1053//1770 930//1770
f 930//1771 1053//1771 1054//1771
f 1055//1772 936//1772 930//1772
f 1055//1773 930//1773 1054//1773
f 1056//1774 937//1774 936//1774
f 1056//1775 1057//1775 937//1775
f 1057//1776 1058//1776 939//1776
f 940//1777 1059//1777 1060//1777
f 940//1778 1060//1778 952//1778
f 1059//1779 940//1779 939//1779
f 1058//1780 1059//1780 939//1780
f 1057//1781 939//1781 938//1781
f 938//1782 937//1782 1057//1782
f 1055//1783 1056//1783 936//1783
f 952//1784 1060//1784 1064//1784
f 1064//1785 935//1785 952//1785
f 933//1786 1062//1786 1061//1786
f 1062//1787 934//1787 1063//1787
f 934//1788 1062//1788 933//1788
f 1063//1789 935//1789 1064//1789
f 935//1790 1063//1790 934//1790
f 933//1791 1061//1791 931//1791
f 1065//1792 931//1792 1061//1792
f 932//1793 931//1793 1065//1793
f 1066//1794 932//1794 1065//1794
f 932//1795 1066//1795 929//1795
f 1066//1796 1067//1796 929//1796
f 1067//1797 950//1797 929//1797
f 1067//1798 1043//1798 950//1798
f 953//1797 1068//1797 1069//1797
f 953//1798 975//1798 1068//1798
f 1070//1786 958//1786 957//1786
f 958//1787 1071//1787 959//1787
f 1071//1788 958//1788 1070//1788
f 959//1799 1072//1799 960//1799
f 1072//1800 959//1800 1071//1800
f 1070//1791 957//1791 1073//1791
f 956//1792 1073//1792 957//1792
f 1074//1801 1073//1801 956//1801
f 955//1794 1074//1794 956//1794
f 1074//1795 955//1795 1069//1795
f 955//1796 953//1796 1069//1796
f 1080//1802 977//1802 960//1802
f 960//1803 1072//1803 1080//1803
f 963//1774 1076//1774 1075//1774
f 963//1775 964//1775 1076//1775
f 964//1776 965//1776 1078//1776
f 1079//1777 966//1777 977//1777
f 1079//1778 977//1778 1080//1778
f 966//1779 1079//1779 1078//1779
f 965//1780 966//1780 1078//1780
f 964//1781 1078//1781 1077//1781
f 1077//1782 1076//1782 964//1782
f 962//1783 963//1783 1075//1783
f 962//1772 1075//1772 1081//1772
f 962//1773 1081//1773 967//1773
f 1083//1762 961//1762 969//1762
f 969//1763 1082//1763 1083//1763
f 1083//1764 970//1764 961//1764
f 1084//1765 970//1765 1083//1765
f 969//1766 968//1766 1082//1766
f 968//1767 1085//1767 1082//1767
f 1085//1768 968//1768 1086//1768
f 954//1769 1086//1769 968//1769
f 1086//1770 954//1770 1081//1770
f 1081//1771 954//1771 967//1771
f 1084//1760 976//1760 970//1760
f 976//1761 1084//1761 1091//1761
f 974//1750 1087//1750 975//1750
f 974//1751 973//1751 1087//1751
f 973//1752 1089//1752 1088//1752
f 1089//1753 973//1753 972//1753
f 972//1754 1090//1754 1089//1754
f 1091//1755 971//1755 976//1755
f 971//1756 1091//1756 1090//1756
f 972//1757 971//1757 1090//1757
f 1088//1758 1087//1758 973//1758
f 1068//1759 975//1759 1087//1759
usemtl Material.002
f 11//1 7//1 1//1
f 6//2 2//2 3//2
f 7//3 3//3 5//3
f 2//4 8//4 9//4
f 20//5 21//5 17//5
f 16//6 14//6 13//6
f 14//7 11//7 1//7
f 9//8 8//8 10//8
f 1//9 7//9 5//9
f 15//10 12//10 10//10
f 10//11 12//11 9//11
f 8//12 2//12 6//12
f 3//13 2//13 4//13
f 3//14 4//14 5//14
f 14//15 1//15 13//15
f 14//16 16//16 17//16
f 17//17 16//17 20//17
f 21//18 20//18 18//18
f 21//19 18//19 19//19
f 18//20 15//20 19//20
f 18//21 12//21 15//21
f 14//22 32//22 11//22
f 7//23 11//23 25//23
f 7//24 25//24 24//24
f 8//25 26//25 10//25
f 33//26 3//26 7//26
f 11//27 23//27 25//27
f 3//28 33//28 27//28
f 15//29 10//29 28//29
f 15//30 28//30 29//30
f 15//31 30//31 19//31
f 14//32 17//32 31//32
f 15//33 29//33 30//33
f 19//34 37//34 21//34
f 35//35 8//35 6//35
f 28//36 10//36 26//36
f 31//37 17//37 34//37
f 32//38 14//38 31//38
f 22//39 11//39 32//39
f 23//40 24//40 25//40
f 35//41 6//41 3//41
f 36//42 29//42 28//42
f 41//43 17//43 21//43
f 34//44 17//44 41//44
f 35//45 3//45 27//45
f 40//46 26//46 8//46
f 38//47 19//47 30//47
f 37//48 19//48 38//48
f 22//49 23//49 11//49
f 39//50 33//50 7//50
f 35//51 40//51 8//51
f 37//52 41//52 21//52
f 24//53 39//53 7//53
f 5//54 4//54 43//54
f 42//55 2//55 9//55
f 44//56 9//56 12//56
f 42//57 4//57 2//57
f 43//58 1//58 5//58
f 13//59 1//59 45//59
f 20//60 16//60 46//60
f 12//61 18//61 47//61
f 18//62 20//62 47//62
f 16//63 13//63 46//63
f 48//64 49//64 36//64
f 49//65 29//65 36//65
f 30//66 29//66 49//66
f 49//67 50//67 38//67
f 38//68 30//68 49//68
f 50//69 51//69 38//69
f 51//70 37//70 38//70
f 41//71 37//71 51//71
f 41//72 51//72 52//72
f 41//73 52//73 34//73
f 52//74 53//74 34//74
f 53//75 54//75 31//75
f 31//76 34//76 53//76
f 32//77 31//77 54//77
f 32//78 54//78 55//78
f 32//79 55//79 22//79
f 56//80 22//80 55//80
f 56//81 23//81 22//81
f 48//82 36//82 28//82
f 48//82 28//82 57//82
f 28//83 26//83 58//83
f 58//84 57//84 28//84
f 59//85 26//85 40//85
f 26//86 59//86 58//86
f 59//87 40//87 60//87
f 40//88 35//88 60//88
f 60//89 35//89 61//89
f 27//90 61//90 35//90
f 27//91 62//91 61//91
f 33//92 62//92 27//92
f 63//93 62//93 33//93
f 39//94 63//94 33//94
f 39//95 64//95 63//95
f 24//96 64//96 39//96
f 56//97 64//97 24//97
f 56//98 24//98 23//98
f 65//99 4//99 66//99
f 4//100 65//100 43//100
f 43//101 65//101 67//101
f 43//102 67//102 1//102
f 68//103 45//103 67//103
f 45//104 1//104 67//104
f 45//105 68//105 13//105
f 13//106 68//106 69//106
f 70//107 46//107 69//107
f 46//108 13//108 69//108
f 46//109 70//109 20//109
f 20//110 70//110 71//110
f 72//111 47//111 71//111
f 47//112 20//112 71//112
f 47//113 72//113 12//113
f 12//114 72//114 73//114
f 74//115 44//115 73//115
f 44//116 12//116 73//116
f 44//117 74//117 9//117
f 9//118 74//118 75//118
f 76//119 9//119 75//119
f 9//120 76//120 42//120
f 42//121 76//121 66//121
f 42//122 66//122 4//122
f 52//123 51//123 53//123
f 56//124 55//124 64//124
f 57//125 58//125 59//125
f 64//126 62//126 63//126
f 71//127 77//127 72//127
f 70//128 77//128 71//128
f 69//129 68//129 77//129
f 78//130 67//130 65//130
f 75//131 79//131 76//131
f 79//132 75//132 74//132
f 74//133 73//133 79//133
f 66//134 76//134 79//134
f 65//135 79//135 78//135
f 66//136 79//136 65//136
f 68//137 67//137 78//137
f 69//138 77//138 70//138
f 77//139 68//139 78//139
f 72//140 77//140 79//140
f 79//141 73//141 72//141
f 78//355 79//355 77//355
f 237//410 263//410 291//410
f 234//411 235//411 292//411
f 82//412 261//412 293//412
f 294//413 200//413 81//413
f 295//414 202//414 200//414
f 258//415 259//415 297//415
f 296//416 254//416 255//416
f 189//417 192//417 298//417
f 95//418 93//418 299//418
f 300//419 97//419 94//419
f 94//420 191//420 301//420
f 188//421 301//421 191//421
f 241//422 302//422 181//422
f 303//423 220//423 216//423
f 219//424 221//424 304//424
f 207//425 217//425 305//425
f 127//426 306//426 126//426
f 126//427 306//427 307//427
f 126//428 307//428 121//428
f 125//429 308//429 210//429
f 213//430 214//430 309//430
f 206//431 310//431 143//431
f 143//432 311//432 163//432
f 163//433 311//433 312//433
f 312//434 173//434 163//434
f 315//437 142//437 208//437
f 315//438 208//438 316//438
f 316//439 208//439 209//439
f 209//440 314//440 316//440
f 142//441 315//441 317//441
f 142//442 317//442 139//442
f 318//443 162//443 139//443
f 318//444 139//444 317//444
f 162//445 318//445 319//445
f 320//446 172//446 161//446
f 205//447 321//447 322//447
f 321//448 205//448 172//448
f 321//449 172//449 320//449
f 161//450 319//450 320//450
f 319//451 161//451 162//451
f 80//454 325//454 324//454
f 325//455 80//455 218//455
f 323//456 218//456 228//456
f 218//457 323//457 325//457
f 324//458 198//458 80//458
f 326//459 198//459 324//459
f 169//460 198//460 326//460
f 326//461 238//461 169//461
f 326//462 327//462 238//462
f 313//463 165//463 187//463
f 187//464 329//464 313//464
f 190//465 328//465 187//465
f 328//466 329//466 187//466
f 327//467 328//467 238//467
f 328//468 190//468 238//468
f 183//469 331//469 330//469
f 331//470 183//470 184//470
f 330//471 179//471 183//471
f 137//472 332//472 152//472
f 171//473 333//473 164//473
f 138//474 334//475 158//476
f 335//477 158//477 334//477
f 335//478 140//478 158//478
f 117//479 337//479 155//479
f 132//480 337//480 117//480
f 104//481 338//481 132//481
f 339//482 338//482 104//482
f 339//483 104//483 89//483
f 153//484 336//484 136//484
f 148//485 149//485 150//485
f 141//486 341//486 134//486
f 129//487 341//487 141//487
f 146//488 342//488 129//488
f 343//489 342//489 146//489
f 343//490 146//490 105//490
f 116//491 340//491 133//491
f 344//492 109//492 103//492
f 364//493 365//493 366//493
f 364//493 369//493 365//493
f 347//493 350//493 367//493
f 347//493 367//493 373//493
f 466//494 261//494 262//494
f 262//495 237//495 466//495
f 237//496 461//496 466//496
f 461//497 237//497 291//497
f 461//498 291//498 472//498
f 291//499 263//499 457//499
f 457//500 472//500 291//500
f 474//501 457//501 263//501
f 234//502 474//502 263//502
f 474//503 234//503 470//503
f 234//504 292//504 470//504
f 292//505 462//505 470//505
f 462//506 292//506 471//506
f 292//507 235//507 471//507
f 463//508 471//508 235//508
f 463//509 235//509 232//509
f 232//510 448//510 463//510
f 230//511 448//511 232//511
f 465//512 261//512 466//512
f 293//513 465//513 455//513
f 465//514 293//514 261//514
f 293//515 455//515 469//515
f 82//516 293//516 469//516
f 468//517 82//517 469//517
f 81//518 82//518 468//518
f 468//519 464//519 81//519
f 81//520 464//520 294//520
f 460//521 294//521 464//521
f 294//522 460//522 200//522
f 460//523 473//523 200//523
f 200//524 473//524 295//524
f 295//525 473//525 467//525
f 202//526 295//526 467//526
f 458//527 202//527 467//527
f 202//528 458//528 230//528
f 230//529 458//529 448//529
f 296//530 255//530 493//530
f 255//531 502//531 493//531
f 255//532 256//532 504//532
f 504//533 502//533 255//533
f 497//534 256//534 257//534
f 256//535 497//535 504//535
f 497//536 257//536 258//536
f 498//537 497//537 258//537
f 297//538 498//538 258//538
f 297//539 259//539 503//539
f 503//540 498//540 297//540
f 478//541 259//541 199//541
f 259//542 478//542 503//542
f 197//543 479//543 199//543
f 478//544 199//544 479//544
f 486//545 479//545 197//545
f 296//546 493//546 496//546
f 254//547 296//547 496//547
f 496//548 501//548 254//548
f 501//549 253//549 254//549
f 492//550 253//550 501//550
f 251//551 253//551 492//551
f 492//552 495//552 251//552
f 251//553 495//553 249//553
f 249//554 495//554 500//554
f 249//555 500//555 499//555
f 249//556 499//556 196//556
f 494//557 196//557 499//557
f 494//558 487//558 242//558
f 242//559 196//559 494//559
f 486//560 239//560 487//560
f 242//561 487//561 239//561
f 239//562 486//562 197//562
f 530//563 246//563 247//563
f 530//564 247//564 526//564
f 533//565 526//565 247//565
f 533//566 247//566 252//566
f 534//567 533//567 252//567
f 250//568 534//568 252//568
f 250//569 521//569 534//569
f 521//570 250//570 248//570
f 521//571 248//571 522//571
f 195//572 522//572 248//572
f 523//573 522//573 195//573
f 189//574 523//574 195//574
f 517//575 523//575 189//575
f 517//576 189//576 535//576
f 189//577 298//577 535//577
f 192//578 510//578 298//578
f 535//579 298//579 510//579
f 530//580 525//580 246//580
f 525//581 245//581 246//581
f 525//582 529//582 245//582
f 524//583 244//583 529//583
f 245//584 529//584 244//584
f 524//585 528//585 98//585
f 98//586 244//586 524//586
f 98//587 528//587 531//587
f 98//588 531//588 194//588
f 194//589 531//589 93//589
f 531//590 532//590 93//590
f 299//591 93//591 532//591
f 299//592 532//592 527//592
f 299//593 527//593 95//593
f 527//594 515//594 95//594
f 95//595 515//595 510//595
f 95//596 510//596 192//596
f 556//597 100//597 97//597
f 560//598 556//598 97//598
f 97//599 300//599 560//599
f 300//600 565//600 560//600
f 565//601 300//601 557//601
f 300//602 94//602 557//602
f 557//603 94//603 561//603
f 561//604 94//604 301//604
f 563//605 561//605 301//605
f 301//606 558//606 563//606
f 188//607 558//607 301//607
f 185//608 558//608 188//608
f 564//609 558//609 185//609
f 562//610 564//610 185//610
f 185//611 168//611 562//611
f 562//612 168//612 539//612
f 157//613 538//613 168//613
f 539//614 168//614 538//614
f 556//615 553//615 100//615
f 553//616 101//616 100//616
f 101//617 553//617 550//617
f 550//618 552//618 101//618
f 101//619 552//619 102//619
f 549//620 102//620 552//620
f 241//621 102//621 549//621
f 555//622 241//622 549//622
f 302//623 241//623 555//623
f 554//624 302//624 555//624
f 181//625 554//625 559//625
f 554//626 181//626 302//626
f 559//627 544//627 180//627
f 180//628 181//628 559//628
f 180//629 544//629 538//629
f 180//630 538//630 157//630
f 582//631 589//631 231//631
f 231//632 233//632 582//632
f 233//633 590//633 582//633
f 233//634 236//634 594//634
f 594//635 590//635 233//635
f 236//636 593//636 594//636
f 211//637 593//637 236//637
f 593//638 211//638 579//638
f 223//639 592//639 211//639
f 579//640 211//640 592//640
f 223//641 222//641 578//641
f 578//642 592//642 223//642
f 584//643 578//643 222//643
f 220//644 584//644 222//644
f 570//645 584//645 220//645
f 571//646 220//646 303//646
f 220//647 571//647 570//647
f 589//648 229//648 231//648
f 589//649 588//649 229//649
f 229//650 588//650 201//650
f 588//651 587//651 201//651
f 587//652 204//652 201//652
f 587//653 585//653 204//653
f 204//654 585//654 227//654
f 591//655 227//655 585//655
f 591//656 203//656 227//656
f 583//657 203//657 591//657
f 203//658 583//658 170//658
f 583//659 586//659 170//659
f 170//660 586//660 216//660
f 586//661 575//661 216//661
f 575//662 571//662 303//662
f 303//663 216//663 575//663
f 304//664 616//664 219//664
f 612//665 219//665 616//665
f 616//666 304//666 621//666
f 304//667 221//667 610//667
f 610//668 621//668 304//668
f 224//669 619//669 221//669
f 610//670 221//670 619//670
f 224//671 622//671 619//671
f 225//672 622//672 224//672
f 225//673 606//673 622//673
f 225//674 226//674 606//674
f 620//675 606//675 226//675
f 598//676 620//676 226//676
f 598//677 226//677 123//677
f 598//678 123//678 602//678
f 612//679 217//679 219//679
f 608//680 217//680 612//680
f 305//681 217//681 608//681
f 305//682 608//682 615//682
f 207//683 615//683 623//683
f 615//684 207//684 305//684
f 623//685 617//685 127//685
f 127//686 207//686 623//686
f 614//687 127//687 617//687
f 127//688 614//688 306//688
f 306//689 614//689 618//689
f 609//690 307//690 618//690
f 306//691 618//691 307//691
f 603//692 307//692 609//692
f 603//693 121//693 307//693
f 602//694 121//694 603//694
f 121//695 602//695 123//695
f 308//696 648//696 210//696
f 651//697 210//697 648//697
f 648//698 308//698 645//698
f 645//699 308//699 125//699
f 645//700 125//700 640//700
f 640//701 125//701 115//701
f 649//702 640//702 115//702
f 115//703 213//703 649//703
f 213//704 646//704 649//704
f 213//705 309//705 642//705
f 642//706 646//706 213//706
f 309//707 652//707 642//707
f 214//708 652//708 309//708
f 652//709 214//709 626//709
f 214//710 215//710 626//710
f 633//711 626//711 215//711
f 633//712 215//712 175//712
f 639//713 210//713 651//713
f 639//714 128//714 210//714
f 639//715 644//715 206//715
f 206//716 128//716 639//716
f 206//717 644//717 641//717
f 206//718 641//718 310//718
f 641//719 650//719 310//719
f 650//720 143//720 310//720
f 643//721 143//721 650//721
f 143//722 643//722 311//722
f 311//723 643//723 647//723
f 311//724 647//724 312//724
f 647//725 653//725 312//725
f 653//726 634//726 312//726
f 634//727 173//727 312//727
f 173//728 634//728 374//728
f 173//729 374//729 175//729
f 175//730 374//730 633//730
f 322//191 321//191 320//191
f 673//731 676//731 330//731
f 673//732 330//732 331//732
f 184//733 674//733 331//733
f 673//734 331//734 674//734
f 184//735 167//735 674//735
f 167//736 669//736 674//736
f 166//737 675//737 167//737
f 669//738 167//738 675//738
f 675//739 166//739 682//739
f 186//740 682//740 166//740
f 672//741 682//741 186//741
f 684//742 672//742 186//742
f 684//743 186//743 156//743
f 657//744 156//744 154//744
f 156//745 657//745 684//745
f 152//746 657//746 154//746
f 658//747 657//747 152//747
f 663//748 658//748 152//748
f 330//749 676//749 685//749
f 179//750 685//750 680//750
f 685//751 179//751 330//751
f 679//752 179//752 680//752
f 679//753 182//753 179//753
f 679//754 670//754 182//754
f 670//755 240//755 182//755
f 678//756 240//756 670//756
f 240//757 678//757 683//757
f 240//758 683//758 178//758
f 683//759 677//759 176//759
f 176//760 178//760 683//760
f 677//761 681//761 176//761
f 176//762 681//762 137//762
f 137//763 681//763 664//763
f 332//764 137//764 664//764
f 332//765 664//765 663//765
f 332//766 663//766 152//766
f 712//767 159//767 709//767
f 709//768 159//768 160//768
f 709//769 160//769 707//769
f 144//770 707//770 160//770
f 714//771 707//771 144//771
f 144//772 710//772 714//772
f 164//773 710//773 144//773
f 710//774 164//774 713//774
f 164//775 333//775 713//775
f 333//776 716//776 713//776
f 333//777 171//777 716//777
f 717//778 716//778 171//778
f 171//779 174//779 689//779
f 689//780 717//780 171//780
f 691//781 689//781 174//781
f 138//782 712//782 715//782
f 712//783 138//783 159//783
f 138//784 715//784 703//784
f 138//785 703//785 334//785
f 334//786 703//786 705//786
f 705//787 711//787 335//787
f 335//788 334//788 705//788
f 711//789 140//789 335//789
f 702//790 140//790 711//790
f 706//791 130//791 702//791
f 140//792 702//792 130//792
f 706//793 708//793 130//793
f 130//794 708//794 145//794
f 708//795 698//795 145//795
f 147//796 145//796 698//796
f 697//797 147//797 698//797
f 147//798 697//798 691//798
f 147//799 691//799 174//799
f 153//800 747//800 336//800
f 747//801 153//801 740//801
f 153//802 155//802 740//802
f 740//803 155//803 735//803
f 155//804 741//804 735//804
f 741//805 155//805 337//805
f 741//806 337//806 742//806
f 337//807 748//807 742//807
f 337//808 132//808 748//808
f 338//809 749//809 132//809
f 748//810 132//810 749//810
f 338//811 722//811 749//811
f 338//812 339//812 722//812
f 736//813 722//813 339//813
f 746//814 336//814 747//814
f 136//815 336//815 746//815
f 136//816 746//816 738//816
f 136//817 738//817 743//817
f 136//818 743//818 151//818
f 745//819 151//819 743//819
f 177//820 151//820 745//820
f 745//821 744//821 177//821
f 744//822 135//822 177//822
f 737//823 150//823 744//823
f 135//824 744//824 150//824
f 150//825 737//825 734//825
f 739//826 150//826 734//826
f 148//827 150//827 739//827
f 728//828 148//828 739//828
f 89//829 148//829 728//829
f 89//830 728//830 729//830
f 89//831 729//831 736//831
f 89//832 736//832 339//832
f 116//800 779//800 340//800
f 779//801 116//801 772//801
f 116//802 134//802 772//802
f 772//803 134//803 767//803
f 134//804 773//804 767//804
f 773//833 134//833 341//833
f 773//806 341//806 774//806
f 341//807 780//807 774//807
f 341//834 129//834 780//834
f 342//835 781//835 129//835
f 780//836 129//836 781//836
f 342//811 754//811 781//811
f 342//812 343//812 754//812
f 768//813 754//813 343//813
f 778//814 340//814 779//814
f 133//837 340//837 778//837
f 133//838 778//838 770//838
f 133//839 770//839 775//839
f 133//840 775//840 103//840
f 777//841 103//841 775//841
f 344//842 103//842 777//842
f 777//843 776//843 344//843
f 776//844 109//844 344//844
f 769//845 109//845 776//845
f 108//846 769//846 766//846
f 769//847 108//847 109//847
f 771//848 108//848 766//848
f 107//849 108//849 771//849
f 760//828 107//828 771//828
f 105//850 107//850 760//850
f 105//851 760//851 761//851
f 105//852 761//852 768//852
f 105//853 768//853 343//853
f 375//857 377//857 346//857
f 346//857 345//857 375//857
f 463//944 453//944 447//944
f 456//945 459//945 449//945
f 454//946 455//946 449//946
f 446//947 462//947 447//947
f 459//948 457//948 445//948
f 458//949 452//950 453//951
f 452//952 467//952 451//952
f 451//953 460//953 450//953
f 450//954 464//954 454//954
f 456//955 461//955 459//955
f 466//956 456//956 449//956
f 457//957 459//957 472//957
f 462//958 446//958 470//958
f 448//959 458//959 453//959
f 464//960 450//960 460//960
f 469//961 455//961 454//961
f 465//962 449//962 455//962
f 466//963 449//963 465//963
f 474//964 445//964 457//964
f 446//965 445//965 474//965
f 473//966 451//966 467//966
f 460//967 451//967 473//967
f 468//968 454//968 464//968
f 469//969 454//969 468//969
f 461//970 456//970 466//970
f 452//971 458//971 467//971
f 446//972 474//972 470//972
f 447//973 471//973 463//973
f 471//974 447//974 462//974
f 463//975 448//975 453//975
f 472//976 459//976 461//976
f 478//977 479//977 490//977
f 491//978 475//978 480//978
f 476//979 489//979 477//979
f 481//980 482//980 492//980
f 491//981 493//981 475//981
f 488//982 475//982 502//982
f 476//983 488//983 497//983
f 483//984 500//984 482//984
f 482//985 495//985 492//985
f 494//986 484//986 485//986
f 495//987 482//987 500//987
f 501//988 480//988 481//988
f 496//989 480//989 501//989
f 491//990 480//990 496//990
f 493//991 491//991 496//991
f 487//992 485//992 486//992
f 499//993 483//993 484//993
f 490//994 479//994 485//994
f 486//995 485//995 479//995
f 494//996 485//996 487//996
f 499//997 484//997 494//997
f 500//998 483//998 499//998
f 497//999 488//999 504//999
f 498//1000 476//1000 497//1000
f 498//1001 489//1001 476//1001
f 477//1002 489//1002 503//1002
f 478//1003 490//1003 477//1003
f 481//1004 492//1004 501//1004
f 502//1005 475//1005 493//1005
f 477//1006 503//1006 478//1006
f 503//1007 489//1007 498//1007
f 502//1008 504//1008 488//1008
f 518//1009 513//1009 516//1009
f 520//1010 512//1010 513//1010
f 506//1011 505//1011 519//1011
f 506//1012 522//1012 507//1012
f 506//1013 521//1013 522//1013
f 508//1014 507//1014 517//1014
f 535//1015 509//1015 508//1015
f 515//1016 514//1016 509//1016
f 513//1017 518//1017 531//1017
f 511//1018 512//1018 525//1018
f 513//1019 531//1019 528//1019
f 519//1020 534//1020 506//1020
f 506//1021 534//1021 521//1021
f 520//1022 513//1022 528//1022
f 526//1023 505//1023 511//1023
f 517//1024 535//1024 508//1024
f 510//1025 509//1025 535//1025
f 524//1026 520//1026 528//1026
f 512//1027 520//1027 529//1027
f 526//1028 511//1028 530//1028
f 519//1029 505//1029 533//1029
f 523//1030 507//1030 522//1030
f 509//1031 510//1031 515//1031
f 527//1032 514//1032 515//1032
f 516//1033 514//1033 527//1033
f 518//1034 516//1034 532//1034
f 525//1035 512//1035 529//1035
f 530//1036 511//1036 525//1036
f 533//1037 505//1037 526//1037
f 517//1038 507//1038 523//1038
f 520//1039 524//1039 529//1039
f 531//1040 518//1040 532//1040
f 527//1041 532//1041 516//1041
f 519//1042 533//1042 534//1042
f 551//1043 549//1043 545//1043
f 545//1044 550//1044 541//1044
f 548//1045 562//1045 537//1045
f 551//1046 555//1046 549//1046
f 543//1047 554//1047 551//1047
f 545//1048 549//1049 552//1050
f 541//1051 550//1051 553//1051
f 544//1052 543//1052 542//1052
f 546//1053 540//1053 560//1053
f 548//1054 536//1054 558//1054
f 556//1055 541//1055 553//1055
f 540//1056 541//1056 560//1056
f 565//1057 546//1057 560//1057
f 547//1058 546//1058 557//1058
f 562//1059 548//1059 564//1059
f 539//1060 537//1060 562//1060
f 538//1061 542//1061 537//1061
f 559//1062 543//1062 544//1062
f 554//1063 543//1063 559//1063
f 550//1064 545//1064 552//1064
f 560//1065 541//1065 556//1065
f 544//1066 542//1067 538//1068
f 546//1069 565//1069 557//1069
f 561//1070 547//1070 557//1070
f 536//1071 563//1071 558//1071
f 539//1072 538//1073 537//1074
f 555//1075 551//1075 554//1075
f 563//1076 547//1076 561//1076
f 563//1077 536//1077 547//1077
f 564//1078 548//1078 558//1078
f 572//1079 573//1079 577//1079
f 580//1080 579//1080 568//1080
f 568//1081 578//1081 569//1081
f 575//1082 574//1082 581//1082
f 572//1083 588//1083 576//1083
f 573//1084 574//1084 583//1084
f 569//1085 570//1085 581//1085
f 576//1086 582//1086 566//1086
f 590//1087 567//1087 566//1087
f 578//1088 568//1088 592//1088
f 592//1089 568//1089 579//1089
f 584//1090 569//1091 578//1092
f 571//1093 575//1093 581//1093
f 586//1094 574//1095 575//1096
f 585//1097 577//1097 573//1097
f 585//1098 573//1098 591//1098
f 585//1099 572//1099 577//1099
f 594//1100 580//1100 567//1100
f 593//1101 579//1101 580//1101
f 570//1102 569//1102 584//1102
f 583//1103 574//1104 586//1105
f 587//1106 572//1106 585//1106
f 589//1107 576//1107 588//1107
f 590//1108 566//1108 582//1108
f 591//1109 573//1109 583//1109
f 572//1110 587//1110 588//1110
f 576//1111 589//1112 582//1111
f 570//1113 571//1113 581//1113
f 594//1114 567//1114 590//1114
f 593//1115 580//1115 594//1116
f 599//1117 604//1117 605//1117
f 613//1118 606//1118 611//1118
f 597//1119 603//1120 601//1121
f 601//1122 609//1122 607//1122
f 604//1123 608//1124 605//1125
f 598//1126 597//1127 611//1128
f 601//1129 603//1129 609//1129
f 600//1130 607//1130 614//1130
f 595//1131 610//1131 596//1131
f 604//1132 615//1132 608//1132
f 605//1133 612//1133 599//1133
f 616//1134 595//1135 599//1136
f 602//1137 597//1137 598//1137
f 623//1138 604//1138 600//1138
f 615//1139 604//1140 623//1141
f 613//1142 596//1142 619//1142
f 597//1143 602//1143 603//1143
f 618//1144 607//1145 609//1146
f 614//1147 607//1147 618//1147
f 617//1148 600//1148 614//1148
f 616//1149 599//1149 612//1149
f 610//1150 595//1151 621//1152
f 621//1153 595//1153 616//1153
f 619//1154 596//1154 610//1154
f 622//1155 613//1156 619//1157
f 613//1158 622//1158 606//1158
f 620//1159 611//1160 606//1161
f 617//1162 623//1162 600//1162
f 608//1163 612//1163 605//1163
f 611//1164 620//1165 598//1166
f 374//1167 634//1167 632//1167
f 635//1168 624//1168 637//1168
f 631//1169 638//1169 630//1169
f 632//1170 634//1170 631//1170
f 628//1171 639//1172 627//1173
f 640//1174 624//1174 635//1174
f 642//1175 636//1175 624//1175
f 638//1176 643//1176 630//1176
f 633//1177 632//1177 625//1177
f 629//1178 641//1179 628//1180
f 637//1181 645//1181 635//1181
f 624//1182 646//1182 642//1182
f 647//1183 638//1183 631//1183
f 641//1184 629//1184 650//1184
f 644//1185 628//1185 641//1186
f 639//1187 628//1187 644//1187
f 652//1188 626//1188 636//1188
f 626//1189 625//1189 636//1189
f 653//1190 631//1190 634//1190
f 647//1191 631//1192 653//1193
f 650//1194 629//1194 630//1194
f 640//1195 635//1195 645//1195
f 649//1196 624//1196 640//1196
f 646//1197 624//1197 649//1197
f 626//1198 633//1198 625//1199
f 643//1200 638//1200 647//1200
f 650//1201 630//1201 643//1201
f 651//1202 637//1203 627//1204
f 648//1205 637//1206 651//1207
f 632//1208 633//1208 374//1208
f 637//1209 648//1210 645//1211
f 652//1212 636//1212 642//1212
f 627//1213 639//1213 651//1213
f 671//1214 659//1214 668//1214
f 667//1215 656//1215 655//1215
f 665//1216 663//1216 661//1216
f 658//1217 663//1218 665//1219
f 660//1220 670//1220 668//1220
f 659//1221 676//1221 654//1221
f 669//1222 655//1222 654//1222
f 654//1223 674//1223 669//1223
f 655//1224 675//1224 667//1224
f 656//1225 667//1225 672//1225
f 671//1226 680//1226 659//1226
f 676//1227 673//1228 654//1229
f 654//1230 673//1230 674//1230
f 655//1231 669//1231 675//1231
f 664//1232 662//1233 661//1234
f 670//1235 660//1235 678//1235
f 664//1236 661//1236 663//1236
f 677//1237 662//1237 681//1237
f 684//1238 656//1238 672//1238
f 677//1239 666//1239 662//1239
f 679//1240 668//1240 670//1240
f 679//1241 671//1241 668//1241
f 680//1242 671//1242 679//1242
f 685//1243 659//1243 680//1243
f 676//1244 659//1244 685//1244
f 657//1245 665//1245 656//1245
f 662//1246 664//1246 681//1246
f 660//1247 683//1247 678//1247
f 683//1248 660//1248 666//1248
f 667//1249 682//1249 672//1249
f 657//1250 656//1250 684//1250
f 683//1251 666//1251 677//1251
f 682//1252 667//1252 675//1252
f 665//1253 657//1254 658//1255
f 688//1256 687//1256 701//1256
f 686//1257 697//1258 698//1257
f 697//1259 686//1259 690//1259
f 688//1260 704//1260 700//1260
f 690//1261 689//1261 697//1261
f 702//1262 694//1262 695//1262
f 693//1263 703//1264 692//1265
f 695//1266 706//1266 702//1266
f 693//1267 694//1267 705//1268
f 696//1269 706//1269 695//1269
f 700//1270 717//1271 690//1272
f 706//1273 696//1274 708//1275
f 703//1276 693//1276 705//1276
f 707//1277 687//1277 699//1277
f 710//1278 688//1278 701//1278
f 717//1279 689//1280 690//1281
f 708//1282 696//1282 686//1282
f 708//1283 686//1283 698//1283
f 705//1284 694//1284 711//1284
f 699//1285 692//1285 712//1285
f 701//1286 687//1287 707//1288
f 711//1289 694//1289 702//1289
f 709//1290 699//1290 712//1290
f 713//1291 704//1291 688//1291
f 717//1292 700//1292 716//1292
f 697//1293 689//1293 691//1293
f 692//1294 715//1294 712//1294
f 699//1295 709//1296 707//1297
f 701//1298 714//1298 710//1298
f 713//1299 688//1299 710//1299
f 716//1300 700//1300 704//1300
f 714//1301 701//1301 707//1301
f 703//1302 715//1303 692//1302
f 704//1304 713//1304 716//1304
f 731//1305 718//1305 723//1305
f 727//1306 728//1306 726//1306
f 725//1307 732//1307 724//1307
f 719//1308 718//1308 735//1308
f 730//1309 733//1309 720//1309
f 726//1310 734//1310 725//1310
f 726//1311 728//1312 739//1313
f 723//1314 724//1314 743//1314
f 721//1315 736//1315 727//1315
f 726//1316 739//1316 734//1316
f 725//1317 737//1317 744//1317
f 725//1318 744//1318 732//1318
f 736//1319 729//1319 727//1320
f 737//1321 725//1321 734//1321
f 738//1322 723//1322 743//1322
f 728//1323 727//1323 729//1323
f 746//1324 731//1325 723//1326
f 741//1327 719//1327 735//1327
f 730//1328 719//1328 742//1328
f 720//1329 733//1329 749//1329
f 721//1330 720//1331 722//1332
f 745//1333 724//1334 732//1335
f 743//1336 724//1336 745//1336
f 747//1337 718//1337 731//1337
f 740//1338 718//1339 747//1338
f 748//1340 733//1340 730//1340
f 722//1341 720//1341 749//1341
f 746//1342 723//1342 738//1342
f 718//1343 740//1343 735//1343
f 719//1344 741//1344 742//1344
f 722//1345 736//1345 721//1345
f 747//1346 731//1346 746//1346
f 748//1347 730//1347 742//1347
f 749//1348 733//1348 748//1348
f 732//1349 744//1349 745//1349
f 763//1305 750//1305 755//1305
f 759//1306 760//1306 758//1306
f 757//1307 764//1307 756//1307
f 751//1308 750//1308 767//1308
f 762//1309 765//1309 752//1309
f 758//1310 766//1310 757//1310
f 758//1311 760//1312 771//1313
f 755//1314 756//1314 775//1314
f 753//1315 768//1315 759//1315
f 758//1316 771//1316 766//1316
f 757//1317 769//1317 776//1317
f 757//1318 776//1318 764//1318
f 768//1350 761//1319 759//1320
f 769//1321 757//1321 766//1321
f 770//1322 755//1322 775//1322
f 760//1351 759//1351 761//1352
f 778//1324 763//1325 755//1353
f 773//1327 751//1327 767//1327
f 762//1328 751//1328 774//1328
f 752//1354 765//1355 781//1356
f 753//1357 752//1331 754//1358
f 777//1333 756//1335 764//1335
f 775//1359 756//1359 777//1359
f 779//1337 750//1337 763//1337
f 772//1360 750//1360 779//1360
f 780//1340 765//1340 762//1340
f 754//1341 752//1341 781//1341
f 778//1361 755//1361 770//1361
f 750//1362 772//1362 767//1362
f 751//1344 773//1344 774//1344
f 754//1363 768//1363 753//1363
f 779//1364 763//1364 778//1364
f 780//1365 762//1366 774//1366
f 781//1367 765//1368 780//1369
f 764//1370 776//1370 777//1370
f 826//1457 451//1457 450//1457
f 451//1458 828//1458 452//1458
f 826//1459 454//1459 829//1459
f 459//1460 834//1460 832//1460
f 445//1461 833//1461 459//1461
f 449//1462 459//1462 832//1462
f 831//1463 447//1463 830//1463
f 447//1464 453//1464 835//1464
f 449//1465 829//1465 454//1465
f 449//1466 832//1466 829//1466
f 454//1467 826//1467 450//1467
f 451//1468 826//1468 827//1468
f 451//1469 827//1469 828//1469
f 452//1470 828//1470 453//1470
f 453//1471 828//1471 835//1471
f 447//1472 835//1472 830//1472
f 447//1473 831//1473 446//1473
f 446//1474 831//1474 445//1474
f 445//1475 831//1475 833//1475
f 459//1476 833//1476 834//1476
f 483//1477 837//1477 484//1477
f 483//1478 482//1478 837//1478
f 485//1479 484//1479 838//1479
f 837//1480 482//1480 839//1480
f 836//1481 485//1481 838//1481
f 485//1482 836//1482 490//1482
f 490//1483 844//1483 477//1483
f 475//1484 840//1484 480//1484
f 476//1485 843//1485 488//1485
f 841//1486 477//1486 844//1486
f 480//1487 839//1487 481//1487
f 480//1488 840//1488 839//1488
f 481//1489 839//1489 482//1489
f 484//1490 837//1490 838//1490
f 490//1491 836//1491 844//1491
f 477//1492 841//1492 476//1492
f 476//1493 841//1493 843//1493
f 488//1494 843//1494 842//1494
f 475//1495 488//1495 842//1495
f 842//1496 840//1496 475//1496
f 509//1497 514//1497 845//1497
f 513//1498 846//1498 516//1498
f 516//1499 848//1499 514//1499
f 846//1500 513//1500 849//1500
f 505//1501 853//1501 511//1501
f 506//1502 507//1502 852//1502
f 507//1503 851//1503 852//1503
f 507//1504 508//1504 851//1504
f 511//1505 853//1505 850//1505
f 512//1506 511//1506 850//1506
f 845//1507 508//1507 509//1507
f 512//1508 850//1508 513//1508
f 845//1509 514//1509 848//1509
f 850//1510 849//1510 513//1510
f 516//1511 846//1511 847//1511
f 516//1512 847//1512 848//1512
f 508//1513 845//1513 851//1513
f 506//1514 852//1514 853//1514
f 505//1515 506//1515 853//1515
f 551//1516 855//1516 543//1516
f 543//1517 857//1517 542//1517
f 855//1518 551//1518 858//1518
f 542//1519 854//1519 537//1519
f 540//1520 862//1520 541//1520
f 547//1521 536//1521 861//1521
f 536//1522 860//1522 861//1522
f 541//1523 862//1523 859//1523
f 854//1524 548//1524 537//1524
f 541//1525 859//1525 545//1525
f 854//1526 542//1526 857//1526
f 859//1527 858//1527 545//1527
f 545//1528 858//1528 551//1528
f 543//1529 855//1529 856//1529
f 543//1530 856//1530 857//1530
f 548//1531 854//1531 860//1531
f 548//1532 860//1532 536//1532
f 547//1533 861//1533 546//1533
f 546//1534 861//1534 862//1534
f 540//1535 546//1535 862//1535
f 863//1536 574//1536 573//1536
f 573//1537 865//1537 863//1537
f 872//1538 569//1538 581//1538
f 868//1539 567//1539 580//1539
f 568//1540 867//1540 868//1540
f 866//1541 576//1541 871//1541
f 576//1542 566//1542 871//1542
f 569//1543 867//1543 568//1543
f 572//1544 576//1544 866//1544
f 572//1545 866//1545 865//1545
f 572//1546 865//1546 573//1546
f 574//1547 863//1547 864//1547
f 574//1548 864//1548 581//1548
f 581//1549 864//1549 872//1549
f 569//1550 872//1550 867//1550
f 568//1551 868//1551 580//1551
f 567//1552 868//1552 869//1552
f 567//1553 869//1553 870//1553
f 566//1554 567//1554 870//1554
f 566//1555 870//1555 871//1555
f 873//1556 601//1556 607//1556
f 600//1557 873//1557 607//1557
f 600//1558 875//1558 873//1558
f 875//1559 600//1559 604//1559
f 604//1560 599//1560 876//1560
f 597//1561 877//1561 611//1561
f 596//1562 881//1562 595//1562
f 613//1563 878//1563 880//1563
f 876//1564 599//1564 879//1564
f 613//1565 611//1565 878//1565
f 604//1566 876//1566 875//1566
f 601//1567 873//1567 874//1567
f 601//1568 874//1568 597//1568
f 597//1569 874//1569 882//1569
f 597//1570 882//1570 877//1570
f 611//1571 877//1571 878//1571
f 613//1572 880//1572 596//1572
f 596//1573 880//1573 881//1573
f 881//1574 599//1574 595//1574
f 881//1575 879//1575 599//1575
f 630//1576 883//1576 631//1576
f 632//1577 631//1577 883//1577
f 630//1578 885//1578 883//1578
f 887//1579 636//1579 625//1579
f 889//1580 637//1580 891//1580
f 624//1581 888//1581 890//1581
f 627//1582 889//1582 886//1582
f 886//1583 628//1583 627//1583
f 886//1584 885//1584 628//1584
f 624//1585 636//1585 888//1585
f 628//1586 885//1586 629//1586
f 629//1587 885//1587 630//1587
f 632//1588 883//1588 884//1588
f 632//1589 884//1589 625//1589
f 625//1590 884//1590 892//1590
f 625//1591 892//1591 887//1591
f 636//1592 887//1592 888//1592
f 624//1593 890//1593 891//1593
f 624//1594 891//1594 637//1594
f 637//1595 889//1595 627//1595
f 666//1596 894//1596 662//1596
f 660//1597 894//1597 666//1597
f 894//1598 660//1598 896//1598
f 661//1599 662//1599 895//1599
f 899//1600 655//1600 898//1600
f 659//1601 654//1601 900//1601
f 659//1602 900//1602 897//1602
f 893//1603 656//1603 665//1603
f 897//1604 668//1604 659//1604
f 665//1605 661//1605 893//1605
f 893//1606 661//1606 895//1606
f 897//1607 896//1607 668//1607
f 668//1608 896//1608 660//1608
f 662//1609 894//1609 895//1609
f 656//1610 893//1610 898//1610
f 656//1611 898//1611 655//1611
f 655//1612 899//1612 654//1612
f 654//1613 899//1613 900//1613
f 696//1614 695//1614 901//1614
f 696//1615 902//1615 686//1615
f 901//1616 694//1616 903//1616
f 693//1617 692//1617 903//1617
f 905//1618 690//1618 686//1618
f 690//1619 905//1619 700//1619
f 687//1620 688//1620 908//1620
f 700//1621 906//1621 908//1621
f 692//1622 904//1622 903//1622
f 693//1623 903//1623 694//1623
f 694//1624 901//1624 695//1624
f 696//1625 901//1625 902//1625
f 686//1626 902//1626 910//1626
f 686//1627 910//1627 905//1627
f 700//1628 905//1628 906//1628
f 700//1629 908//1629 688//1629
f 687//1630 908//1630 909//1630
f 687//1631 909//1631 907//1631
f 907//1632 699//1632 687//1632
f 907//1633 904//1633 699//1633
f 699//1634 904//1634 692//1634
f 725//1635 911//1635 726//1635
f 725//1636 913//1636 911//1636
f 726//1637 912//1637 727//1637
f 916//1638 917//1638 730//1638
f 719//1639 730//1639 917//1639
f 918//1640 718//1640 917//1640
f 723//1641 718//1641 918//1641
f 720//1642 721//1642 915//1642
f 723//1643 918//1643 914//1643
f 914//1644 724//1644 723//1644
f 914//1645 913//1645 724//1645
f 724//1646 913//1646 725//1646
f 726//1647 911//1647 912//1647
f 727//1648 912//1648 721//1648
f 721//1649 912//1649 919//1649
f 721//1650 919//1650 915//1650
f 720//1651 915//1651 916//1651
f 720//1652 916//1652 730//1652
f 718//1653 719//1653 917//1653
f 757//1635 920//1635 758//1635
f 757//1636 922//1636 920//1636
f 758//1637 921//1637 759//1637
f 751//1654 762//1654 927//1654
f 926//1655 750//1655 927//1655
f 927//1656 762//1656 925//1656
f 755//1641 750//1641 926//1641
f 752//1642 753//1642 924//1642
f 755//1643 926//1643 923//1643
f 923//1644 756//1644 755//1644
f 923//1645 922//1645 756//1645
f 756//1646 922//1646 757//1646
f 758//1647 920//1647 921//1647
f 759//1648 921//1648 753//1648
f 753//1657 921//1657 928//1657
f 753//1650 928//1650 924//1650
f 752//1658 924//1658 925//1658
f 752//1659 925//1659 762//1659
f 750//1660 751//1660 927//1660
f 828//1663 827//1663 979//1663
f 978//1664 826//1664 829//1664
f 980//1665 829//1665 832//1665
f 978//1666 827//1666 826//1666
f 830//1667 835//1667 981//1667
f 833//1668 831//1668 982//1668
f 833//1669 983//1669 834//1669
f 983//1670 832//1670 834//1670
f 831//63 830//63 982//63
f 979//1671 835//1671 828//1671
f 984//1672 837//1672 839//1672
f 840//1673 986//1673 839//1673
f 837//1674 985//1674 838//1674
f 836//1675 838//1675 985//1675
f 843//1676 841//1676 988//1676
f 840//1677 842//1677 989//1677
f 842//1678 843//1678 989//1678
f 987//1679 844//1679 836//1679
f 841//1680 844//1680 988//1680
f 848//1681 847//1681 991//1681
f 990//1682 846//1682 849//1682
f 992//1683 850//1683 853//1683
f 850//1684 992//1684 849//1684
f 990//1685 847//1685 846//1685
f 991//1686 845//1686 848//1686
f 851//1687 845//1687 993//1687
f 852//1688 995//1688 853//1688
f 851//1689 994//1689 852//1689
f 857//1681 856//1681 997//1681
f 996//1682 855//1682 858//1682
f 998//1683 859//1683 862//1683
f 859//1684 998//1684 858//1684
f 996//1685 856//1685 855//1685
f 997//1686 854//1686 857//1686
f 860//1690 854//1690 999//1690
f 861//1691 1001//1691 862//1691
f 860//1692 1000//1692 861//1692
f 1002//1693 863//1693 865//1693
f 864//1694 863//1694 1003//1694
f 871//1695 1004//1695 866//1695
f 866//1696 1004//1696 865//1696
f 869//1697 1007//1697 870//1697
f 1007//1698 871//1698 870//1698
f 1006//1699 868//1699 867//1699
f 1006//1700 869//1700 868//1700
f 872//1701 1005//1701 867//1701
f 1003//1702 872//1702 864//1702
f 1008//1703 873//1703 875//1703
f 874//1694 873//1694 1009//1694
f 878//1704 877//1704 1010//1704
f 1011//1705 876//1705 879//1705
f 876//1706 1011//1706 875//1706
f 877//1707 882//1707 1010//1707
f 879//1708 881//1708 1013//1708
f 1012//1709 880//1709 878//1709
f 1012//1710 881//1710 880//1710
f 1009//1711 882//1711 874//1711
f 1014//1712 883//1712 885//1712
f 884//1713 883//1713 1015//1713
f 888//1714 887//1714 1016//1714
f 889//1715 1017//1715 886//1715
f 885//1716 886//1716 1017//1716
f 887//1707 892//1707 1016//1707
f 891//1717 1019//1717 889//1717
f 1018//1718 890//1718 888//1718
f 1018//1719 891//1720 890//1721
f 1015//1722 892//1722 884//1722
f 895//1723 894//1723 1021//1723
f 1022//1724 897//1724 900//1724
f 897//1725 1022//1725 896//1725
f 896//1726 1020//1726 894//1726
f 1021//58 893//58 895//58
f 898//1727 893//1727 1023//1727
f 899//1728 1025//1728 900//1728
f 899//1729 898//1729 1024//1729
f 1026//1730 901//1730 903//1730
f 904//1731 1028//1731 903//1731
f 910//1732 902//1732 1027//1732
f 906//1733 905//1733 1029//1733
f 904//1734 907//1734 1030//1734
f 909//1735 908//1735 906//1735
f 907//1736 909//1736 1030//1736
f 905//1737 910//1737 1029//1737
f 902//1738 901//1738 1027//1738
f 1031//1739 911//1739 913//1739
f 912//1694 911//1694 1032//1694
f 916//1740 915//1740 1033//1740
f 918//1741 1034//1741 914//1741
f 913//1742 914//1742 1034//1742
f 915//1743 919//1743 1033//1743
f 917//1744 1036//1744 918//1744
f 917//1745 916//1745 1035//1745
f 1032//1746 919//1746 912//1746
f 1037//1739 920//1739 922//1739
f 921//1694 920//1694 1038//1694
f 925//1747 924//1747 1039//1747
f 926//1741 1040//1741 923//1741
f 922//1742 923//1742 1040//1742
f 924//1743 928//1743 1039//1743
f 927//1748 1042//1748 926//1748
f 927//1749 925//1749 1041//1749
f 1038//1746 928//1746 921//1746
f 1092//1804 827//1804 1093//1804
f 827//1805 1092//1805 979//1805
f 979//1806 1092//1806 1094//1806
f 979//1807 1094//1807 835//1807
f 1095//1808 981//1808 1094//1808
f 981//1809 835//1809 1094//1809
f 981//1810 1095//1810 830//1810
f 830//106 1095//106 1096//106
f 1097//107 982//107 1096//107
f 982//108 830//108 1096//108
f 982//1811 1097//1811 833//1811
f 833//1812 1097//1812 1098//1812
f 1099//1813 833//1813 1098//1813
f 833//1814 1099//1814 983//1814
f 983//1815 1099//1815 1100//1815
f 983//1816 1100//1816 832//1816
f 1101//115 980//115 1100//115
f 980//1817 832//1817 1100//1817
f 980//117 1101//117 829//117
f 829//1818 1101//1818 1102//1818
f 1103//119 829//119 1102//119
f 829//1819 1103//1819 978//1819
f 978//1820 1103//1820 1093//1820
f 978//1821 1093//1821 827//1821
f 1104//1822 985//1822 1105//1822
f 985//1823 837//1823 1105//1823
f 985//1824 1104//1824 836//1824
f 836//1825 1104//1825 1106//1825
f 1107//103 987//103 1106//103
f 987//1826 836//1826 1106//1826
f 987//1827 1107//1827 844//1827
f 844//1828 1107//1828 1108//1828
f 1109//107 988//107 1108//107
f 988//1829 844//1829 1108//1829
f 988//1830 1109//1830 843//1830
f 843//1831 1109//1831 1110//1831
f 1111//1832 989//1832 1110//1832
f 989//1833 843//1833 1110//1833
f 989//1834 1111//1834 840//1834
f 840//1835 1111//1835 1112//1835
f 1113//1836 986//1836 1112//1836
f 986//1837 840//1837 1112//1837
f 986//1838 1113//1838 839//1838
f 839//1839 1113//1839 1114//1839
f 1115//1840 839//1840 1114//1840
f 839//1841 1115//1841 984//1841
f 984//1820 1115//1820 1105//1820
f 984//1842 1105//1842 837//1842
f 1116//1843 847//1843 1117//1843
f 847//1844 1116//1844 991//1844
f 991//1845 1116//1845 1118//1845
f 991//102 1118//102 845//102
f 1119//103 993//103 1118//103
f 993//1846 845//1846 1118//1846
f 993//1847 1119//1847 851//1847
f 851//1848 1119//1848 1120//1848
f 1121//1849 994//1849 1120//902
f 994//1850 851//1850 1120//1850
f 994//1851 1121//1851 852//1851
f 852//1852 1121//1852 1122//1852
f 1123//1853 852//1853 1122//1853
f 852//1854 1123//1854 995//1854
f 995//1855 1123//1855 1124//1855
f 995//1856 1124//1856 853//1856
f 1125//115 992//115 1124//115
f 992//1857 853//1857 1124//1857
f 992//1858 1125//1858 849//1858
f 849//1859 1125//1859 1126//1859
f 1117//1860 849//1860 1126//1861
f 849//1862 1117//1862 990//1862
f 990//1863 1117//1863 847//1863
f 1127//1864 856//1864 1128//1864
f 856//1865 1127//1865 997//1865
f 997//1866 1127//1866 854//1866
f 1129//1867 999//1867 1127//1867
f 999//1868 854//1868 1127//1868
f 999//1847 1129//1847 860//1847
f 860//1869 1129//1869 1130//1869
f 1131//1849 1000//1849 1130//902
f 1000//1870 860//1870 1130//1870
f 1000//1871 1131//1871 861//1871
f 861//1872 1131//1872 1132//1872
f 1133//1873 861//1873 1132//1873
f 861//1874 1133//1874 1001//1874
f 1001//1815 1133//1815 1134//1815
f 1001//1875 1134//1875 862//1875
f 1135//1876 998//1876 1134//1876
f 998//1857 862//1857 1134//1857
f 998//1877 1135//1877 858//1877
f 858//1878 1135//1878 1136//1878
f 1128//1860 858//1860 1136//1861
f 858//1862 1128//1862 996//1862
f 996//1863 1128//1863 856//1863
f 1137//1879 863//1879 1138//1879
f 863//1880 1137//1880 1003//1880
f 1003//1881 1137//1881 1139//1881
f 1003//1882 1139//1882 872//1882
f 1140//103 1005//103 1139//103
f 1005//1883 872//1883 1139//1883
f 1005//1884 1140//1884 867//1884
f 867//1885 1140//1885 1141//1885
f 1142//1886 867//1886 1141//1886
f 867//1887 1142//1887 1006//1887
f 1006//1888 1142//1888 1143//1888
f 1006//1889 1143//1889 869//1889
f 1144//1890 869//1890 1143//1890
f 869//1891 1144//1891 1007//1891
f 1007//1892 1144//1892 1145//1892
f 1007//1893 1145//1893 871//1893
f 1146//1894 871//1894 1145//1894
f 871//1895 1146//1895 1004//1895
f 1004//1896 1146//1896 1147//1896
f 1004//1897 1147//1897 865//1897
f 1148//1898 1002//1898 1147//1898
f 1002//1899 865//1899 1147//1899
f 1002//1900 1148//1900 863//1900
f 863//1901 1148//1901 1138//1901
f 1149//1879 873//1879 1150//1879
f 873//1880 1149//1880 1009//1880
f 1009//1881 1149//1881 1151//1881
f 1009//1902 1151//1902 882//1902
f 1152//1903 882//1903 1151//1903
f 882//1904 1152//1904 1010//1904
f 1010//1905 1152//1905 1153//1905
f 1010//1906 1153//1906 878//1906
f 1154//1907 878//1907 1153//1907
f 878//1908 1154//1908 1012//1908
f 1012//1849 1154//1849 1155//1849
f 1012//1909 1155//1909 881//1909
f 1156//111 1013//111 1155//111
f 1013//1910 881//1910 1155//1910
f 1013//1911 1156//1911 879//1911
f 879//1912 1156//1912 1157//1912
f 1158//115 1011//115 1157//115
f 1011//1913 879//1913 1157//1913
f 1011//1914 1158//1914 875//1914
f 875//1915 1158//1915 1159//1915
f 1160//1898 1008//1898 1159//1898
f 1008//1916 875//1916 1159//1916
f 1008//1917 1160//1917 873//1917
f 873//1918 1160//1918 1150//1918
f 1161//1919 883//1919 1162//1919
f 883//1920 1161//1920 1015//1920
f 1015//101 1161//101 1163//101
f 1015//1902 1163//1902 892//1902
f 1164//1903 892//1903 1163//1903
f 892//1904 1164//1904 1016//1904
f 1016//1905 1164//1905 1165//1905
f 1016//1921 1165//1921 888//1921
f 1166//1922 888//1922 1165//1922
f 888//1923 1166//1923 1018//1923
f 1018//1924 1166//1924 1167//1924
f 1018//1925 1167//1925 891//1925
f 1168//111 1019//111 1167//111
f 1019//1926 891//1926 1167//1926
f 1019//1927 1168//1927 889//1927
f 889//1928 1168//1928 1169//1928
f 1170//1929 889//1929 1169//1929
f 889//1930 1170//1930 1017//1930
f 1017//1896 1170//1896 1171//1896
f 1017//1931 1171//1931 885//1931
f 1172//1932 885//1932 1171//1932
f 885//1933 1172//1933 1014//1933
f 1014//857 1172//857 1162//857
f 1014//1934 1162//1934 883//1934
f 1173//1935 894//1935 1174//1935
f 894//1936 1173//1936 1021//1936
f 1021//1881 1173//1881 1175//1881
f 1021//1937 1175//1937 893//1937
f 1176//103 1023//103 1175//103
f 1023//1938 893//1938 1175//1938
f 1023//1939 1176//1939 898//1939
f 898//1940 1176//1940 1177//1940
f 1178//1941 1024//1941 1177//1941
f 1024//1942 898//1942 1177//1942
f 1024//1943 1178//1943 899//1943
f 899//1944 1178//1945 1179//1945
f 1180//1946 899//1946 1179//1946
f 899//1947 1180//1947 1025//1947
f 1025//1948 1180//1948 900//1948
f 1181//1949 1022//1949 1180//1949
f 1022//1950 900//1950 1180//1950
f 1022//1951 1181//1951 896//1951
f 896//1952 1181//1952 1182//1952
f 1183//1898 1020//1898 1182//1898
f 1020//1953 896//1953 1182//1953
f 1020//1954 1183//1954 894//1954
f 894//1955 1183//1955 1174//1955
f 1184//1822 1027//1822 1185//1822
f 1027//1956 901//1956 1185//1956
f 1027//1957 1184//1957 910//1957
f 910//1958 1184//1958 1186//1958
f 1187//1959 1029//1959 1186//1959
f 1029//1960 910//1960 1186//1960
f 1029//1961 1187//1961 906//1961
f 906//1962 1187//1962 1188//1962
f 1189//1963 906//1963 1188//1963
f 906//1964 1189//1964 909//1964
f 909//1965 1189//1965 1190//1965
f 1191//111 1030//111 1190//111
f 1030//1966 909//1966 1190//1966
f 1030//1967 1191//1967 904//1967
f 904//1968 1191//1968 1192//1968
f 1193//1969 904//1969 1192//1969
f 904//1970 1193//1970 1028//1970
f 1028//1896 1193//1896 1194//1896
f 1028//1971 1194//1971 903//1971
f 1195//1972 903//1972 1194//1972
f 903//1973 1195//1973 1026//1973
f 1026//857 1195//857 1185//857
f 1026//1974 1185//1974 901//1974
f 1196//1975 911//1975 1197//1975
f 911//1880 1196//1880 1032//1880
f 1032//101 1196//101 1198//101
f 1032//1976 1198//1976 919//1976
f 1199//1977 919//1977 1198//1977
f 919//1978 1199//1978 1033//1978
f 1033//1905 1199//1905 1200//1905
f 1033//1979 1200//1979 916//1979
f 1201//1980 1035//1980 1200//1980
f 1035//1981 916//1981 1200//1981
f 1035//1982 1201//1982 917//1982
f 917//1983 1201//1983 1202//1983
f 1203//111 1036//111 1202//111
f 1036//1984 917//1984 1202//1984
f 1036//1985 1203//1985 918//1985
f 918//1986 1203//1986 1204//1986
f 1205//1987 918//1987 1204//1987
f 918//1988 1205//1988 1034//1988
f 1034//1989 1205//1989 1206//1989
f 1034//1990 1206//1990 913//1990
f 1197//1991 1031//1991 1206//1991
f 1031//1992 913//1992 1206//1992
f 1031//1993 1197//1993 911//1993
f 1207//1975 920//1975 1208//1975
f 920//1994 1207//1994 1038//1994
f 1038//101 1207//101 1209//101
f 1038//1976 1209//1976 928//1976
f 1210//1977 928//1977 1209//1977
f 928//1978 1210//1978 1039//1978
f 1039//1905 1210//1905 1211//1905
f 1039//1995 1211//1995 925//1995
f 1212//1980 1041//1980 1211//1980
f 1041//1996 925//1996 1211//1996
f 1041//1997 1212//1997 927//1997
f 927//1998 1212//1998 1213//1998
f 1214//111 1042//111 1213//111
f 1042//1999 927//1999 1213//1999
f 1042//1985 1214//1985 926//1985
f 926//1986 1214//1986 1215//1986
f 1216//2000 926//2000 1215//2000
f 926//1988 1216//1988 1040//1988
f 1040//1989 1216//1989 1217//1989
f 1040//1990 1217//1990 922//1990
f 1208//2001 1037//2001 1217//2001
f 1037//2002 922//2002 1217//2002
f 1037//1993 1208//1993 920//1993
f 1098//2005 1219//2005 1099//2005
f 1097//2006 1219//2006 1098//2006
f 1096//2007 1095//2007 1219//2007
f 1220//2008 1094//2008 1092//2008
f 1103//2009 1218//2010 1220//2011
f 1102//2012 1218//2012 1103//2012
f 1218//2013 1102//2013 1101//2013
f 1101//2014 1100//2014 1218//2014
f 1093//2015 1103//2015 1220//2015
f 1093//2016 1220//2016 1092//2016
f 1095//2017 1094//2017 1220//2017
f 1219//2018 1095//2018 1220//2018
f 1096//2019 1219//2019 1097//2019
f 1218//2020 1099//2020 1219//2020
f 1218//2021 1100//2021 1099//2021
f 1110//2022 1221//2022 1111//2022
f 1109//2023 1221//2023 1110//2023
f 1109//2024 1222//2024 1221//2024
f 1108//2025 1107//2025 1222//2025
f 1222//2026 1106//2026 1104//2026
f 1115//2027 1223//2027 1222//2027
f 1114//2028 1223//2028 1115//2028
f 1223//2029 1114//2029 1113//2029
f 1113//2030 1112//2030 1221//2030
f 1221//2031 1223//2031 1113//2031
f 1105//2032 1115//2032 1222//2032
f 1105//2033 1222//2033 1104//2033
f 1107//2034 1106//2034 1222//2034
f 1108//2035 1222//2035 1109//2035
f 1221//2036 1112//2036 1111//2036
f 1122//2037 1224//2037 1123//2037
f 1121//2038 1224//2038 1122//2038
f 1120//2039 1119//2039 1224//2039
f 1119//2040 1225//2040 1224//2040
f 1225//2041 1118//2041 1116//2041
f 1126//2042 1225//2042 1117//2042
f 1225//2043 1126//2043 1125//2043
f 1125//2044 1124//2044 1224//2044
f 1224//2045 1225//2045 1125//2045
f 1117//2046 1225//2046 1116//2046
f 1119//2047 1118//2047 1225//2047
f 1120//2048 1224//2048 1121//2048
f 1224//2049 1124//2049 1123//2049
f 1132//2050 1226//2050 1133//2050
f 1131//2051 1226//2052 1132//2051
f 1130//2053 1129//2053 1226//2053
f 1128//2054 1228//2054 1227//2055
f 1136//2056 1228//2056 1128//2056
f 1228//2057 1136//2057 1135//2057
f 1135//2058 1226//2059 1228//2059
f 1135//2060 1134//2060 1226//2060
f 1128//2061 1227//2061 1127//2061
f 1129//2062 1127//2062 1227//2062
f 1130//2063 1226//2063 1131//2063
f 1226//2064 1129//2065 1227//2064
f 1226//2066 1134//2066 1133//2066
f 1143//2067 1229//2067 1144//2067
f 1142//2068 1229//2068 1143//2068
f 1142//2069 1230//2069 1229//2069
f 1141//2070 1140//2070 1230//2070
f 1230//2071 1139//2071 1137//2071
f 1147//2072 1231//2072 1148//2072
f 1231//2073 1147//2073 1146//2073
f 1146//2074 1145//2074 1231//2074
f 1138//2075 1148//2075 1231//2075
f 1137//2076 1231//2076 1230//2076
f 1138//2077 1231//2077 1137//2077
f 1140//2078 1139//2078 1230//2078
f 1141//2079 1230//2079 1142//2079
f 1144//2080 1229//2080 1231//2080
f 1231//2081 1145//2081 1144//2081
f 1232//2082 1234//2083 1155//2084
f 1155//2085 1234//2085 1156//2085
f 1154//2086 1232//2086 1155//2086
f 1153//2087 1152//2087 1232//2087
f 1232//2088 1151//2088 1149//2088
f 1233//2089 1232//2089 1149//2089
f 1159//2090 1233//2090 1160//2090
f 1233//2091 1159//2091 1158//2091
f 1233//2092 1158//2092 1234//2092
f 1158//2093 1157//2093 1234//2093
f 1150//2094 1160//2094 1233//2094
f 1150//2095 1233//2095 1149//2095
f 1152//2096 1151//2096 1232//2096
f 1153//2097 1232//2097 1154//2097
f 1234//2098 1157//2098 1156//2098
f 1167//2099 1235//2099 1168//2099
f 1166//2100 1235//2100 1167//2100
f 1165//2101 1164//2101 1236//2101
f 1236//2102 1163//2102 1161//2102
f 1237//2103 1171//2104 1235//2105
f 1171//2106 1237//2106 1172//2106
f 1235//2107 1171//2107 1170//2107
f 1170//2108 1169//2108 1235//2108
f 1162//2109 1172//2109 1237//2109
f 1162//2110 1237//2110 1161//2110
f 1237//2111 1236//2111 1161//2111
f 1164//2112 1163//2112 1236//2112
f 1165//2113 1236//2113 1166//2113
f 1235//2114 1166//2114 1236//2114
f 1235//2115 1169//2115 1168//2115
f 1179//2116 1238//2116 1180//2116
f 1178//2117 1238//2117 1179//2117
f 1177//2118 1176//2118 1239//2118
f 1239//2119 1175//2119 1173//2119
f 1174//2120 1240//2120 1239//2120
f 1182//2121 1240//2121 1183//2121
f 1240//2122 1182//2122 1181//2122
f 1240//2123 1181//2123 1238//2123
f 1181//2124 1180//2124 1238//2124
f 1174//2125 1183//2125 1240//2125
f 1174//2126 1239//2126 1173//2126
f 1176//2127 1175//2127 1239//2127
f 1177//2128 1239//2128 1178//2128
f 1238//2129 1178//2130 1239//2130
f 1190//2131 1241//2131 1191//2131
f 1189//2132 1241//2132 1190//2132
f 1188//2133 1187//2133 1242//2133
f 1242//2134 1186//2134 1184//2134
f 1194//2135 1243//2135 1195//2135
f 1243//2136 1194//2136 1193//2136
f 1243//2137 1193//2137 1241//2137
f 1193//2138 1192//2138 1241//2138
f 1185//2139 1195//2139 1243//2140
f 1185//2141 1243//2141 1184//2141
f 1243//2142 1242//2142 1184//2142
f 1187//2143 1186//2143 1242//2143
f 1188//2144 1242//2144 1189//2144
f 1241//2145 1189//2145 1242//2146
f 1241//2147 1192//2147 1191//2147
f 1202//2148 1245//2148 1203//2148
f 1201//2149 1245//2149 1202//2149
f 1200//2150 1199//2150 1245//2150
f 1244//2151 1198//2151 1196//2151
f 1206//2152 1244//2152 1197//2152
f 1244//2153 1206//2153 1205//2153
f 1205//2154 1204//2154 1245//2154
f 1244//2155 1205//2155 1245//2155
f 1197//2156 1244//2156 1196//2156
f 1199//2157 1198//2157 1244//2157
f 1245//2158 1199//2158 1244//2158
f 1200//2159 1245//2159 1201//2159
f 1245//2160 1204//2160 1203//2160
f 1213//2148 1247//2148 1214//2148
f 1212//2149 1247//2149 1213//2149
f 1211//2150 1210//2150 1247//2150
f 1246//2151 1209//2151 1207//2151
f 1217//2161 1246//2161 1208//2161
f 1246//2162 1217//2162 1216//2162
f 1216//2163 1215//2163 1247//2163
f 1246//2155 1216//2155 1247//2155
f 1208//2164 1246//2164 1207//2164
f 1210//2157 1209//2157 1246//2157
f 1247//2158 1210//2158 1246//2158
f 1211//2159 1247//2159 1212//2159
f 1247//2160 1215//2160 1214//2160
f 1219//2165 1220//2165 1218//2165
f 1221//2166 1222//2166 1223//2166
f 1226//2167 1227//2167 1228//2167
f 1230//2168 1231//2168 1229//2168
f 1234//2169 1232//2169 1233//2169
f 1237//2170 1235//2170 1236//2170
f 1239//2171 1240//2171 1238//2171
f 1242//2172 1243//2172 1241//2172
usemtl Material.003
f 261//142 53//142 83//142
f 49//143 84//143 50//143
f 53//144 51//144 84//144
f 85//145 53//145 84//145
f 88//146 83//146 53//146
f 131//147 89//147 104//147
f 96//148 91//148 93//148
f 97//149 96//149 93//149
f 100//150 99//150 97//150
f 101//151 99//151 100//151
f 99//152 101//152 102//152
f 102//153 241//153 99//153
f 107//154 105//154 106//154
f 108//155 107//155 106//155
f 108//156 106//156 109//156
f 109//157 106//157 111//157
f 110//158 103//158 113//158
f 119//159 118//159 115//159
f 119//160 115//160 125//160
f 120//161 119//161 125//161
f 122//162 121//162 123//162
f 122//163 123//163 124//163
f 125//164 121//164 120//164
f 125//165 126//165 121//165
f 111//166 112//166 109//166
f 112//167 113//167 109//167
f 113//168 103//168 109//168
f 103//169 110//169 104//169
f 133//170 104//170 132//170
f 116//171 132//171 117//171
f 117//172 134//172 116//172
f 158//173 140//173 141//173
f 145//174 129//174 130//174
f 106//175 146//175 145//175
f 147//176 106//176 145//176
f 212//177 106//177 147//177
f 105//178 146//178 106//178
f 90//179 148//179 89//179
f 90//180 149//180 148//180
f 150//181 149//181 90//181
f 90//182 135//182 150//182
f 135//183 90//183 177//183
f 136//184 151//184 137//184
f 141//185 140//185 129//185
f 152//186 136//186 137//186
f 153//187 136//187 152//187
f 153//188 154//188 155//188
f 133//189 132//189 116//189
f 133//190 103//190 104//190
f 110//191 131//191 104//191
f 90//192 89//192 131//192
f 129//193 145//193 146//193
f 130//194 129//194 140//194
f 134//195 158//195 141//195
f 158//196 139//196 138//196
f 159//197 162//197 160//197
f 99//198 240//198 90//198
f 164//199 163//199 171//199
f 172//200 206//200 161//200
f 173//201 171//201 163//201
f 173//202 174//202 171//202
f 212//203 174//203 173//203
f 175//204 212//204 173//204
f 147//205 174//205 212//205
f 167//206 165//206 166//206
f 151//207 176//207 137//207
f 176//208 151//208 177//208
f 178//209 176//209 177//209
f 90//210 178//210 177//210
f 90//211 240//211 178//211
f 179//212 157//212 183//212
f 157//213 179//213 180//213
f 167//214 187//214 165//214
f 184//215 185//215 167//215
f 209//216 156//216 186//216
f 158//217 134//217 142//217
f 155//218 154//218 156//218
f 154//219 153//219 152//219
f 117//220 142//220 134//220
f 185//221 188//221 187//221
f 241//222 181//222 99//222
f 243//223 84//223 255//223
f 195//224 196//224 189//224
f 197//225 198//225 169//225
f 200//226 218//226 80//226
f 80//227 199//227 62//227
f 203//228 170//228 205//228
f 205//229 170//229 172//229
f 126//230 125//230 210//230
f 161//231 160//231 162//231
f 162//232 159//232 138//232
f 139//233 162//233 138//233
f 139//191 158//191 142//191
f 208//191 142//191 117//191
f 208//234 117//234 155//234
f 208//146 156//146 209//146
f 156//235 208//235 155//235
f 166//236 209//236 186//236
f 165//237 209//237 166//237
f 143//238 163//238 164//238
f 144//239 143//239 164//239
f 206//240 143//240 144//240
f 144//241 160//241 206//241
f 206//242 160//242 161//242
f 172//243 128//243 206//243
f 260//244 124//244 211//244
f 127//245 210//245 128//245
f 122//246 120//246 121//246
f 118//247 114//247 115//247
f 212//248 115//248 114//248
f 115//249 212//249 213//249
f 212//250 214//250 213//250
f 215//251 214//251 212//251
f 175//252 215//252 212//252
f 126//253 210//253 127//253
f 207//254 127//254 128//254
f 128//200 172//200 207//200
f 170//255 217//255 207//255
f 217//256 170//256 216//256
f 216//257 219//257 217//257
f 220//258 222//258 221//258
f 223//259 224//259 221//259
f 222//260 223//260 221//260
f 223//261 124//261 224//261
f 223//262 211//262 124//262
f 124//263 225//263 224//263
f 124//264 226//264 225//264
f 124//265 123//265 226//265
f 170//266 207//266 172//266
f 203//267 205//267 227//267
f 227//268 205//268 228//268
f 228//269 204//269 227//269
f 228//270 218//270 204//270
f 229//271 201//271 202//271
f 229//272 202//272 230//272
f 230//273 231//273 229//273
f 233//274 232//274 235//274
f 234//275 236//275 235//275
f 236//276 234//276 260//276
f 260//277 234//277 263//277
f 260//278 211//278 236//278
f 219//279 220//279 221//279
f 216//280 220//280 219//280
f 181//281 179//281 182//281
f 179//282 181//282 180//282
f 181//283 182//283 240//283
f 99//284 181//284 240//284
f 97//285 99//285 96//285
f 95//286 94//286 97//286
f 193//287 194//287 92//287
f 191//288 94//288 95//288
f 194//289 193//289 243//289
f 187//290 188//290 189//290
f 187//214 167//214 185//214
f 168//291 185//291 184//291
f 168//292 184//292 183//292
f 157//293 168//293 183//293
f 239//294 169//294 238//294
f 93//295 95//295 97//295
f 194//296 93//296 91//296
f 194//245 91//245 92//245
f 243//297 98//297 194//297
f 189//298 196//298 190//298
f 244//299 98//299 243//299
f 243//300 245//300 244//300
f 246//301 245//301 243//301
f 243//302 247//302 246//302
f 248//303 249//303 195//303
f 195//304 249//304 196//304
f 196//305 242//305 190//305
f 238//306 190//306 242//306
f 239//307 238//307 242//307
f 189//308 190//308 187//308
f 192//309 189//309 188//309
f 192//310 188//310 191//310
f 191//311 95//311 192//311
f 248//312 250//312 249//312
f 251//313 249//313 250//313
f 250//314 252//314 251//314
f 252//315 253//315 251//315
f 253//316 252//316 247//316
f 243//317 253//317 247//317
f 254//318 253//318 243//318
f 243//319 255//319 254//319
f 59//320 60//320 257//320
f 80//321 62//321 64//321
f 62//322 199//322 259//322
f 80//323 198//323 199//323
f 197//324 199//324 198//324
f 169//325 239//325 197//325
f 204//268 218//268 202//268
f 204//326 202//326 201//326
f 202//327 218//327 200//327
f 200//328 64//328 81//328
f 80//329 64//329 200//329
f 86//330 87//330 53//330
f 88//235 53//235 87//235
f 83//331 260//331 261//331
f 260//332 262//332 261//332
f 260//333 237//333 262//333
f 260//334 263//334 237//334
f 236//335 233//335 235//335
f 232//336 233//336 231//336
f 230//337 232//337 231//337
f 255//338 84//338 57//338
f 259//339 258//339 62//339
f 62//340 258//340 61//340
f 61//341 258//341 60//341
f 60//342 258//342 257//342
f 257//343 256//343 59//343
f 59//344 256//344 57//344
f 57//345 256//345 255//345
f 48//346 57//346 84//346
f 84//347 49//347 48//347
f 51//348 50//348 84//348
f 86//349 53//349 85//349
f 53//350 261//350 54//350
f 261//351 82//351 54//351
f 55//352 54//352 82//352
f 82//353 81//353 55//353
f 64//354 55//354 81//354
f 346//191 290//191 345//191
f 346//191 267//191 290//191
f 352//913 423//913 421//913
f 352//914 424//914 423//914
f 425//915 424//915 352//915
f 425//916 352//916 426//916
f 426//917 352//917 372//917
f 427//918 426//918 372//918
f 372//919 428//919 427//919
f 429//919 428//919 372//919
f 372//920 430//920 429//920
f 430//921 372//921 432//921
f 372//922 420//922 432//922
f 433//923 432//923 420//923
f 420//923 434//923 433//923
f 435//923 434//923 420//923
f 420//924 431//924 435//924
f 420//925 436//925 431//925
f 439//926 436//926 420//926
f 439//927 437//927 436//927
f 439//928 422//928 437//928
f 439//929 438//929 422//929
f 352//930 438//930 439//930
f 421//931 438//931 352//931
f 1065//874 1067//874 1066//874
f 1061//874 1067//874 1065//874
f 1062//874 1067//874 1061//874
f 1063//874 1067//874 1062//874
f 1064//874 1067//874 1063//874
f 1064//874 1048//874 1067//874
f 1056//874 1055//874 1057//874
f 1055//874 1058//874 1057//874
f 1055//874 1059//874 1058//874
f 1055//874 1060//874 1059//874
f 1055//874 1054//874 1060//874
f 1052//874 1054//874 1053//874
f 1049//874 1054//874 1052//874
f 1054//874 1049//874 1050//874
f 1054//874 1050//874 1051//874
f 1060//874 1054//874 1051//874
f 1051//874 1048//874 1064//874
f 1064//874 1060//874 1051//874
f 1043//874 1067//874 1048//874
f 1043//874 1048//874 1047//874
f 1043//874 1047//874 1046//874
f 1043//874 1046//874 1045//874
f 1043//874 1045//874 1044//874
f 1073//1661 1074//1661 1069//1661
f 1073//1661 1069//1661 1070//1661
f 1071//1661 1070//1661 1069//1661
f 1072//1661 1071//1661 1069//1661
f 1072//1661 1069//1661 1091//1661
f 1076//2003 1077//2003 1075//2003
f 1078//1661 1075//1661 1077//1661
f 1075//1661 1078//1661 1079//1661
f 1075//1661 1079//1661 1080//1661
f 1075//1661 1080//1661 1081//1661
f 1086//2004 1081//2004 1085//2004
f 1085//1661 1081//1661 1082//1661
f 1081//1661 1083//1661 1082//1661
f 1083//1661 1081//1661 1084//1661
f 1080//1661 1084//1661 1081//1661
f 1084//1661 1072//1661 1091//1661
f 1072//1661 1084//1661 1080//1661
f 1068//1661 1091//1661 1069//1661
f 1090//1661 1091//1661 1068//1661
f 1089//1661 1090//1661 1068//1661
f 1068//1661 1088//1661 1089//1661
f 1068//1661 1087//1661 1088//1661
usemtl Material.004
f 325//191 323//191 324//191
f 326//191 324//191 323//191
f 326//191 323//191 322//191
f 318//191 317//191 327//191
f 314//191 315//191 316//191
f 329//191 328//191 313//191
f 327//191 313//191 328//191
f 314//191 313//191 317//191
f 317//191 315//191 314//191
f 317//191 313//191 327//191
f 326//191 318//191 327//191
f 319//191 318//191 326//191
f 326//191 322//191 319//191
f 322//191 320//191 319//191
